tmdb_id,tmdb_fetch_status,tmdb_title,tmdb_release_date,tmdb_original_language,tmdb_popularity,tmdb_budget,tmdb_revenue,tmdb_status,tmdb_vote_average,tmdb_vote_count,tmdb_primary_company,tmdb_primary_country
862,ok,Toy Story,1995-11-22,en,22.0209,30000000,401157969,Released,7.972,19785,Pixar,United States of America
8844,ok,Jumanji,1995-12-15,en,3.144,65000000,262821940,Released,7.244,11252,TriStar Pictures,United States of America
15602,ok,Grumpier Old Men,1995-12-22,en,2.4155,25000000,71518503,Released,6.481,426,Lancaster Gate,United States of America
11862,ok,Father of the Bride Part II,1995-12-08,en,3.2446,0,76594107,Released,6.28,802,Touchstone Pictures,United States of America
949,ok,Heat,1995-12-15,en,14.6911,60000000,187400000,Released,7.933,8279,Warner Bros. Pictures,United States of America
11860,ok,Sabrina,1995-12-15,en,4.0012,58000000,53672080,Released,6.218,685,Paramount Pictures,Germany
710,ok,GoldenEye,1995-11-16,en,8.471,60000000,352194034,Released,6.901,4304,EON Productions,United Kingdom
9087,ok,The American President,1995-11-17,en,2.8763,62000000,107879496,Released,6.535,779,Castle Rock Entertainment,United States of America
524,ok,Casino,1995-11-22,en,8.3283,50000000,116112375,Released,7.995,6497,Universal Pictures,France
4584,ok,Sense and Sensibility,1995-12-13,en,6.177,16000000,134582776,Released,7.42,1830,Columbia Pictures,United States of America
5,ok,Four Rooms,1995-12-09,en,3.8276,4000000,4257354,Released,5.898,2824,Miramax,United States of America
9273,ok,Ace Ventura: When Nature Calls,1995-11-10,en,8.2542,30000000,212385533,Released,6.329,4530,Morgan Creek Entertainment,United States of America
8012,ok,Get Shorty,1995-10-20,en,4.0493,30250000,115101622,Released,6.505,1205,Metro-Goldwyn-Mayer,United States of America
1710,ok,Copycat,1995-10-27,en,4.3867,20000000,32000000,Released,6.478,1253,Regency Enterprises,United States of America
12665,ok,Powder,1995-10-27,en,5.1028,9500000,30900000,Released,6.996,710,Hollywood Pictures,United States of America
451,ok,Leaving Las Vegas,1995-10-27,en,4.3981,3600000,49800000,Released,7.254,1637,Initial Productions,France
902,ok,The City of Lost Children,1995-05-17,fr,3.0414,18000000,1738611,Released,7.241,1208,Constellation,France
9909,ok,Dangerous Minds,1995-08-11,en,3.9614,23000000,179519401,Released,6.955,1258,Don Simpson/Jerry Bruckheimer Films,United States of America
63,ok,Twelve Monkeys,1995-12-29,en,8.202,29000000,168841459,Released,7.605,9070,Universal Pictures,United States of America
9598,ok,Babe,1995-07-18,en,6.7938,30000000,254100000,Released,6.266,3098,Universal Pictures,Australia
687,ok,Dead Man Walking,1995-12-29,en,3.9629,11000000,39363635,Released,7.329,1495,Havoc,United States of America
9603,ok,Clueless,1995-07-19,en,8.9077,12000000,56631572,Released,7.251,4777,Paramount Pictures,United States of America
9312,ok,Mortal Kombat,1995-08-18,en,9.1168,18000000,122195920,Released,5.877,2511,New Line Cinema,United States of America
577,ok,To Die For,1995-09-22,en,3.6925,20000000,21300000,Released,6.597,875,Columbia Pictures,United Kingdom
807,ok,Se7en,1995-09-22,en,22.1599,33000000,327311859,Released,8.38,22969,New Line Cinema,United States of America
10530,ok,Pocahontas,1995-06-16,en,6.4523,55000000,346079773,Released,6.9,6047,Walt Disney Feature Animation,United States of America
629,ok,The Usual Suspects,1995-07-19,en,14.6112,6000000,23300000,Released,8.17,11342,Bad Hat Harry Productions,United States of America
11448,ok,Mighty Aphrodite,1995-09-13,en,2.8685,15000000,26000000,Released,6.737,740,Miramax,United States of America
11010,ok,The Postman,1994-09-22,it,2.5103,3000000,33000000,Released,7.917,1213,Esterno Mediterraneo Film,Italy
11359,ok,The Indian in the Cupboard,1995-07-14,en,2.7157,45000000,35700000,Released,6.463,673,Paramount Pictures,United States of America
2054,ok,Mr. Holland's Opus,1995-12-29,en,2.7749,31000000,106300000,Released,6.975,452,Hollywood Pictures,United States of America
9536,ok,Bio-Dome,1996-01-12,en,2.2546,8500000,13400000,Released,4.555,400,Weasel Productions,United States of America
10634,ok,Friday,1995-04-26,en,6.4685,3500000,28215918,Released,7.136,1997,New Line Cinema,United States of America
755,ok,From Dusk Till Dawn,1996-01-19,en,8.0791,19000000,25800000,Released,7.041,6459,Los Hooligans Productions,United States of America
9208,ok,Broken Arrow,1996-02-09,en,5.3077,50000000,150300000,Released,6.064,1655,The Mark Gordon Company,United States of America
13685,ok,Bottle Rocket,1996-02-21,en,3.7193,7000000,1040879,Released,6.7,1184,Gracie Films,United States of America
9614,ok,Happy Gilmore,1996-02-16,en,7.9072,12000000,41422354,Released,6.676,3313,Universal Pictures,United States of America
688,ok,The Bridges of Madison County,1995-06-02,en,5.7757,24000000,182000000,Released,7.706,2360,Malpaso Productions,United States of America
10874,ok,Muppet Treasure Island,1996-02-16,en,2.3089,31000000,34327766,Released,6.703,456,Walt Disney Pictures,United States of America
197,ok,Braveheart,1995-05-24,en,11.2692,72000000,213216216,Released,7.944,11046,The Ladd Company,United States of America
103,ok,Taxi Driver,1976-02-09,en,12.834,1900000,28579636,Released,8.126,13365,Italo/Judeo Productions,United States of America
33542,ok,Rumble in the Bronx,1995-01-21,cn,4.5735,7500000,76028558,Released,6.822,1146,Orange Sky Golden Harvest,Hong Kong
9101,ok,Down Periscope,1996-03-01,en,5.1805,0,37553585,Released,6.388,523,20th Century Fox,United States of America
11000,ok,The Birdcage,1996-03-03,en,4.9944,31000000,185300000,Released,7.06,1349,United Artists,United States of America
9737,ok,Bad Boys,1995-04-07,en,9.8511,19000000,141407024,Released,6.8,6914,Columbia Pictures,United States of America
568,ok,Apollo 13,1995-06-30,en,7.227,52000000,355237933,Released,7.456,5868,Imagine Entertainment,United States of America
11780,ok,Rob Roy,1995-04-13,en,3.1073,28000000,31600000,Released,6.708,704,United Artists,United Kingdom
414,ok,Batman Forever,1995-06-16,en,6.3725,100000000,336529144,Released,5.5,5556,Warner Bros. Pictures,United States of America
8839,ok,Casper,1995-05-26,en,6.742,50000000,287928194,Released,6.338,4906,The Harvey Entertainment Company,United States of America
10329,ok,Congo,1995-06-09,en,4.2036,50000000,152022101,Released,5.599,980,Paramount Pictures,United States of America
8963,ok,Crimson Tide,1995-05-12,en,5.5476,53000000,157387195,Released,7.182,1974,Hollywood Pictures,United States of America
8068,ok,Desperado,1995-08-25,en,6.2808,7000000,25405445,Released,6.935,3116,Columbia Pictures,United States of America
1572,ok,Die Hard: With a Vengeance,1995-05-19,en,6.7538,90000000,366101666,Released,7.28,6627,20th Century Fox,United States of America
6520,ok,First Knight,1995-07-07,en,4.6357,55000000,127600435,Released,6.11,1331,First Knight Productions,United States of America
10428,ok,Hackers,1995-09-14,en,5.3041,20000000,7563728,Released,6.4,1459,Suftley,United States of America
9886,ok,Johnny Mnemonic,1995-05-26,en,3.889,25000000,19075720,Released,5.77,1506,TriStar Pictures,Canada
9482,ok,Judge Dredd,1995-06-30,en,6.1943,90000000,113493481,Released,5.855,2719,Cinergi Pictures,United States of America
9344,ok,Kids,1995-07-21,en,5.7043,1500000,20412216,Released,6.895,1276,The Guys Upstairs,United States of America
2293,ok,Mallrats,1995-10-20,en,3.1095,6000000,2122561,Released,6.76,1371,Gramercy Pictures,United States of America
1642,ok,The Net,1995-07-28,en,3.7033,22000000,110627965,Released,6.038,1510,Columbia Pictures,United States of America
11472,ok,Nine Months,1995-07-12,en,2.6513,35000000,138500000,Released,5.728,705,1492 Pictures,United States of America
10802,ok,Showgirls,1995-09-22,en,7.7893,45000000,20367472,Released,5.578,1373,Chargeurs,United States of America
9348,ok,Species,1995-07-07,en,6.2207,35000000,113400000,Released,5.975,1831,Metro-Goldwyn-Mayer,United States of America
281,ok,Strange Days,1995-10-13,en,3.7237,42000000,7959291,Released,7.008,1528,Lightstorm Entertainment,United States of America
9090,ok,"To Wong Foo, Thanks for Everything! Julie Newmar",1995-09-08,en,4.6268,0,47774193,Released,7.371,762,Amblin Entertainment,United States of America
3512,ok,Under Siege 2: Dark Territory,1995-07-13,en,4.0926,60000000,104324083,Released,5.864,1011,Regency Enterprises,United States of America
9560,ok,A Walk in the Clouds,1995-05-27,en,5.1572,20000000,50012507,Released,7.372,1119,Zucker Brothers Productions,United States of America
9804,ok,Waterworld,1995-07-28,en,7.3048,175000000,264218220,Released,6.226,4053,Gordon Company,United States of America
76,ok,Before Sunrise,1995-01-27,en,8.5388,2500000,5987386,Released,7.974,4654,Castle Rock Entertainment,Austria
11017,ok,Billy Madison,1995-02-10,en,3.3887,10000000,26488734,Released,6.196,1789,Jack Giarraputo Productions,United States of America
2292,ok,Clerks,1994-10-19,en,3.4632,27575,3158707,Released,7.38,2743,View Askew Productions,United States of America
1909,ok,Don Juan DeMarco,1994-10-12,en,2.701,25000000,68792531,Released,6.745,799,American Zoetrope,United States of America
8984,ok,Disclosure,1994-12-09,en,3.9182,55000000,214015089,Released,6.245,1265,Baltimore Pictures,United States of America
4954,ok,Drop Zone,1994-12-08,en,4.118,45000000,62000000,Released,5.711,452,Paramount Pictures,United States of America
11929,ok,Dolores Claiborne,1995-03-24,en,3.5864,13000000,46400000,Released,7.3,868,Castle Rock Entertainment,United States of America
8467,ok,Dumb and Dumber,1994-12-16,en,9.7623,16000000,247275374,Released,6.7,6684,New Line Cinema,United States of America
522,ok,Ed Wood,1994-09-28,en,3.0364,18000000,5900000,Released,7.484,2505,Touchstone Pictures,United States of America
397,ok,French Kiss,1995-05-05,en,2.6335,0,101982854,Released,6.474,793,PolyGram Filmed Entertainment,United Kingdom
10525,ok,Forget Paris,1995-05-19,en,2.4874,0,33177694,Released,6.317,161,Castle Rock Entertainment,United States of America
14275,ok,Hoop Dreams,1994-09-12,en,1.2274,700000,7830611,Released,7.576,330,Fine Line Features,United States of America
1024,ok,Heavenly Creatures,1994-09-12,en,2.8724,5000000,3049135,Released,6.972,1028,WingNut Films,New Zealand
11777,ok,I.Q.,1994-12-24,en,2.2568,25000000,26381221,Released,6.022,488,Paramount Pictures,United States of America
628,ok,Interview with the Vampire,1994-11-11,en,8.1588,60000000,223664608,Released,7.387,6391,Geffen Pictures,United States of America
6280,ok,Junior,1994-11-22,en,2.9851,60000000,108400000,Released,5.186,1629,Northern Lights Entertainment,United States of America
11,ok,Star Wars,1977-05-25,en,26.3686,11000000,775398007,Released,8.2,22219,Lucasfilm Ltd.,United States of America
9587,ok,Little Women,1994-12-21,en,5.8732,18000000,94983123,Released,7.275,1338,Di Novi Pictures,United States of America
19101,ok,A Little Princess,1995-05-10,en,3.1661,17000000,10000000,Released,7.617,1031,Warner Bros. Pictures,United States of America
18183,ok,Like Water for Chocolate,1992-04-16,es,2.3505,2000000,21744201,Released,7.285,553,Aviacsa,Mexico
4476,ok,Legends of the Fall,1994-12-23,en,8.9405,30000000,160638883,Released,7.384,2833,Bedford Falls Productions,United States of America
11318,ok,The Madness of King George,1994-12-28,en,2.2609,0,15238994,Released,6.803,256,The Samuel Goldwyn Company,United Kingdom
3036,ok,Mary Shelley's Frankenstein,1994-11-04,en,2.6887,45000000,112000000,Released,6.446,1360,American Zoetrope,United States of America
8986,ok,Milk Money,1994-08-31,en,2.7546,0,18137661,Released,6.393,305,The Kennedy/Marshall Company,United States of America
10510,ok,Miracle on 34th Street,1994-11-18,en,3.918,0,46264384,Released,6.756,1143,20th Century Fox,United States of America
1945,ok,Nell,1994-12-23,en,2.5445,31000000,106683817,Released,6.548,545,Egg Pictures,United States of America
241,ok,Natural Born Killers,1994-08-26,en,5.6761,34000000,50283563,Released,7.1,3764,Warner Bros. Pictures,United States of America
6950,ok,Outbreak,1995-03-10,en,5.008,50000000,189900000,Released,6.6,2464,Kopelson Entertainment,United States of America
101,ok,Léon: The Professional,1994-09-14,fr,18.2514,16000000,45284974,Released,8.295,16019,Gaumont,France
680,ok,Pulp Fiction,1994-09-10,en,33.3535,8000000,213928762,Released,8.484,30081,Miramax,United States of America
11450,ok,Quiz Show,1994-08-25,en,2.9987,31000000,24822619,Released,7.253,982,Baltimore Pictures,United States of America
12106,ok,The Quick and the Dead,1995-02-09,en,4.7831,35000000,47000000,Released,6.5,1934,TriStar Pictures,United States of America
108,ok,Three Colors: Blue,1993-09-08,fr,3.2029,0,1527572,Released,7.635,1883,MK2 Films,France
109,ok,Three Colors: White,1994-01-26,fr,3.3802,0,1273525,Released,7.447,1318,MK2 Films,France
2636,ok,The Specialist,1994-10-07,en,3.8345,45000000,170362582,Released,5.925,1428,Jerry Weintraub Productions,United States of America
2164,ok,Stargate,1994-10-28,en,6.389,55000000,196567262,Released,7.016,3770,Le Studio Canal+,United States of America
11395,ok,The Santa Clause,1994-11-11,en,3.8587,22000000,189833357,Released,6.519,2283,Walt Disney Pictures,United States of America
278,ok,The Shawshank Redemption,1994-09-23,en,48.1974,25000000,28341469,Released,8.719,30237,Castle Rock Entertainment,United States of America
9905,ok,Shallow Grave,1994-12-22,en,2.7118,2500000,19779614,Released,6.999,1131,The Glasgow Film Fund,United Kingdom
9067,ok,Tank Girl,1995-03-31,en,3.1579,25000000,4064495,Released,5.499,567,Trilogy Entertainment Group,United States of America
193,ok,Star Trek: Generations,1994-11-18,en,2.8735,38000000,118071125,Released,6.519,1476,Paramount Pictures,United States of America
11381,ok,Tommy Boy,1995-03-31,en,3.4485,20000000,32648673,Released,6.808,1046,Paramount Pictures,United States of America
1587,ok,What's Eating Gilbert Grape,1993-12-17,en,5.968,11000000,10000000,Released,7.663,4258,Paramount Pictures,United States of America
2064,ok,While You Were Sleeping,1995-04-21,en,4.5211,17000000,182100000,Released,7.022,1990,Caravan Pictures,United States of America
236,ok,Muriel's Wedding,1994-09-29,en,2.6719,3000000,15119639,Released,6.838,487,CiBy 2000,Australia
3049,ok,Ace Ventura: Pet Detective,1994-02-04,en,9.5023,15000000,107217396,Released,6.577,6350,Morgan Creek Entertainment,United States of America
2759,ok,"The Adventures of Priscilla, Queen of the Desert",1994-08-10,en,3.5296,2000000,29700000,Released,7.263,912,PolyGram Filmed Entertainment,Australia
11382,ok,Bullets Over Broadway,1994-10-14,en,2.5641,20000000,37483747,Released,7.091,667,Miramax,United States of America
9331,ok,Clear and Present Danger,1994-08-03,en,13.2159,62000000,215887717,Released,6.642,1664,Paramount Pictures,United States of America
10731,ok,The Client,1994-07-20,en,5.5274,45000000,117615211,Released,6.686,1365,Alcor Films,United States of America
9495,ok,The Crow,1994-05-11,en,6.1261,23000000,93722164,Released,7.516,4489,Entertainment Media Investment,United States of America
888,ok,The Flintstones,1994-05-27,en,5.6897,46000000,341631208,Released,5.37,2609,Hanna-Barbera Cartoons,United States of America
13,ok,Forrest Gump,1994-06-23,en,30.8685,55000000,677387716,Released,8.464,29628,Paramount Pictures,United States of America
712,ok,Four Weddings and a Funeral,1994-03-09,en,5.5712,4400000,245700832,Released,6.8,2984,PolyGram Filmed Entertainment,United Kingdom
10714,ok,The Jungle Book,1994-12-23,en,3.461,27000000,53508356,Released,5.965,497,Walt Disney Pictures,United States of America
8587,ok,The Lion King,1994-06-15,en,23.4504,45000000,763455561,Released,8.3,19605,Walt Disney Pictures,United States of America
854,ok,The Mask,1994-07-29,en,12.8734,23000000,351583407,Released,6.983,11192,Dark Horse Entertainment,United States of America
9359,ok,Maverick,1994-05-20,en,4.4936,75000000,183031272,Released,6.896,1756,Warner Bros. Pictures,United States of America
36593,ok,Naked Gun 33⅓: The Final Insult,1994-03-18,en,5.353,30000000,132032598,Released,6.505,2498,Paramount Pictures,United States of America
12280,ok,The Paper,1994-03-18,en,3.1615,6000000,48400000,Released,6.601,237,Imagine Entertainment,United States of America
2788,ok,Reality Bites,1994-02-18,en,2.4712,11500000,33351557,Released,6.555,785,Universal Pictures,United States of America
11011,ok,Ri¢hie Ri¢h,1994-12-19,en,5.398,40000000,38087756,Released,5.938,2406,Davis Entertainment,United States of America
8987,ok,The River Wild,1994-09-30,en,3.4791,45000000,94216343,Released,6.452,951,The Turman-Foster Company,United States of America
1637,ok,Speed,1994-06-09,en,7.9841,30000000,350448145,Released,7.15,6799,20th Century Fox,United States of America
8831,ok,Timecop,1994-09-15,en,3.6856,28000000,128953581,Released,6.01,1307,Renaissance Pictures,United States of America
36955,ok,True Lies,1994-07-15,en,7.2627,115000000,378900000,Released,7.094,4536,Lightstorm Entertainment,United States of America
12160,ok,Wyatt Earp,1994-06-24,en,4.0731,63000000,25052000,Released,6.779,928,Paragon Entertainment Corp.,United States of America
2758,ok,Addams Family Values,1993-11-19,en,5.4757,47000000,48919043,Released,6.972,3289,Scott Rudin Productions,United States of America
13595,ok,Airheads,1994-08-05,en,3.0615,15000000,5751882,Released,6.172,813,Robert Simonds Productions,United States of America
11041,ok,The Beverly Hillbillies,1993-10-15,en,4.1123,25000000,57405220,Released,6.302,584,20th Century Fox,United States of America
306,ok,Beverly Hills Cop III,1994-05-24,en,3.3218,50000000,119208989,Released,5.9,2110,Eddie Murphy Productions,United States of America
6075,ok,Carlito's Way,1993-11-10,en,5.332,30000000,63848322,Released,7.831,3443,Universal Pictures,United States of America
11310,ok,City Slickers II: The Legend of Curly's Gold,1994-06-10,en,1.4645,40000000,72000000,Released,5.309,343,Castle Rock Entertainment,United States of America
9350,ok,Cliffhanger,1993-05-28,en,5.186,70000000,255000211,Released,6.515,2614,Carolco Pictures,France
9612,ok,Coneheads,1993-07-23,en,4.9555,33000000,21274717,Released,5.473,1022,Paramount Pictures,United States of America
11566,ok,Dave,1993-05-07,en,3.1373,28000000,92000000,Released,6.65,831,Donner/Shuler-Donner Productions,United States of America
9571,ok,Dazed and Confused,1993-09-24,en,5.3251,6900000,8259076,Released,7.319,2246,Gramercy Pictures,United States of America
9739,ok,Demolition Man,1993-10-08,en,8.5928,57000000,159055768,Released,6.753,4072,Silver Pictures,United States of America
37233,ok,The Firm,1993-06-30,en,4.8965,42000000,270248367,Released,6.738,2288,Mirage Enterprises,United States of America
1634,ok,Free Willy,1993-07-16,en,4.1954,20000000,153698625,Released,6.192,1962,Donner/Shuler-Donner Productions,United States of America
5503,ok,The Fugitive,1993-08-06,en,7.2964,44000000,353808222,Released,7.5,4759,Warner Bros. Pictures,United States of America
9255,ok,Hot Shots! Part Deux,1993-05-21,en,5.5766,25000000,133752825,Released,6.543,2047,Sidley Wright & Associates,United States of America
10612,ok,The Englishman Who Went Up a Hill But Came Down a Mountain,1995-05-12,en,1.7728,0,0,Released,6.322,315,Miramax,United Kingdom
11934,ok,The Hudsucker Proxy,1994-03-11,en,3.1293,25000000,2800000,Released,7.071,1179,Warner Bros. Pictures,United Kingdom
9386,ok,In the Line of Fire,1993-07-08,en,4.2824,40000000,177000000,Released,7.0,1793,Castle Rock Entertainment,United States of America
7984,ok,In the Name of the Father,1993-12-27,en,3.615,13000000,65796862,Released,7.892,1960,Hell's Kitchen,Ireland
329,ok,Jurassic Park,1993-06-11,en,8.3008,63000000,920100000,Released,8.0,17765,Universal Pictures,United States of America
9593,ok,Last Action Hero,1993-06-18,en,6.1398,85000000,137298489,Released,6.5,2972,Oak Productions,United States of America
2320,ok,Executive Decision,1996-03-15,en,5.0227,55000000,121969216,Released,6.343,1027,Silver Pictures,United States of America
11971,ok,Much Ado About Nothing,1993-05-07,en,3.2773,11000000,22600000,Released,6.952,805,Renaissance Films,United Kingdom
788,ok,Mrs. Doubtfire,1993-11-24,en,9.6839,25000000,441286195,Released,7.196,6586,20th Century Fox,United States of America
9800,ok,Philadelphia,1993-12-22,en,4.3615,26000000,206678440,Released,7.715,4609,TriStar Pictures,United States of America
713,ok,The Piano,1993-05-18,en,4.1728,7000000,40200000,Released,7.38,1636,CiBy 2000,Australia
1245,ok,The Remains of the Day,1993-11-05,en,3.3994,11500000,23240144,Released,7.362,1493,Columbia Pictures,United Kingdom
5550,ok,RoboCop 3,1993-01-21,en,4.801,22000000,10696210,Released,4.909,1438,Orion Pictures,United States of America
8005,ok,Robin Hood: Men in Tights,1993-07-28,en,5.4981,20000000,35739755,Released,6.589,2264,Gaumont,United States of America
14534,ok,Rudy,1993-09-17,en,3.9297,12000000,22800000,Released,7.34,748,TriStar Pictures,United States of America
424,ok,Schindler's List,1993-12-15,en,27.601,22000000,321365567,Released,8.568,17379,Amblin Entertainment,United States of America
14291,ok,Searching for Bobby Fischer,1993-08-13,en,7.4758,12000000,7266383,Released,7.064,635,Mirage Enterprises,United States of America
11236,ok,The Secret Garden,1993-08-13,en,3.6758,18000000,40000000,Released,7.427,971,Warner Bros. Pictures,United States of America
858,ok,Sleepless in Seattle,1993-06-24,en,4.3749,21000000,227799884,Released,6.74,2567,TriStar Pictures,United States of America
78,ok,Blade Runner,1982-06-25,en,14.4172,28000000,41722424,Released,7.938,14910,Shaw Brothers,United States of America
10442,ok,So I Married an Axe Murderer,1993-07-30,en,2.755,20000000,11585483,Released,6.114,474,TriStar Pictures,United States of America
9607,ok,Super Mario Bros.,1993-05-28,en,5.594,48000000,20929518,Released,4.5,1441,Hollywood Pictures,United Kingdom
9479,ok,The Nightmare Before Christmas,1993-10-09,en,9.6846,18000000,75634409,Released,7.83,10287,Touchstone Pictures,United States of America
10057,ok,The Three Musketeers,1993-11-11,en,4.7462,30000000,111898845,Released,6.398,1053,Walt Disney Pictures,United States of America
11969,ok,Tombstone,1993-12-25,en,8.1191,25000000,73205065,Released,7.6,2432,Cinergi Pictures,United States of America
319,ok,True Romance,1993-09-09,en,6.3608,12500000,12600000,Released,7.536,3036,Morgan Creek Entertainment,United States of America
11446,ok,Welcome to the Dollhouse,1996-03-22,en,2.1175,800000,5034794,Released,7.078,500,Suburban Pictures,United States of America
9066,ok,The Brady Bunch Movie,1995-02-16,en,2.4374,12000000,46576136,Released,6.109,313,Paramount Pictures,United States of America
771,ok,Home Alone,1990-11-16,en,0.8496,18000000,476684675,Released,7.464,12449,Hughes Entertainment,United States of America
251,ok,Ghost,1990-07-13,en,10.4004,22000000,505000000,Released,7.233,5990,Paramount Pictures,United States of America
812,ok,Aladdin,1992-11-25,en,18.0627,28000000,504050219,Released,7.654,11969,Walt Disney Feature Animation,United States of America
280,ok,Terminator 2: Judgment Day,1991-07-03,en,23.8263,102000000,517778573,Released,8.145,14178,Carolco Pictures,France
581,ok,Dances with Wolves,1990-03-30,en,12.3386,22000000,424208848,Released,7.838,4660,Tig Productions,United Kingdom
268,ok,Batman,1989-06-21,en,9.0701,35000000,411348924,Released,7.231,8522,Warner Bros. Pictures,United States of America
274,ok,The Silence of the Lambs,1991-02-14,en,5.3193,19000000,272742922,Released,8.345,17887,Orion Pictures,United States of America
408,ok,Snow White and the Seven Dwarfs,1938-01-14,en,10.2313,1488423,184925486,Released,7.123,7961,Walt Disney Productions,United States of America
10020,ok,Beauty and the Beast,1991-10-22,en,12.4111,25000000,424967620,Released,7.726,10625,Silver Screen Partners IV,United States of America
10895,ok,Pinocchio,1940-02-23,en,10.5975,2600000,164000000,Released,7.108,6223,Walt Disney Productions,United States of America
114,ok,Pretty Woman,1990-03-23,en,9.7739,14000000,463406268,Released,7.4,8943,Touchstone Pictures,United States of America
275,ok,Fargo,1996-03-08,en,8.037,7000000,60611975,Released,7.8,9041,PolyGram Filmed Entertainment,United Kingdom
11827,ok,Heavy Metal,1981-08-07,en,3.0366,9300000,20118654,Released,6.511,776,Canadian Film Development Corporation,Canada
10112,ok,The Aristocats,1970-12-24,en,9.123,4000000,191000000,Released,7.3,5344,Walt Disney Productions,United States of America
1592,ok,Primal Fear,1996-04-03,en,9.421,30000000,102616183,Released,7.7,3881,Paramount Pictures,United States of America
9099,ok,Sgt. Bilko,1996-03-29,en,2.4717,39000000,37956793,Released,5.897,392,Imagine Entertainment,United States of America
10684,ok,Courage Under Fire,1996-07-04,en,3.0386,46000000,100900000,Released,6.544,1038,Davis Entertainment,United States of America
954,ok,Mission: Impossible,1996-05-22,en,11.397,80000000,457696391,Released,7.024,9929,Paramount Pictures,United States of America
8840,ok,DragonHeart,1996-05-31,en,3.4895,57000000,115267375,Released,6.55,2136,Universal Pictures,United States of America
10539,ok,James and the Giant Peach,1996-04-12,en,3.4211,38000000,28946127,Released,6.591,1423,Allied Filmmakers,United States of America
3065,ok,Mystery Science Theater 3000: The Movie,1996-04-19,en,0.9486,5000000,1007306,Released,6.533,228,Gramercy Pictures,United States of America
2300,ok,Space Jam,1996-11-15,en,6.9118,80000000,250200000,Released,6.808,6384,Warner Bros. Family Entertainment,United States of America
10990,ok,Mulholland Falls,1996-04-26,en,2.8554,29000000,11500000,Released,6.008,324,Metro-Goldwyn-Mayer,United States of America
8866,ok,The Truth About Cats & Dogs,1996-04-26,en,1.8859,0,3407,Released,6.082,343,Noon Attack Pictures,United States of America
9304,ok,Multiplicity,1996-07-19,en,3.0549,45000000,21075014,Released,5.822,598,Columbia Pictures,United States of America
503475,ok,Wallace & Gromit: The Best of Aardman Animation,1996-06-14,en,0.4084,0,0,Released,7.6,5,Northern Arts Entertainment,United Kingdom
9100,ok,The Craft,1996-05-03,en,7.1354,15000000,24800000,Released,6.773,2035,Columbia Pictures,United States of America
9802,ok,The Rock,1996-06-07,en,8.8915,75000000,335062621,Released,7.143,5165,Don Simpson/Jerry Bruckheimer Films,United States of America
664,ok,Twister,1996-05-10,en,7.6881,92000000,494471524,Released,6.6,3823,Warner Bros. Pictures,United States of America
11867,ok,Barb Wire,1996-05-02,en,3.4154,9000000,3793614,Released,4.132,484,PolyGram Filmed Entertainment,United States of America
9323,ok,Ghost in the Shell,1995-11-18,ja,8.2417,3000000,10000000,Released,7.922,3852,Bandai Visual,Japan
10535,ok,Spy Hard,1996-05-24,en,3.7355,18000000,26960191,Released,5.4,759,Hollywood Pictures,United States of America
532,ok,A Close Shave,1996-03-07,en,2.0689,0,4638,Released,7.58,924,Aardman,United Kingdom
10547,ok,The Arrival,1996-05-31,en,3.3464,25000000,14063331,Released,6.028,826,Live Entertainment,Mexico
935,ok,Dr. Strangelove or: How I Learned to Stop Worrying and Love the Bomb,1964-01-29,en,5.5063,1800000,9500000,Released,8.122,6121,Hawk Films,United Kingdom
9879,ok,Striptease,1996-06-28,en,4.9245,50000000,113309743,Released,5.549,1171,Castle Rock Entertainment,United States of America
627,ok,Trainspotting,1996-02-23,en,7.9647,4000000,71981823,Released,7.959,10352,Figment Films,United Kingdom
602,ok,Independence Day,1996-06-25,en,10.596,75000000,817400891,Released,6.904,10354,20th Century Fox,United States of America
10545,ok,The Hunchback of Notre Dame,1996-06-21,en,7.3998,100000000,325300000,Released,7.125,5337,Walt Disney Pictures,United States of America
9894,ok,The Cable Guy,1996-06-10,en,5.1936,47000000,102825796,Released,5.995,2655,Columbia Pictures,United States of America
11543,ok,Kingpin,1996-07-04,en,3.0633,27000000,25023434,Released,6.541,973,Motion Picture Corporation of America,United States of America
9268,ok,Eraser,1996-06-21,en,4.8676,100000000,242295562,Released,6.088,2010,Kopelson Entertainment,Canada
9327,ok,The Nutty Professor,1996-06-28,en,4.2854,54000000,128769345,Released,5.64,3104,Universal Pictures,United States of America
10779,ok,The Frighteners,1996-07-19,en,3.9684,30000000,29359216,Released,6.925,1715,WingNut Films,New Zealand
9294,ok,Phenomenon,1996-07-05,en,4.2997,32000000,152000000,Released,6.48,1325,Touchstone Pictures,United States of America
1645,ok,A Time to Kill,1996-07-24,en,5.961,40000000,152266007,Released,7.391,2930,Regency Enterprises,United States of America
2925,ok,The First Wives Club,1996-09-20,en,4.1503,26000000,116400000,Released,6.708,818,Scott Rudin Productions,United States of America
3595,ok,Ransom,1996-11-08,en,5.2252,80000000,309492681,Released,6.684,2067,Touchstone Pictures,United States of America
10830,ok,Matilda,1996-08-02,en,13.2145,36000000,33500000,Released,7.174,4782,Jersey Films,United States of America
3573,ok,Emma,1996-08-02,en,3.1071,6000000,22231658,Released,6.615,669,Miramax,United States of America
10061,ok,Escape from L.A.,1996-08-09,en,4.9418,50000000,42277365,Released,5.877,1593,Paramount Pictures,United States of America
10478,ok,Tin Cup,1996-08-16,en,3.2606,45000000,53854588,Released,6.065,581,Regency Enterprises,United States of America
238,ok,The Godfather,1972-03-14,en,39.9109,6000000,245066411,Released,8.686,22833,Paramount Pictures,United States of America
9303,ok,Bound,1996-09-13,en,7.7381,4500000,7011317,Released,7.219,1076,The De Laurentiis Company,United States of America
9306,ok,The Island of Dr. Moreau,1996-08-23,en,2.8413,40000000,49627779,Released,4.904,560,New Line Cinema,United States of America
981,ok,The Philadelphia Story,1940-12-05,en,2.9399,914000,3300000,Released,7.586,972,Metro-Goldwyn-Mayer,United States of America
872,ok,Singin' in the Rain,1952-04-10,en,6.5742,2540800,7200000,Released,8.133,3485,Metro-Goldwyn-Mayer,United States of America
164,ok,Breakfast at Tiffany's,1961-10-06,en,6.1085,2500000,9500000,Released,7.624,4463,Paramount Pictures,United States of America
426,ok,Vertigo,1958-05-09,en,7.2073,2479000,7808900,Released,8.145,6300,Paramount Pictures,United States of America
567,ok,Rear Window,1954-08-01,en,9.5116,1000000,37042336,Released,8.339,7123,Alfred J. Hitchcock Productions,United States of America
213,ok,North by Northwest,1959-08-06,en,4.7589,4000000,13275000,Released,7.966,4492,Metro-Goldwyn-Mayer,United States of America
284,ok,The Apartment,1960-06-21,en,6.0661,3000000,25000000,Released,8.189,2628,The Mirisch Company,United States of America
239,ok,Some Like It Hot,1959-03-19,en,6.8254,2900000,25000000,Released,8.1,3852,The Mirisch Company,United States of America
289,ok,Casablanca,1943-01-15,en,7.964,878000,10462500,Released,8.142,6015,Warner Bros. Pictures,United States of America
963,ok,The Maltese Falcon,1941-10-18,en,3.9544,375000,1772000,Released,7.704,1867,Warner Bros. Pictures,United States of America
11113,ok,My Fair Lady,1964-12-01,en,3.6238,17000000,72661442,Released,7.506,1420,Warner Bros. Pictures,United States of America
6620,ok,Sabrina,1954-09-01,en,4.9966,2239000,10000000,Released,7.514,1352,Paramount Pictures,United States of America
804,ok,Roman Holiday,1953-08-26,en,6.3279,1500000,12000000,Released,7.891,2251,Paramount Pictures,United States of America
630,ok,The Wizard of Oz,1939-08-15,en,13.6176,2777000,33754967,Released,7.586,6087,Metro-Goldwyn-Mayer,United States of America
770,ok,Gone with the Wind,1939-12-15,en,10.3528,4000000,402352579,Released,7.9,4362,Selznick International Pictures,United States of America
599,ok,Sunset Boulevard,1950-08-10,en,9.5781,1752000,5000000,Released,8.28,2917,Paramount Pictures,United States of America
15,ok,Citizen Kane,1941-04-17,en,7.5326,839727,23218000,Released,7.977,6020,Mercury Productions,United States of America
62,ok,2001: A Space Odyssey,1968-04-02,en,16.3482,12000000,71923560,Released,8.053,12520,Stanley Kubrick Productions,United Kingdom
705,ok,All About Eve,1950-11-09,en,3.6475,1400000,8402553,Released,8.1,1686,20th Century Fox,United States of America
303,ok,Notorious,1946-08-21,en,3.3983,2000000,24500000,Released,7.7,1740,RKO Radio Pictures,United States of America
381,ok,To Catch a Thief,1955-08-03,en,3.7799,2500000,8750000,Released,7.268,1659,Paramount Pictures,United States of America
1585,ok,It's a Wonderful Life,1946-12-20,en,10.9691,3180000,9644124,Released,8.281,4869,Liberty Films,United States of America
10331,ok,Night of the Living Dead,1968-10-04,en,4.1451,114000,30236452,Released,7.613,2709,Image Ten,United States of America
488,ok,The African Queen,1951-12-26,en,2.8479,1000000,10750000,Released,7.366,1051,Romulus Films,United Kingdom
6878,ok,Homeward Bound: The Incredible Journey,1993-02-03,en,3.8021,24000000,57333324,Released,6.989,1112,Touchwood Pacific Partners 1,United States of America
864,ok,Cool Runnings,1993-10-01,en,4.1235,14000000,154856263,Released,7.011,2273,Walt Disney Pictures,United States of America
24795,ok,Angels in the Outfield,1994-07-15,en,2.6113,31000000,50236831,Released,6.0,474,Caravan Pictures,United States of America
11224,ok,Cinderella,1950-02-22,en,12.1366,2900000,263600000,Released,7.042,7123,Walt Disney Productions,United States of America
9078,ok,The Sword in the Stone,1963-12-25,en,4.626,3000000,22200000,Released,7.22,4084,Walt Disney Productions,United States of America
8367,ok,Robin Hood: Prince of Thieves,1991-06-14,en,5.426,48000000,390493908,Released,6.856,3564,Morgan Creek Entertainment,United States of America
433,ok,Mary Poppins,1964-12-17,en,7.8672,4650000,103100000,Released,7.543,4987,Walt Disney Productions,United States of America
11360,ok,Dumbo,1941-10-31,en,6.4891,812000,1600000,Released,7.0,5270,Walt Disney Productions,United States of America
12335,ok,Bedknobs and Broomsticks,1971-10-07,en,3.5077,20000000,17900000,Released,7.031,1024,Walt Disney Productions,United States of America
12092,ok,Alice in Wonderland,1951-07-28,en,10.6481,3000000,57200000,Released,7.2,6248,Walt Disney Productions,United States of America
10948,ok,The Fox and the Hound,1981-07-10,en,5.7814,12000000,29800000,Released,7.137,3457,Walt Disney Productions,United States of America
15121,ok,The Sound of Music,1965-03-29,en,8.9616,8200000,286214286,Released,7.732,3608,Robert Wise Productions,United States of America
562,ok,Die Hard,1988-07-15,en,11.2392,28000000,140767956,Released,7.81,12209,Gordon Company,United States of America
10163,ok,The Lawnmower Man,1992-03-05,en,2.6248,10000000,32100816,Released,5.6,837,Allied Vision,United States of America
9591,ok,That Thing You Do!,1996-10-04,en,3.0753,26000000,34585416,Released,6.873,914,Clinica Estetico,United States of America
11412,ok,The Long Kiss Goodnight,1996-10-11,en,3.9644,65000000,89456761,Released,6.587,1333,The Steve Tisch Company,United States of America
10586,ok,The Ghost and the Darkness,1996-10-11,en,3.5107,50000000,38619405,Released,6.822,1136,Paramount Pictures,Germany
454,ok,Romeo + Juliet,1996-11-01,en,7.938,14500000,147298761,Released,6.779,5331,20th Century Fox,Australia
10218,ok,Swingers,1996-10-18,en,2.8542,200000,4505922,Released,6.861,803,Miramax,United States of America
819,ok,Sleepers,1996-10-18,en,8.2638,44000000,165600000,Released,7.603,3832,Propaganda Films,United States of America
252,ok,Willy Wonka & the Chocolate Factory,1971-06-29,en,6.5521,3000000,4000000,Released,7.482,3931,Wolper Pictures,United States of America
11561,ok,Sleeper,1973-12-17,en,2.5299,2000000,18344729,Released,6.874,839,United Artists,United States of America
623,ok,A Fish Called Wanda,1988-07-15,en,4.0543,7500000,188593712,Released,7.205,2411,Prominent Features,United Kingdom
583,ok,Life of Brian,1979-08-17,en,4.8471,4000000,20833252,Released,7.76,4897,Handmade Films,United Kingdom
475,ok,Bonnie and Clyde,1967-08-13,en,5.1492,2500000,70000000,Released,7.495,1781,Tatira-Hiller Productions,United States of America
521,ok,Dial M for Murder,1954-05-29,en,3.5445,1400000,3000000,Released,8.002,2841,Warner Bros. Pictures,United States of America
88,ok,Dirty Dancing,1987-08-21,en,8.3582,6000000,214577242,Released,7.326,6486,Great American Films Limited Partnership,United States of America
500,ok,Reservoir Dogs,1992-09-02,en,12.4625,1200000,2859750,Released,8.114,15383,Live Entertainment,United States of America
792,ok,Platoon,1986-12-19,en,8.2402,6000000,138530565,Released,7.744,5070,Hemdale Film Corporation,United Kingdom
8491,ok,Weekend at Bernie's,1989-07-05,en,3.3135,6500000,30218387,Released,6.412,1126,Gladden Entertainment,United States of America
402,ok,Basic Instinct,1992-03-20,en,10.0117,49000000,352927224,Released,6.9,4345,Carolco Pictures,United States of America
10537,ok,The Doors,1991-03-01,en,3.9194,38000000,34416893,Released,7.111,1588,Carolco Pictures,United States of America
11386,ok,The Crying Game,1992-09-02,en,2.9858,3705538,62548947,Released,6.849,844,Palace Pictures,United Kingdom
601,ok,E.T. the Extra-Terrestrial,1982-06-11,en,11.8418,10500000,797307407,Released,7.513,11951,Universal Pictures,United States of America
744,ok,Top Gun,1986-05-16,en,18.029,15000000,356830601,Released,7.061,9483,Paramount Pictures,United States of America
702,ok,A Streetcar Named Desire,1951-09-18,en,3.4772,1800000,8000000,Released,7.619,1469,Charles K. Feldman Group,United States of America
1630,ok,The People vs. Larry Flynt,1996-12-25,en,3.1388,36000000,20300385,Released,6.975,1244,Columbia Pictures,United States of America
11843,ok,The Return of the Pink Panther,1975-05-21,en,2.5912,5000000,41833347,Released,6.786,675,Jewel Productions,United Kingdom
2756,ok,The Abyss,1989-08-09,en,7.3174,43000000,90000098,Released,7.346,3403,20th Century Fox,United States of America
1103,ok,Escape from New York,1981-05-23,en,5.1212,6000000,50244700,Released,7.048,3494,AVCO Embassy Pictures,United Kingdom
762,ok,Monty Python and the Holy Grail,1975-04-03,en,6.3571,400000,5763644,Released,7.804,6368,Python (Monty) Pictures,United Kingdom
531,ok,The Wrong Trousers,1993-12-17,en,2.7993,832000,0,Released,7.8,1147,Aardman,United Kingdom
11216,ok,Cinema Paradiso,1988-11-17,it,11.1017,5000000,35962062,Released,8.427,4806,Cristaldifilm,Italy
892,ok,Delicatessen,1991-04-17,fr,2.3789,4000000,1794187,Released,7.315,1617,Constellation,France
18129,ok,The Grifters,1990-08-08,en,2.3226,0,13446769,Released,6.505,468,Cineplex-Odeon Films,Canada
409,ok,The English Patient,1996-11-14,en,4.7786,27000000,231976425,Released,7.148,2379,Miramax,United Kingdom
1412,ok,"sex, lies, and videotape",1989-08-04,en,24.2163,1200000,24741667,Released,6.94,1024,Outlaw Productions,United States of America
10409,ok,Strictly Ballroom,1992-08-20,en,1.5408,3000000,33946224,Released,6.571,375,Beyond Films,Australia
510,ok,One Flew Over the Cuckoo's Nest,1975-11-19,en,13.1891,3000000,108981275,Released,8.412,11388,Fantasy Films,United States of America
1891,ok,The Empire Strikes Back,1980-05-20,en,12.9438,18000000,538400000,Released,8.4,18320,Lucasfilm Ltd.,United States of America
2493,ok,The Princess Bride,1987-09-25,en,11.2704,16000000,30900000,Released,7.699,5065,The Princess Bride,United States of America
85,ok,Raiders of the Lost Ark,1981-06-12,en,13.8961,18000000,389925971,Released,7.923,13572,Paramount Pictures,United States of America
68,ok,Brazil,1985-02-20,en,5.294,15000000,9953708,Released,7.667,3675,Embassy International Pictures,United Kingdom
679,ok,Aliens,1986-07-18,en,14.3866,18500000,183316455,Released,7.963,10778,SLM Production Group,United States of America
429,ok,"The Good, the Bad and the Ugly",1966-12-23,it,21.7382,1200000,38900000,Released,8.468,9584,United Artists,United States of America
389,ok,12 Angry Men,1957-04-10,en,21.5875,397751,4360000,Released,8.56,9932,Orion-Nova Productions,United States of America
947,ok,Lawrence of Arabia,1962-12-11,en,7.2337,15000000,70000000,Released,7.997,3397,Horizon Pictures,United Kingdom
185,ok,A Clockwork Orange,1971-10-28,en,11.4908,2200000,27033812,Released,8.179,13771,Polaris Productions Limited,United Kingdom
595,ok,To Kill a Mockingbird,1962-12-20,en,5.8509,2000000,13129846,Released,7.997,2844,Pakula-Mulligan,United States of America
28,ok,Apocalypse Now,1979-05-19,en,14.3458,31500000,150000000,Released,8.268,9034,American Zoetrope,United States of America
1892,ok,Return of the Jedi,1983-05-25,en,8.4374,32350000,572700000,Released,7.907,16854,Lucasfilm Ltd.,United States of America
1092,ok,The Third Man,1949-08-31,en,3.5472,0,1226098,Released,7.902,2087,London Films Productions,United Kingdom
769,ok,GoodFellas,1990-09-12,en,27.8408,25000000,47072327,Released,8.453,14262,Winkler Films,United States of America
348,ok,Alien,1979-05-25,en,22.6232,11000000,104931801,Released,8.17,16264,Brandywine Productions,United States of America
766,ok,Army of Darkness,1992-10-31,en,5.5267,11000000,21502976,Released,7.263,3494,Renaissance Pictures,United States of America
539,ok,Psycho,1960-06-22,en,16.7462,1999,2007,Released,8.414,10947,Shamley Productions,United States of America
525,ok,The Blues Brothers,1980-06-16,en,5.3537,27000000,115229890,Released,7.717,4547,Universal Pictures,United States of America
240,ok,The Godfather Part II,1974-12-20,en,25.4571,13000000,102600000,Released,8.571,13843,Paramount Pictures,United States of America
600,ok,Full Metal Jacket,1987-06-26,en,10.9408,30000000,46357676,Released,8.119,11391,Natant,United Kingdom
530,ok,A Grand Day Out,1990-05-18,en,2.2555,17300,40118,Released,7.482,990,Aardman,United Kingdom
279,ok,Amadeus,1984-09-19,en,8.1719,18000000,90007557,Released,8.023,4732,The Saul Zaentz Company,United States of America
1578,ok,Raging Bull,1980-11-14,en,6.4426,18000000,23380203,Released,7.904,4735,United Artists,United States of America
703,ok,Annie Hall,1977-04-19,en,4.9961,4000000,43989445,Released,7.734,4220,Jack Rollins & Charles H. Joffe Productions,United States of America
9549,ok,The Right Stuff,1983-10-20,en,4.0757,27000000,21500000,Released,7.409,958,The Ladd Company,United States of America
387,ok,Das Boot,1981-09-17,de,6.3337,14000000,85000000,Released,8.082,2492,Radiant Film,Germany
9277,ok,The Sting,1973-12-25,en,6.7372,5500000,159616327,Released,8.016,2953,Universal Pictures,United States of America
343,ok,Harold and Maude,1971-12-20,en,2.5198,1200000,0,Released,7.601,1199,Paramount Pictures,United States of America
218,ok,The Terminator,1984-10-26,en,18.3811,6400000,78371200,Released,7.679,14508,Hemdale,United Kingdom
9665,ok,Glory,1989-12-15,en,5.4967,18000000,26800000,Released,7.476,1797,Freddie Fields Productions,United States of America
696,ok,Manhattan,1979-04-25,en,3.0695,9000000,40194067,Released,7.719,2606,United Artists,United States of America
379,ok,Miller's Crossing,1990-09-21,en,3.8115,14000000,5080409,Released,7.452,1831,Circle Films,United States of America
207,ok,Dead Poets Society,1989-06-02,en,14.5139,16400000,235860116,Released,8.3,12524,A Steven Haft Production,United States of America
37247,ok,The Graduate,1967-12-21,en,5.7967,3000000,104945305,Released,7.633,3655,AVCO Embassy Pictures,United States of America
9322,ok,Nikita,1990-02-21,fr,4.1975,6000000,5018604,Released,7.108,2145,Gaumont,France
826,ok,The Bridge on the River Kwai,1957-10-11,en,3.7332,2800000,44908000,Released,7.8,2358,Horizon Pictures,United Kingdom
829,ok,Chinatown,1974-06-20,en,6.3378,6000000,30000000,Released,7.91,4235,Paramount Pictures,United States of America
828,ok,The Day the Earth Stood Still,1951-09-18,en,3.1378,995000,1850000,Released,7.461,1231,20th Century Fox,United States of America
3063,ok,Duck Soup,1933-11-12,en,2.2158,0,0,Released,7.319,855,Paramount Pictures,United States of America
13667,ok,Better Off Dead...,1985-08-23,en,2.5902,3500000,10297601,Released,6.582,547,A&M Films,United States of America
694,ok,The Shining,1980-05-23,en,13.7078,19000000,44781695,Released,8.2,18839,Warner Bros. Pictures,United Kingdom
235,ok,Stand by Me,1986-08-08,en,8.7924,8000000,52289686,Released,7.838,6481,Act III Productions,United States of America
765,ok,Evil Dead II,1987-03-13,en,6.2868,3500000,10900000,Released,7.544,3453,Rosebud Releasing Corporation,United States of America
5925,ok,The Great Escape,1963-07-03,en,6.4259,4000000,11700000,Released,7.926,2825,The Mirisch Company,United States of America
11778,ok,The Deer Hunter,1978-12-08,en,7.2894,15000000,49000000,Released,7.975,4213,Universal Pictures,United Kingdom
137,ok,Groundhog Day,1993-02-11,en,7.8786,14600000,71108778,Released,7.628,8839,Columbia Pictures,United States of America
33,ok,Unforgiven,1992-08-07,en,8.2005,14400000,159157447,Released,7.906,4919,Warner Bros. Pictures,United States of America
982,ok,The Manchurian Candidate,1962-10-24,en,3.2432,2200000,7700000,Released,7.514,802,MC Productions,United States of America
212,ok,Arsenic and Old Lace,1944-09-01,en,2.529,1120175,0,Released,7.6,1037,Warner Bros. Pictures,United States of America
105,ok,Back to the Future,1985-07-03,en,21.3315,19000000,381109762,Released,8.325,21691,Universal Pictures,United States of America
1633,ok,Fried Green Tomatoes,1991-12-27,en,5.5453,11000000,119418501,Released,7.7,1462,Universal Pictures,United States of America
11202,ok,Patton,1970-01-25,en,3.6284,12000000,89800000,Released,7.465,1207,20th Century Fox,United States of America
149,ok,Akira,1988-06-10,ja,10.1462,5700000,49000000,Released,7.9,4739,MBS,Japan
8009,ok,Highlander,1986-03-07,en,8.7293,19000000,12900000,Released,6.862,2889,Davis-Panzer Productions,United Kingdom
903,ok,Cool Hand Luke,1967-11-01,en,6.6578,3200000,16217773,Released,7.743,1606,Warner Bros.-Seven Arts,United States of America
3034,ok,Young Frankenstein,1974-12-15,en,5.8312,2800000,86273333,Released,7.853,3377,Crossbow Productions,United States of America
756,ok,Fantasia,1940-11-13,en,4.8104,2280000,76411819,Released,7.34,3303,Walt Disney Productions,United States of America
2640,ok,Heathers,1989-03-31,en,4.439,3000000,1166207,Released,7.271,1858,New World Pictures,United States of America
665,ok,Ben-Hur,1959-11-18,en,10.0002,15000000,164000000,Released,7.885,3119,Metro-Goldwyn-Mayer,United States of America
11031,ok,This Is Spinal Tap,1984-03-02,en,3.0171,2500000,6051884,Released,7.418,1621,Spinal Tap Prod.,United States of America
89,ok,Indiana Jones and the Last Crusade,1989-05-24,en,8.87,48000000,474171806,Released,7.851,11011,Paramount Pictures,United States of America
10322,ok,Being There,1979-12-19,en,2.839,0,30177511,Released,7.593,1121,Northstar Media,United States of America
783,ok,Gandhi,1982-12-01,en,5.5358,22000000,77737889,Released,7.562,2495,Goldcrest,India
14370,ok,Real Genius,1985-08-07,en,3.227,8000000,12952019,Released,6.649,494,Tri-Star-Delphi III Productions,United States of America
12104,ok,Pink Floyd: The Wall,1982-07-14,en,3.4619,12000000,22244207,Released,7.93,1630,Goldcrest,United Kingdom
625,ok,The Killing Fields,1984-11-23,en,2.7683,14400000,34700291,Released,7.465,823,Goldcrest,United Kingdom
2323,ok,Field of Dreams,1989-04-21,en,4.6393,15000000,84431625,Released,7.112,1657,Universal Pictures,United States of America
642,ok,Butch Cassidy and the Sundance Kid,1969-09-23,en,4.0879,6000000,102308889,Released,7.613,2447,Campanile Productions,United States of America
639,ok,When Harry Met Sally...,1989-07-12,en,6.2519,16000000,92823546,Released,7.403,4565,Castle Rock Entertainment,United States of America
8077,ok,Alien³,1992-05-22,en,7.1774,50000000,159773545,Released,6.4,6322,20th Century Fox,United States of America
814,ok,An American Werewolf in London,1981-08-21,en,4.3032,10000000,31973249,Released,7.395,2684,Lyncanthrope Films,United Kingdom
571,ok,The Birds,1963-03-28,en,4.4804,2500000,11500000,Released,7.515,4448,Alfred J. Hitchcock Productions,United States of America
6114,ok,Bram Stoker's Dracula,1992-11-13,en,10.0791,40000000,215862692,Released,7.449,5730,American Zoetrope,United States of America
1598,ok,Cape Fear,1991-11-13,en,6.1462,35000000,182300000,Released,7.261,3833,Amblin Entertainment,United States of America
7340,ok,Carrie,1976-11-03,en,6.6284,1800000,33800000,Released,7.332,4274,United Artists,United States of America
377,ok,A Nightmare on Elm Street,1984-11-09,en,10.1629,1800000,57004513,Released,7.345,5689,New Line Cinema,United States of America
794,ok,The Omen,1976-06-25,en,4.9193,2800000,60922980,Released,7.4,2373,Mace Neufeld Productions,United States of America
199,ok,Star Trek: First Contact,1996-11-22,en,3.9715,46000000,146027888,Released,7.297,1941,Paramount Pictures,United States of America
7863,ok,Shine,1996-08-15,en,2.5569,5500000,35892330,Released,7.365,706,Fine Line Features,Australia
12498,ok,Sling Blade,1996-08-30,en,3.0605,1200000,34100000,Released,7.544,859,Miramax,United States of America
11674,ok,101 Dalmatians,1996-11-27,en,8.1915,54000000,320689294,Released,5.942,3618,Great Oaks Entertainment,United Kingdom
1573,ok,Die Hard 2,1990-07-03,en,7.3815,70000000,240031094,Released,6.972,6369,Gordon Company,United States of America
152,ok,Star Trek: The Motion Picture,1979-12-07,en,4.5399,44000000,139346243,Released,6.483,1917,Paramount Pictures,United States of America
174,ok,Star Trek VI: The Undiscovered Country,1991-12-06,en,3.0498,27000000,96888996,Released,7.041,1410,Paramount Pictures,United States of America
172,ok,Star Trek V: The Final Frontier,1989-06-09,en,3.9748,33000000,63000000,Released,5.7,1298,Paramount Pictures,United States of America
154,ok,Star Trek II: The Wrath of Khan,1982-06-04,en,3.6024,12000000,96594943,Released,7.448,2116,Paramount Pictures,United States of America
157,ok,Star Trek III: The Search for Spock,1984-06-01,en,2.6648,18000000,87000000,Released,6.586,1506,Paramount Pictures,United States of America
168,ok,Star Trek IV: The Voyage Home,1986-11-26,en,4.4555,21000000,133000000,Released,7.175,1642,Paramount Pictures,United States of America
364,ok,Batman Returns,1992-06-19,en,7.7204,80000000,280000000,Released,6.947,7052,Warner Bros. Pictures,United States of America
11967,ok,Young Guns,1988-08-12,en,5.629,13000000,44700000,Released,6.677,1025,Morgan Creek Entertainment,United States of America
621,ok,Grease,1978-06-16,en,10.367,6000000,396271103,Released,7.371,7644,Paramount Pictures,United States of America
8845,ok,Under Siege,1992-10-08,en,4.6715,35000000,156563139,Released,6.309,1710,Regency Enterprises,France
578,ok,Jaws,1975-06-20,en,15.1623,7000000,470653000,Released,7.682,11474,The Zanuck/Brown Company,United States of America
75,ok,Mars Attacks!,1996-12-13,en,6.6613,70000000,101371017,Released,6.423,5850,Warner Bros. Pictures,United States of America
9390,ok,Jerry Maguire,1996-12-13,en,7.6929,50000000,273600000,Released,6.983,3681,TriStar Pictures,United States of America
378,ok,Raising Arizona,1987-03-13,en,3.6406,6000000,29180280,Released,7.053,2318,Circle Films,United States of America
2322,ok,Sneakers,1992-09-09,en,6.7743,23000000,105232691,Released,6.915,1047,Universal Pictures,United States of America
3179,ok,Beavis and Butt-Head Do America,1996-12-20,en,2.3605,12000000,63118386,Released,6.643,776,Paramount Pictures,United States of America
4232,ok,Scream,1996-12-20,en,14.1384,14000000,173046663,Released,7.43,7886,Dimension Films,United States of America
9361,ok,The Last of the Mohicans,1992-08-26,en,7.4644,40000000,75505856,Released,7.4,3397,Morgan Creek Entertainment,United States of America
2928,ok,Michael,1996-12-25,en,6.3803,20000000,119700000,Released,5.718,681,Alphaville Films,United States of America
9404,ok,Police Story 4: First Strike,1996-02-10,cn,3.8086,1500000,53168876,Released,6.489,532,Orange Sky Golden Harvest,Hong Kong
9619,ok,Dante's Peak,1997-02-07,en,4.8365,116000000,178127760,Released,6.225,2054,Pacific Western,United States of America
16448,ok,Waiting for Guffman,1997-01-31,en,2.0064,4000000,2900000,Released,7.024,272,Pale Morning Dun,United States of America
9366,ok,Donnie Brasco,1997-02-27,en,8.0408,35000000,124909762,Released,7.539,4832,Mark Johnson Productions,United States of America
9403,ok,Private Parts,1997-03-07,en,3.3359,28000000,41200000,Released,6.487,376,Rysher Entertainment,United States of America
10003,ok,The Saint,1997-04-03,en,3.2973,68000000,118100000,Released,6.103,1234,Paramount Pictures,United States of America
1624,ok,Liar Liar,1997-03-21,en,6.5142,45000000,302710615,Released,6.708,6192,Universal Pictures,United States of America
9360,ok,Anaconda,1997-04-11,en,6.6122,45000000,136885767,Released,5.269,2782,St. Tropez Films,Brazil
9434,ok,Grosse Pointe Blank,1997-04-11,en,3.1369,15000000,31100000,Released,6.966,1018,Caravan Pictures,United States of America
9611,ok,Romy and Michele's High School Reunion,1997-04-25,en,2.7579,20000000,29235353,Released,6.241,583,Touchstone Pictures,United States of America
816,ok,Austin Powers: International Man of Mystery,1997-05-02,en,5.6561,16500000,67711748,Released,6.594,3765,New Line Cinema,Germany
18,ok,The Fifth Element,1997-05-02,fr,12.6331,90000000,263920180,Released,7.566,11618,Gaumont,France
330,ok,The Lost World: Jurassic Park,1997-05-23,en,0.6184,73000000,618638999,Released,6.6,9183,Universal Pictures,United States of America
1701,ok,Con Air,1997-06-05,en,8.119,75000000,224012234,Released,6.77,4656,Touchstone Pictures,United States of America
415,ok,Batman & Robin,1997-06-20,en,9.4395,125000000,238207122,Released,4.391,5379,Warner Bros. Pictures,United States of America
11970,ok,Hercules,1997-06-13,en,13.9509,85000000,252712101,Released,7.491,7889,Walt Disney Feature Animation,United States of America
8874,ok,My Best Friend's Wedding,1997-06-19,en,2.8161,38000000,299288605,Released,6.563,2873,Zucker Brothers Productions,United States of America
754,ok,Face/Off,1997-06-27,en,8.8455,80000000,245700000,Released,7.1,5851,WCG Entertainment Productions,United States of America
607,ok,Men in Black,1997-07-02,en,13.1572,90000000,589390539,Released,7.22,14765,Columbia Pictures,United States of America
686,ok,Contact,1997-07-11,en,8.774,90000000,171120329,Released,7.441,4956,South Side Amusement Company,United States of America
4421,ok,G.I. Jane,1997-08-19,en,5.3949,50000000,48169156,Released,6.468,1835,Caravan Pictures,United Kingdom
9387,ok,Conan the Barbarian,1982-03-16,en,6.5589,20000000,68851475,Released,6.803,2771,The De Laurentiis Company,United States of America
10603,ok,George of the Jungle,1997-07-15,en,6.3097,55000000,174463257,Released,5.659,2239,Mandeville Films,United States of America
8413,ok,Event Horizon,1997-08-15,en,6.949,60000000,26700000,Released,6.6,3250,Impact Pictures,United Kingdom
10336,ok,Spawn,1997-07-31,en,4.3873,40000000,87840042,Released,5.434,1468,New Line Cinema,United States of America
8834,ok,Conspiracy Theory,1997-08-08,en,3.6788,75000000,137000000,Released,6.62,1625,Silver Pictures,United States of America
9772,ok,Air Force One,1997-07-25,en,5.7474,85000000,315200000,Released,6.472,3292,Radiant Productions,United States of America
1669,ok,The Hunt for Red October,1990-03-02,en,6.6527,30000000,200512643,Released,7.382,3601,Paramount Pictures,United States of America
10806,ok,In & Out,1997-09-10,en,2.8861,35000000,63900000,Released,6.46,741,Paramount Pictures,United States of America
6623,ok,The Peacemaker,1997-09-26,en,3.8762,50000000,110463140,Released,6.048,1114,DreamWorks Pictures,United States of America
2118,ok,L.A. Confidential,1997-09-19,en,8.1182,35000000,126216940,Released,7.8,5505,Regency Enterprises,United States of America
2649,ok,The Game,1997-09-12,en,8.1241,50000000,109423648,Released,7.571,7284,PolyGram Filmed Entertainment,United States of America
2255,ok,Chasing Amy,1997-04-04,en,3.4169,250000,12021272,Released,6.762,1531,View Askew Productions,United States of America
9427,ok,The Full Monty,1997-08-13,en,3.2793,3500000,257850122,Released,6.992,1780,Redwave Films,United Kingdom
3597,ok,I Know What You Did Last Summer,1997-10-17,en,5.7066,17000000,125586134,Released,6.002,3240,Mandalay Entertainment,United States of America
1813,ok,The Devil's Advocate,1997-10-17,en,13.8847,57000000,153000000,Released,7.469,6735,Monarchy Enterprises B.V.,Germany
782,ok,Gattaca,1997-07-09,en,8.876,36000000,12532777,Released,7.565,6889,Jersey Films,United States of America
10890,ok,Stripes,1981-06-26,en,4.1834,10000000,85297000,Released,6.568,1027,Columbia Pictures,United States of America
4995,ok,Boogie Nights,1997-10-07,en,7.2722,15000000,43101594,Released,7.63,3537,New Line Cinema,United States of America
9281,ok,Witness,1985-02-08,en,3.967,12000000,116107459,Released,7.1,1875,Paramount Pictures,United States of America
563,ok,Starship Troopers,1997-11-07,en,8.1206,105000000,121214377,Released,7.1,5444,TriStar Pictures,United States of America
10215,ok,Sliding Doors,1998-04-23,en,3.6796,6000000,58809149,Released,6.566,1409,Intermedia Films,United Kingdom
37165,ok,The Truman Show,1998-06-04,en,16.9822,60000000,264118712,Released,8.151,20094,Paramount Pictures,United States of America
9444,ok,Anastasia,1997-11-20,en,8.253,53000000,139804348,Released,7.608,5596,Fox Animation Studios,United States of America
8078,ok,Alien Resurrection,1997-11-12,en,9.2049,70000000,162000000,Released,6.2,5512,20th Century Fox,United States of America
489,ok,Good Will Hunting,1997-12-05,en,14.6266,10000000,225933435,Released,8.161,13756,Lawrence Bender Productions,United States of America
8197,ok,Midnight in the Garden of Good and Evil,1997-11-21,en,2.2272,35000000,25100000,Released,6.352,625,Warner Bros. Pictures,United States of America
4233,ok,Scream 2,1997-12-12,en,8.1997,24000000,172363301,Released,6.5,4697,Dimension Films,United States of America
597,ok,Titanic,1997-12-18,en,31.3919,200000000,2264162353,Released,7.902,27060,Paramount Pictures,United States of America
714,ok,Tomorrow Never Dies,1997-12-11,en,6.0951,110000000,333011068,Released,6.378,3421,EON Productions,United Kingdom
184,ok,Jackie Brown,1997-12-25,en,5.7899,12000000,74727492,Released,7.357,6904,Miramax,United States of America
115,ok,The Big Lebowski,1998-03-06,en,9.629,15000000,47010480,Released,7.84,12114,PolyGram Filmed Entertainment,United Kingdom
586,ok,Wag the Dog,1997-12-25,en,3.5248,15000000,64256513,Released,6.942,1052,New Line Cinema,United States of America
2666,ok,Dark City,1998-02-27,en,5.1116,27000000,27200000,Released,7.3,3170,New Line Cinema,Australia
11003,ok,The Wedding Singer,1998-02-13,en,3.6405,18000000,123306987,Released,6.773,1905,Robert Simonds Productions,United States of America
10153,ok,Sphere,1998-02-13,en,3.8952,80000000,37020277,Released,6.129,1798,Warner Bros. Pictures,United States of America
2898,ok,As Good as It Gets,1997-12-19,en,5.0515,50000000,314178011,Released,7.402,4102,TriStar Pictures,United States of America
11808,ok,U.S. Marshals,1998-03-06,en,4.8639,60000000,102367405,Released,6.538,1784,Kopelson Entertainment,United States of America
9313,ok,The Man in the Iron Mask,1998-03-12,en,5.2371,35000000,183000000,Released,6.648,4110,United Artists,United States of America
617,ok,Wild Things,1998-03-20,en,5.9703,20000000,67200000,Released,6.373,1963,Mandalay Entertainment,United States of America
2157,ok,Lost in Space,1998-04-03,en,6.3795,80000000,136159423,Released,5.4,1306,Saltire Entertainment,United States of America
8656,ok,Deep Impact,1998-05-08,en,6.4311,75000000,349464664,Released,6.232,3290,Paramount Pictures,United States of America
929,ok,Godzilla,1998-05-20,en,6.3913,130000000,379014294,Released,5.649,4205,TriStar Pictures,United States of America
9452,ok,Bulworth,1998-05-15,en,2.804,30000000,29202884,Released,6.3,267,20th Century Fox,United States of America
1878,ok,Fear and Loathing in Las Vegas,1998-05-22,en,5.0233,18500000,10700000,Released,7.207,4996,Summit Entertainment,United States of America
10674,ok,Mulan,1998-06-18,en,15.1827,90000000,304320254,Released,7.9,10365,Walt Disney Feature Animation,United States of America
846,ok,The X-Files,1998-06-19,en,5.1828,66000000,189198313,Released,6.903,1790,Ten Thirteen Productions,United States of America
3050,ok,Doctor Dolittle,1998-06-26,en,5.3669,71000000,294500000,Released,5.717,3270,20th Century Fox,United States of America
1389,ok,Out of Sight,1998-06-26,en,4.5069,48000000,77745966,Released,6.684,1399,Universal Pictures,United States of America
95,ok,Armageddon,1998-07-01,en,8.9562,140000000,553799566,Released,6.83,8526,Touchstone Pictures,United States of America
944,ok,Lethal Weapon 4,1998-07-10,en,4.7366,140000000,285444603,Released,6.604,2921,Silver Pictures,United States of America
473,ok,Pi,1998-07-10,en,3.5159,60000,3221152,Released,7.119,2473,Harvest Filmworks,United States of America
544,ok,There's Something About Mary,1998-07-15,en,6.9451,23000000,369900000,Released,6.629,5314,20th Century Fox,United States of America
654,ok,On the Waterfront,1954-06-22,en,3.4526,910000,9600631,Released,7.873,1764,Columbia Pictures,United States of America
1725,ok,West Side Story,1961-12-13,en,3.1852,6000000,43700000,Released,7.231,2029,Seven Arts Productions,United States of America
3116,ok,Midnight Cowboy,1969-05-25,en,3.454,3600000,44785053,Released,7.519,1585,Florin Productions,United States of America
1051,ok,The French Connection,1971-10-09,en,4.4014,1800000,41200000,Released,7.5,2115,D'Antoni Productions,United States of America
1366,ok,Rocky,1976-12-03,en,11.5355,1000000,117253345,Released,7.795,8564,Winkler Films,United States of America
11050,ok,Terms of Endearment,1983-11-20,en,3.5371,8000000,108423749,Released,7.127,822,Paramount Pictures,United States of America
746,ok,The Last Emperor,1987-10-04,en,4.6691,23800000,44000000,Released,7.581,1909,Soprofilms,China
380,ok,Rain Man,1988-12-12,en,7.8501,25000000,354825435,Released,7.751,7058,United Artists,United States of America
403,ok,Driving Miss Daisy,1989-12-13,en,3.6722,7500000,145793296,Released,7.235,1769,Warner Bros. Pictures,United States of America
13820,ok,Repo Man,1984-03-02,en,2.3899,1500000,2300000,Released,6.666,666,Edge City Productions,United States of America
13597,ok,Labyrinth,1986-06-27,en,7.4946,25000000,12729917,Released,7.275,2719,Henson Associates,United Kingdom
2108,ok,The Breakfast Club,1985-02-15,en,7.5999,1000000,51530442,Released,7.7,8502,Universal Pictures,United States of America
948,ok,Halloween,1978-10-24,en,13.4149,325000,70260597,Released,7.556,6146,Compass International Pictures,United States of America
609,ok,Poltergeist,1982-06-04,en,6.0299,10700000,121733131,Released,7.156,3307,Metro-Goldwyn-Mayer,United States of America
9552,ok,The Exorcist,1973-12-26,en,12.0353,12000000,441306145,Released,7.742,8588,Hoya Productions,United States of America
941,ok,Lethal Weapon,1987-03-06,en,7.5404,15000000,120207127,Released,7.292,5011,Silver Pictures,United States of America
942,ok,Lethal Weapon 2,1989-07-07,en,5.7218,25000000,227853986,Released,7.034,3721,Silver Pictures,United States of America
943,ok,Lethal Weapon 3,1992-05-15,en,4.7008,35000000,321731527,Released,6.714,3213,Silver Pictures,United States of America
927,ok,Gremlins,1984-06-08,en,7.942,11000000,153083102,Released,7.142,6949,Amblin Entertainment,United States of America
9340,ok,The Goonies,1985-06-07,en,11.959,19000000,69649283,Released,7.516,6200,Amblin Entertainment,United States of America
9342,ok,The Mask of Zorro,1998-07-16,en,6.0675,95000000,250288523,Released,6.582,4312,TriStar Pictures,United States of America
19,ok,Metropolis,1927-01-10,de,4.8088,5300000,1350322,Released,8.09,3078,UFA,Germany
165,ok,Back to the Future Part II,1989-11-22,en,9.22,40000000,332000000,Released,7.8,13857,Universal Pictures,United States of America
196,ok,Back to the Future Part III,1990-05-25,en,7.2136,40000000,244527583,Released,7.492,11463,Universal Pictures,United States of America
551,ok,The Poseidon Adventure,1972-12-01,en,4.2969,5000000,84563118,Released,7.137,998,Kent Productions,United States of America
3170,ok,Bambi,1942-08-14,en,6.9187,858000,267447150,Released,7.01,6001,Walt Disney Productions,United States of America
346,ok,Seven Samurai,1954-04-26,ja,21.3963,2000000,105000000,Released,8.45,4207,TOHO,Japan
859,ok,Dangerous Liaisons,1988-12-21,en,4.934,14000000,34670720,Released,7.19,1262,Lorimar Film Entertainment,United States of America
841,ok,Dune,1984-12-14,en,8.3524,40000000,31502434,Released,6.182,3400,The De Laurentiis Company,United States of America
242,ok,The Godfather Part III,1990-12-25,en,10.7874,54000000,136766062,Released,7.42,6817,Paramount Pictures,United States of America
857,ok,Saving Private Ryan,1998-07-24,en,15.6938,70000000,481840909,Released,8.223,17122,DreamWorks Pictures,United States of America
10122,ok,Flight of the Navigator,1986-07-30,en,3.2165,9000000,18564613,Released,6.959,937,New Star Entertainment,United States of America
10439,ok,Hocus Pocus,1993-07-16,en,6.8038,28000000,51663767,Released,7.038,3276,Walt Disney Pictures,United States of America
11158,ok,"Honey, I Blew Up the Kid",1992-07-16,en,2.7731,40000000,58662452,Released,5.278,1271,Walt Disney Pictures,United States of America
9354,ok,"Honey, I Shrunk the Kids",1989-06-23,en,4.0476,18000000,222724172,Released,6.318,3309,Walt Disney Pictures,United States of America
9631,ok,The Negotiator,1998-07-29,en,6.1444,50000000,44547681,Released,7.109,2360,Regency Enterprises,Germany
1779,ok,Roger & Me,1989-09-01,en,0.9182,160000,6706368,Released,7.093,317,Dog Eat Dog Films,United States of America
907,ok,Doctor Zhivago,1965-12-22,en,4.9362,11000000,111858363,Released,7.55,1261,Metro-Goldwyn-Mayer,Italy
793,ok,Blue Velvet,1986-09-19,en,6.5991,6000000,8636706,Released,7.607,3803,DEG,United States of America
9325,ok,The Jungle Book,1967-10-18,en,7.7742,4000000,378000000,Released,7.278,6643,Walt Disney Productions,United States of America
10340,ok,Lady and the Tramp,1955-06-22,en,6.4908,4000000,36359037,Released,7.1,5622,Walt Disney Productions,United States of America
10144,ok,The Little Mermaid,1989-11-17,en,12.1899,40000000,211343479,Released,7.4,8372,Silver Screen Partners IV,United States of America
10414,ok,The Mighty Ducks,1992-10-02,en,3.3186,10000000,50752337,Released,6.577,972,Avnet/Kerner Productions,United States of America
12230,ok,One Hundred and One Dalmatians,1961-01-25,en,6.5717,3600000,303000000,Released,7.173,6647,Walt Disney Productions,United States of America
10693,ok,Peter Pan,1953-02-05,en,8.9651,4000000,87400000,Released,7.189,5722,Walt Disney Productions,United States of America
10249,ok,The Rocketeer,1991-06-21,en,3.3407,42000000,46704056,Released,6.468,1034,Walt Disney Pictures,United States of America
10882,ok,Sleeping Beauty,1959-02-17,en,10.0303,6000000,51600000,Released,6.941,5456,Walt Disney Productions,United States of America
2619,ok,Splash,1984-03-09,en,5.1419,8000000,69800000,Released,6.261,1477,Touchstone Pictures,United States of America
97,ok,Tron,1982-07-09,en,5.3641,17000000,33002371,Released,6.6,2725,Lisberger/Kushner Productions,United States of America
2107,ok,L.A. Story,1991-02-08,en,2.2661,0,28900000,Released,6.51,381,L.A. Films,United States of America
6471,ok,The Jerk,1979-12-14,en,2.2411,4000000,100000000,Released,6.9,897,Universal Pictures,United States of America
87,ok,Indiana Jones and the Temple of Doom,1984-05-23,en,8.9676,28000000,333000000,Released,7.308,10070,Paramount Pictures,United States of America
2907,ok,The Addams Family,1991-11-22,en,6.7012,30000000,191502426,Released,7.067,5019,Paramount Pictures,United States of America
9454,ok,EverAfter,1998-07-31,en,4.2074,26000000,98005666,Released,7.43,1555,20th Century Fox,United States of America
14367,ok,Adventures in Babysitting,1987-07-01,en,3.7275,7000000,34368475,Released,6.852,746,Silver Screen Partners III,United States of America
11814,ok,Weird Science,1985-08-01,en,5.0671,7500000,38934048,Released,6.545,1535,Universal Pictures,United States of America
15171,ok,Charlotte's Web,1973-03-01,en,1.6905,0,5232000,Released,6.842,406,Hanna-Barbera Cartoons,United States of America
11704,ok,The Secret of NIMH,1982-06-17,en,3.1536,7000000,14665733,Released,7.5,933,United Artists,United States of America
11639,ok,The Dark Crystal,1982-12-17,en,4.1629,15000000,44626631,Released,7.136,1246,ITC Entertainment,United Kingdom
15144,ok,Sixteen Candles,1984-05-04,en,4.7692,6500000,23686027,Released,6.757,2203,Universal Pictures,United States of America
11522,ok,Pretty in Pink,1986-02-28,en,4.5144,9000000,40471663,Released,6.696,1198,Paramount Pictures,United States of America
8393,ok,The Gods Must Be Crazy,1980-09-10,en,6.8124,5000000,200000000,Released,7.256,1304,CAT Films,South Africa
805,ok,Rosemary's Baby,1968-06-12,en,5.8171,3200000,33395426,Released,7.819,4347,William Castle Productions,United States of America
34584,ok,The NeverEnding Story,1984-04-06,de,6.8356,27000000,20158808,Released,7.218,4355,Constantin Film,Germany
36647,ok,Blade,1998-08-21,en,11.1906,45000000,131183530,Released,6.8,6652,New Line Cinema,United States of America
4011,ok,Beetlejuice,1988-03-30,en,8.9968,15000000,84554197,Released,7.369,8408,Geffen Pictures,United States of America
845,ok,Strangers on a Train,1951-06-27,en,3.1197,1200000,7000000,Released,7.667,1868,Warner Bros. Pictures,United States of America
847,ok,Willow,1988-05-20,en,5.7918,35000000,57300000,Released,7.0,2147,Metro-Goldwyn-Mayer,United States of America
117,ok,The Untouchables,1987-06-03,en,6.773,25000000,76270454,Released,7.755,6138,Paramount Pictures,United States of America
10220,ok,Rounders,1998-09-11,en,4.5907,12000000,22912409,Released,7.0,1915,Miramax,United States of America
431,ok,Cube,1998-07-11,en,3.8764,257899,8969065,Released,6.819,5186,Cube Libre,Canada
12626,ok,Broadcast News,1987-12-16,en,2.6655,20000000,67330500,Released,6.766,461,Amercent Films,United States of America
3525,ok,Working Girl,1988-12-20,en,3.8603,28000000,103173635,Released,6.606,1050,20th Century Fox,United States of America
2028,ok,Say Anything...,1989-04-14,en,6.285,16000000,20036737,Released,7.013,1097,Gracie Films,United States of America
11597,ok,Toys,1992-12-18,en,2.7279,50000000,23278931,Released,5.292,583,20th Century Fox,United States of America
881,ok,A Few Good Men,1992-12-11,en,7.1901,40000000,243240178,Released,7.5,4118,David Brown Productions,United States of America
2109,ok,Rush Hour,1998-09-18,en,13.1031,33000000,244721064,Released,7.1,5610,New Line Cinema,United States of America
8195,ok,Ronin,1998-09-25,en,4.7553,55000000,70692101,Released,6.961,2647,United Artists,United Kingdom
1091,ok,The Thing,1982-06-25,en,12.0465,15000000,19629760,Released,8.07,7865,Universal Pictures,United States of America
10403,ok,The Player,1992-05-08,en,5.5687,8000000,21706101,Released,7.194,942,Avenue Pictures,United States of America
162,ok,Edward Scissorhands,1990-12-07,en,10.5039,20000000,86024005,Released,7.72,13717,20th Century Fox,United States of America
8916,ok,Antz,1998-10-02,en,6.0797,60000000,171757863,Released,6.182,4717,Pacific Data Images,United States of America
30197,ok,The Producers,1968-03-18,en,2.8343,947000,0,Released,7.066,896,Crossbow Productions,United States of America
10377,ok,My Cousin Vinny,1992-03-13,en,4.7641,11000000,64088552,Released,7.501,1863,Palo Vista Productions,United States of America
2657,ok,Pleasantville,1998-09-17,en,3.9338,60000000,49800000,Released,7.269,1861,New Line Cinema,United States of America
637,ok,Life Is Beautiful,1997-12-20,it,13.3889,20000000,230098753,Released,8.439,13939,Mario e Vittorio Cecchi Gori - C.E.I.A.D.,Italy
73,ok,American History X,1998-07-01,en,10.759,20000000,23900000,Released,8.327,12505,New Line Cinema,United States of America
10663,ok,The Waterboy,1998-11-06,en,3.9307,23000000,185991646,Released,6.055,2006,Touchstone Pictures,United States of America
4518,ok,Elizabeth,1998-09-13,en,4.2983,30000000,82150642,Released,7.165,1497,PolyGram Filmed Entertainment,United Kingdom
297,ok,Meet Joe Black,1998-11-12,en,9.6592,90000000,142940100,Released,7.358,5712,Universal Pictures,United States of America
12560,ok,The Big Chill,1983-09-30,en,2.8544,8000000,56342711,Released,6.842,649,Carson Productions,United States of America
9798,ok,Enemy of the State,1998-11-20,en,5.2669,90000000,250649836,Released,7.062,4224,Touchstone Pictures,United Kingdom
9487,ok,A Bug's Life,1998-11-25,en,10.6768,80000000,363258859,Released,6.974,9687,Pixar,United States of America
10162,ok,Waking Ned,1998-11-20,en,1.6867,3000000,43515982,Released,7.062,338,Tomboy Films,France
244,ok,King Kong,1933-04-07,en,4.7995,672000,10001781,Released,7.596,1606,RKO Radio Pictures,United States of America
8130,ok,Desperately Seeking Susan,1985-03-29,en,2.4682,4500000,27399597,Released,6.071,503,Orion Pictures,United States of America
9749,ok,Fletch,1985-05-31,en,3.3836,8000000,59612888,Released,6.749,762,Universal Pictures,United States of America
10466,ok,The Money Pit,1986-03-26,en,3.9685,10000000,54999651,Released,6.511,1230,Amblin Entertainment,United States of America
707,ok,A View to a Kill,1985-05-24,en,4.7446,30000000,152427960,Released,6.249,2185,EON Productions,United Kingdom
9336,ok,Police Academy,1984-03-22,en,7.5904,4500000,81198894,Released,6.7,2973,The Ladd Company,United States of America
9447,ok,Babe: Pig in the City,1998-11-25,en,3.562,90000000,69100000,Released,5.67,1319,Kennedy Miller Productions,Australia
10223,ok,A Simple Plan,1998-12-11,en,3.4902,17000000,16316273,Released,7.212,1069,Paramount Pictures,United States of America
200,ok,Star Trek: Insurrection,1998-12-11,en,3.7729,70000000,112587658,Released,6.444,1340,Paramount Pictures,United States of America
9837,ok,The Prince of Egypt,1998-12-16,en,9.0723,70000000,218613188,Released,7.305,4280,DreamWorks Pictures,United States of America
11545,ok,Rushmore,1998-12-11,en,3.8942,9000000,17096053,Released,7.398,2711,Touchstone Pictures,United States of America
1934,ok,Shakespeare in Love,1998-12-11,en,4.2275,25000000,289317794,Released,6.836,3195,Miramax,United States of America
1368,ok,First Blood,1982-10-22,en,11.424,15000000,125212904,Released,7.505,6846,Carolco Pictures,United States of America
10303,ok,The Jewel of the Nile,1985-08-01,en,3.4267,25000000,96800000,Released,6.2,1266,SLM Production Group,United States of America
9326,ok,Romancing the Stone,1984-03-30,en,4.7339,10000000,86572238,Released,6.8,2028,SLM Production Group,United States of America
10328,ok,Cocoon,1985-06-21,en,3.7828,17500000,85300000,Released,6.638,1397,SLM Production Group,United States of America
1367,ok,Rocky II,1979-06-15,en,5.7684,7000000,200182160,Released,7.288,4763,United Artists,United States of America
1371,ok,Rocky III,1982-05-28,en,6.7116,17000000,125052898,Released,6.899,4469,United Artists,United States of America
1374,ok,Rocky IV,1985-11-21,en,6.3626,31000000,300473716,Released,7.082,4785,United Artists,United States of America
1885,ok,The Karate Kid,1984-06-22,en,8.2788,8000000,91138075,Released,7.217,4682,Columbia Pictures,United States of America
8856,ok,The Karate Kid Part II,1986-06-18,en,8.3712,13000000,115103979,Released,6.335,2460,Columbia Pictures,United States of America
5825,ok,National Lampoon's Christmas Vacation,1989-11-30,en,5.8199,27000000,74542088,Released,7.234,2685,Hughes Entertainment,United States of America
9489,ok,You've Got Mail,1998-12-18,en,5.4969,65000000,250800000,Released,6.702,3618,Warner Bros. Pictures,United States of America
8741,ok,The Thin Red Line,1998-12-23,en,5.4985,52000000,98126565,Released,7.441,3276,Fox 2000 Pictures,United States of America
9276,ok,The Faculty,1998-12-25,en,8.0203,15000000,40283321,Released,6.56,2226,Los Hooligans Productions,United States of America
10312,ok,Patch Adams,1998-12-25,en,5.2989,50000000,202292902,Released,7.309,3431,Universal Pictures,United States of America
9426,ok,The Fly,1986-08-15,en,9.981,15000000,60629159,Released,7.43,4939,SLM Production Group,Canada
9671,ok,Crocodile Dundee,1986-09-26,en,5.7192,5000000,328203506,Released,6.442,2104,Rimfire Films,Australia
9396,ok,Crocodile Dundee II,1988-05-19,en,3.3903,14000000,239606210,Released,5.881,1215,Rimfire Films,Australia
8388,ok,¡Three Amigos!,1986-12-12,en,4.431,25000000,39200000,Released,6.321,1141,L.A. Films,United States of America
10314,ok,She's All That,1999-01-29,en,4.4747,10000000,103166989,Released,6.312,2234,Tapestry Films,United States of America
2112,ok,Payback,1999-02-05,en,5.8095,90000000,161626121,Released,6.821,1985,Icon Productions,United States of America
11622,ok,Blast from the Past,1999-02-12,en,4.9109,35000000,40263020,Released,6.772,1211,Midnight Sun Pictures,United States of America
13466,ok,October Sky,1999-02-19,en,4.0804,25000000,34698685,Released,7.673,1419,Universal Pictures,United States of America
1542,ok,Office Space,1999-02-19,en,4.9254,10000000,12800000,Released,7.372,3362,20th Century Fox,United States of America
10803,ok,Logan's Run,1976-06-23,en,2.6569,9000000,25000000,Released,6.608,1030,Metro-Goldwyn-Mayer,United States of America
871,ok,Planet of the Apes,1968-02-07,en,9.5867,5800000,32589624,Released,7.7,3930,APJAC Productions,United States of America
9535,ok,Analyze This,1999-03-05,en,3.7347,80000000,176885658,Released,6.513,2115,Warner Bros. Pictures,United States of America
796,ok,Cruel Intentions,1999-03-05,en,14.9752,10500000,76347426,Released,6.798,3544,Newmarket Capital Group,United States of America
100,ok,"Lock, Stock and Two Smoking Barrels",1998-08-28,en,3.0362,1350000,28356188,Released,8.094,7160,The Steve Tisch Company,United Kingdom
603,ok,The Matrix,1999-03-31,en,33.3681,63000000,463517383,Released,8.243,27750,Village Roadshow Pictures,United States of America
4951,ok,10 Things I Hate About You,1999-03-30,en,14.8887,16000000,53478166,Released,7.589,8865,Mad Chance,United States of America
9430,ok,Go,1999-04-09,en,4.1278,6500000,28451622,Released,6.991,811,Banner Entertainment,United States of America
11355,ok,Never Been Kissed,1999-04-09,en,3.5423,25000000,84565230,Released,6.162,1573,Fox 2000 Pictures,United States of America
12596,ok,Pushing Tin,1999-04-23,en,2.2978,33000000,8408835,Released,5.871,433,Taurus Film,Germany
9451,ok,Election,1999-04-23,en,3.1714,25000000,14902041,Released,6.86,1179,Paramount Pictures,United States of America
1946,ok,eXistenZ,1999-04-14,en,4.6774,15000000,2856712,Released,6.786,2157,Alliance Atlantis,Canada
1844,ok,Entrapment,1999-04-29,en,3.8314,66000000,212404400,Released,6.236,2215,Fountainbridge Films,United Kingdom
8592,ok,Dick Tracy,1990-06-15,en,2.832,47000000,103738726,Released,6.154,1037,Touchstone Pictures,United States of America
564,ok,The Mummy,1999-04-16,en,20.6927,80000000,415885488,Released,6.967,9924,Alphaville Films,United States of America
1893,ok,Star Wars: Episode I - The Phantom Menace,1999-05-19,en,11.3148,115000000,924317558,Released,6.573,15750,Lucasfilm Ltd.,United States of America
1924,ok,Superman,1978-12-14,en,8.7857,55000000,300478449,Released,7.161,4243,Dovemead Films,United Kingdom
8536,ok,Superman II,1980-12-12,en,6.0446,54000000,216385706,Released,6.752,2504,Dovemead Films,United Kingdom
9531,ok,Superman III,1983-06-17,en,3.9673,39000000,80250623,Released,5.507,1865,Dovemead Films,United States of America
36685,ok,The Rocky Horror Picture Show,1975-08-14,en,5.2332,1400000,171181400,Released,7.4,3116,20th Century Fox,United Kingdom
509,ok,Notting Hill,1999-05-21,en,8.0461,42000000,363889678,Released,7.267,6690,Working Title Films,United Kingdom
817,ok,Austin Powers: The Spy Who Shagged Me,1999-06-08,en,5.9622,33000000,312016928,Released,6.305,3652,New Line Cinema,United States of America
37135,ok,Tarzan,1999-06-17,en,10.635,130000000,448200000,Released,7.397,7291,Walt Disney Pictures,United States of America
104,ok,Run Lola Run,1998-08-20,de,3.9179,1530000,7660911,Released,7.297,2544,X Filme Creative Pool,Germany
9032,ok,Big Daddy,1999-06-25,en,5.0789,34200000,234801895,Released,6.492,3524,Columbia Pictures,United States of America
6488,ok,Arachnophobia,1990-07-20,en,2.03,31000000,53200000,Released,6.447,1515,Amblin Entertainment,United States of America
9473,ok,"South Park: Bigger, Longer & Uncut",1999-06-24,en,4.1016,21000000,83137864,Released,7.28,2930,Paramount Pictures,United States of America
8487,ok,Wild Wild West,1999-06-30,en,4.7836,170000000,222104681,Released,5.321,3566,Warner Bros. Pictures,United States of America
2105,ok,American Pie,1999-07-09,en,17.769,11000000,235483004,Released,6.604,8255,Zide-Perry Productions,United States of America
1073,ok,Arlington Road,1999-03-19,en,4.9516,31000000,41100000,Released,7.041,1236,Lakeshore Entertainment,United States of America
2667,ok,The Blair Witch Project,1999-07-14,en,7.219,60000,248639099,Released,6.364,5393,Haxan Films,United States of America
345,ok,Eyes Wide Shut,1999-07-16,en,12.9388,67,162100000,Released,7.486,6982,Warner Bros. Pictures,United Kingdom
620,ok,Ghostbusters,1984-06-08,en,10.1421,30000000,296640120,Released,7.495,9699,Columbia Pictures,United States of America
2978,ok,Ghostbusters II,1989-06-16,en,5.139,37000000,215394738,Released,6.597,4820,Columbia Pictures,United States of America
332,ok,Inspector Gadget,1999-07-23,en,3.2671,75000000,134403112,Released,4.502,1311,DiC Entertainment,United States of America
8914,ok,Deep Blue Sea,1999-07-28,en,5.3349,60000000,164648231,Released,5.994,2640,Riche-Ludwig Productions,Australia
9824,ok,Mystery Men,1999-08-06,en,4.2122,68000000,29762011,Released,5.842,906,Universal Pictures,United States of America
4806,ok,Runaway Bride,1999-07-30,en,4.8375,70000000,309500000,Released,6.107,2159,Paramount Pictures,United States of America
10776,ok,Little Shop of Horrors,1986-12-19,en,4.7254,25000000,53964308,Released,6.964,1617,Geffen Pictures,United States of America
10386,ok,The Iron Giant,1999-08-06,en,7.0034,50000000,23300000,Released,7.952,6122,Warner Bros. Feature Animation,United States of America
745,ok,The Sixth Sense,1999-08-06,en,11.7658,40000000,672800000,Released,7.951,12791,Spyglass Entertainment,United States of America
913,ok,The Thomas Crown Affair,1999-08-06,en,4.8167,48000000,124305181,Released,6.749,1344,United Artists,United States of America
11353,ok,Bowfinger,1999-08-12,en,3.2801,55000000,98625775,Released,6.179,940,Universal Pictures,United States of America
9267,ok,And Now for Something Completely Different,1971-09-28,en,1.5491,100000,7000,Released,7.215,579,Kettledrum Films,United Kingdom
813,ok,Airplane!,1980-06-27,en,9.3307,3500000,83453539,Released,7.307,5033,Paramount Pictures,United States of America
11153,ok,National Lampoon's Vacation,1983-07-29,en,5.5629,15000000,61418063,Released,7.099,1721,Warner Bros. Pictures,United States of America
2280,ok,Big,1988-06-03,en,6.9138,18000000,151927281,Released,7.185,4016,American Entertainment Partners II L.P.,United States of America
850,ok,A Christmas Story,1983-11-18,en,3.1409,3300000,20700000,Released,7.23,1412,Metro-Goldwyn-Mayer,United States of America
10154,ok,Mickey Blue Eyes,1999-08-16,en,2.489,75000000,54264342,Released,5.695,595,Castle Rock Entertainment,United Kingdom
1911,ok,The 13th Warrior,1999-08-13,en,4.772,120000000,61698899,Released,6.7,2022,Touchstone Pictures,United States of America
10307,ok,Stigmata,1999-09-02,en,3.7648,29000000,50041732,Released,6.292,1231,FGM Entertainment,United States of America
14,ok,American Beauty,1999-09-15,en,8.9877,15000000,356296601,Released,8.0,12984,DreamWorks Pictures,United States of America
10669,ok,Deliverance,1972-08-18,en,3.8696,2000000,46122355,Released,7.322,1795,Warner Bros. Pictures,United States of America
11527,ok,Excalibur,1981-04-10,en,4.7106,11000000,35000000,Released,6.95,1142,Orion Pictures,United Kingdom
6415,ok,Three Kings,1999-09-27,en,4.2499,75000000,108000000,Released,6.647,2279,Village Roadshow Pictures,United States of America
226,ok,Boys Don't Cry,1999-09-02,en,3.4166,2000000,11540607,Released,7.42,1455,Fox Searchlight Pictures,United States of America
9346,ok,Risky Business,1983-08-05,en,4.1681,6200000,63541777,Released,6.587,1449,Geffen Pictures,United States of America
861,ok,Total Recall,1990-06-01,en,8.431,65000000,261317921,Released,7.318,6419,Carolco Pictures,United States of America
9377,ok,Ferris Bueller's Day Off,1986-06-11,en,6.1679,6000000,70100000,Released,7.57,5348,Paramount Pictures,United States of America
1654,ok,The Dirty Dozen,1967-06-15,en,5.0914,5400000,45300000,Released,7.6,1307,Seven Arts Pictures,United Kingdom
658,ok,Goldfinger,1964-09-20,en,6.3099,3000000,124900000,Released,7.354,3948,EON Productions,United Kingdom
657,ok,From Russia with Love,1963-10-10,en,6.0943,2000000,78900000,Released,7.059,3342,EON Productions,United Kingdom
646,ok,Dr. No,1962-10-07,en,8.394,1000000,59000000,Released,6.987,4024,EON Productions,United Kingdom
391,ok,A Fistful of Dollars,1964-09-12,it,9.2053,200000,14500000,Released,7.825,4679,Jolly Film,Germany
772,ok,Home Alone 2: Lost in New York,1992-11-15,en,16.6432,18000000,358994850,Released,6.785,10568,20th Century Fox,United States of America
550,ok,Fight Club,1999-10-15,en,26.1601,63000000,100853753,Released,8.4,31901,Fox 2000 Pictures,Germany
36819,ok,Time Bandits,1981-07-13,en,3.3561,5000000,42365581,Released,6.624,1143,Handmade Films,United Kingdom
5548,ok,RoboCop,1987-07-17,en,8.063,13000000,53424681,Released,7.356,5693,Orion Pictures,United States of America
5549,ok,RoboCop 2,1990-06-22,en,5.3148,35000000,45681173,Released,6.031,2110,Orion Pictures,United States of America
856,ok,Who Framed Roger Rabbit,1988-06-22,en,7.7057,70000000,329800000,Released,7.537,6145,Amblin Entertainment,United States of America
699,ok,For Your Eyes Only,1981-06-24,en,5.1189,28000000,195300000,Released,6.539,2068,EON Productions,United Kingdom
709,ok,Licence to Kill,1989-06-13,en,4.6721,32000000,156167015,Released,6.428,2145,EON Productions,Mexico
253,ok,Live and Let Die,1973-06-27,en,4.6674,7000000,126400000,Released,6.502,2274,EON Productions,United Kingdom
660,ok,Thunderball,1965-12-11,en,6.0496,9000000,141200000,Released,6.667,2617,EON Productions,United Kingdom
492,ok,Being John Malkovich,1999-10-29,en,4.5459,13000000,22863596,Released,7.418,4763,Propaganda Films,United States of America
128,ok,Princess Mononoke,1997-07-12,ja,13.9684,23500000,176506186,Released,8.322,8923,Studio Ghibli,Japan
9481,ok,The Bone Collector,1999-11-04,en,6.963,73000000,151493655,Released,6.8,3845,Universal Pictures,United States of America
9008,ok,The Insider,1999-10-28,en,4.4693,90000000,60300000,Released,7.46,2055,Touchstone Pictures,United States of America
957,ok,Spaceballs,1987-06-24,en,8.8571,22700000,38120460,Released,6.866,3372,Metro-Goldwyn-Mayer,United States of America
11886,ok,Robin Hood,1973-11-08,en,6.1212,5000000,33000000,Released,7.304,4632,Walt Disney Productions,United States of America
11040,ok,Little Big Man,1970-12-23,en,2.5129,15000000,31559552,Released,7.45,714,Cinema Center Films,United States of America
1621,ok,Trading Places,1983-06-07,en,16.4162,15000000,90404800,Released,7.228,3636,Cinema Group Ventures,United States of America
1832,ok,Dogma,1999-10-04,en,4.9774,10000000,33535478,Released,6.931,2825,View Askew Productions,United States of America
11379,ok,The Adventures of Buckaroo Banzai Across the 8th Dimension,1984-08-10,en,5.0016,17000000,6254148,Released,5.964,486,Sherwood Productions,United States of America
2039,ok,Moonstruck,1987-12-16,en,4.9228,15000000,122100000,Released,6.853,1088,Star Partners,United States of America
2668,ok,Sleepy Hollow,1999-11-19,en,7.2861,100000000,206071526,Released,7.189,7320,Paramount Pictures,United States of America
36643,ok,The World Is Not Enough,1999-11-17,en,7.0923,135000000,361832400,Released,6.287,3245,EON Productions,United Kingdom
9647,ok,Scrooged,1988-11-22,en,3.6045,32000000,60300000,Released,6.788,1689,Paramount Pictures,United States of America
11393,ok,The Natural,1984-05-11,en,3.4933,28000000,48000000,Released,6.901,658,TriStar Pictures,United States of America
293,ok,A River Runs Through It,1992-10-09,en,4.797,12000000,43440294,Released,7.025,1182,Allied Filmmakers,United Kingdom
10998,ok,Fatal Attraction,1987-09-18,en,4.767,14000000,320145693,Released,6.846,1680,Paramount Pictures,United States of America
9013,ok,Midnight Run,1988-07-20,en,3.4992,30000000,38413606,Released,7.183,1266,Universal Pictures,United States of America
11005,ok,Awakenings,1990-12-04,en,6.0694,31000000,52096475,Released,7.774,2843,Parkes/Lasker productions,United States of America
2924,ok,Backdraft,1991-05-24,en,4.3836,75000000,152368585,Released,6.661,1553,Trilogy Entertainment Group,United States of America
177,ok,The Fisher King,1991-09-20,en,3.8626,24000000,41895491,Released,7.318,1456,TriStar Pictures,United States of America
863,ok,Toy Story 2,1999-10-30,en,16.2881,90000000,497375404,Released,7.6,14814,Pixar,United States of America
497,ok,The Green Mile,1999-12-10,en,28.0945,60000000,286801374,Released,8.504,19163,Castle Rock Entertainment,United States of America
1715,ok,The Cider House Rules,1999-12-17,en,6.2324,24000000,88500000,Released,7.087,1286,Miramax,United States of America
334,ok,Magnolia,1999-12-17,en,6.32,37000000,48451803,Released,7.731,3980,New Line Cinema,United States of America
624,ok,Easy Rider,1969-06-26,en,3.9278,400000,60000000,Released,7.05,2144,Columbia Pictures,United States of America
1850,ok,Man on the Moon,1999-12-22,en,3.6628,82000000,47434430,Released,7.241,1974,Mutual Film Company,United States of America
926,ok,Galaxy Quest,1999-12-25,en,4.588,45000000,90683916,Released,7.082,2502,DreamWorks Pictures,United States of America
1213,ok,The Talented Mr. Ripley,1999-12-25,en,11.1186,40000000,128798265,Released,7.2,4124,Mirage Enterprises,United States of America
3558,ok,"Girl, Interrupted",1999-12-21,en,10.4453,40000000,48350205,Released,7.6,4128,Red Wagon Entertainment,United States of America
13342,ok,Fast Times at Ridgemont High,1982-08-13,en,5.4103,4500000,27100000,Released,6.803,1365,Refugee Films,United States of America
2005,ok,Sister Act,1992-05-28,en,6.4036,31000000,231605150,Released,6.825,3428,Touchstone Pictures,United States of America
9475,ok,Scent of a Woman,1992-12-23,en,8.7043,31000000,134100000,Released,7.786,3911,Universal Pictures,United States of America
8872,ok,Wayne's World,1992-02-14,en,4.6138,20000000,183097323,Released,6.687,2461,Paramount Pictures,United States of America
8873,ok,Wayne's World 2,1993-12-10,en,3.2483,40000000,48198019,Released,6.091,1159,Paramount Pictures,United States of America
11287,ok,A League of Their Own,1992-07-01,en,5.9427,40000000,132440069,Released,7.205,1527,Columbia Pictures,United States of America
9869,ok,Patriot Games,1992-06-04,en,4.361,45000000,178051587,Released,6.681,1803,Paramount Pictures,United States of America
619,ok,The Bodyguard,1992-11-25,en,6.482,25000000,411006740,Released,6.706,3224,Kasdan Pictures,United States of America
10158,ok,White Men Can't Jump,1992-03-27,en,2.672,31000000,90753806,Released,6.647,1513,20th Century Fox,United States of America
10206,ok,Buffy the Vampire Slayer,1992-07-24,en,3.364,7000000,16624456,Released,5.622,907,Kuzui Enterprises,United States of America
10326,ok,Forever Young,1992-12-16,en,2.7426,20000000,128000000,Released,6.499,964,Warner Bros. Pictures,United States of America
4234,ok,Scream 3,2000-02-04,en,7.2644,40000000,161838076,Released,6.01,4019,Dimension Films,United States of America
8374,ok,The Boondock Saints,1999-01-22,en,4.3599,6000000,38256,Released,7.254,2674,Franchise Pictures,Canada
1907,ok,The Beach,2000-02-03,en,8.4086,40000000,144056873,Released,6.5,4688,Figment Films,United Kingdom
14181,ok,Boiler Room,2000-02-18,en,3.614,7000000,28780255,Released,6.7,735,New Line Cinema,United States of America
2787,ok,Pitch Black,2000-02-18,en,2.7262,23000000,53187659,Released,6.861,4768,Interscope Communications,United States of America
2069,ok,The Whole Nine Yards,2000-02-18,en,3.9795,41300000,106371651,Released,6.465,2060,Rational Packaging,United States of America
11004,ok,Wonder Boys,2000-02-22,en,2.9127,35000000,33426588,Released,6.837,657,Paramount Pictures,Germany
2067,ok,Mission to Mars,2000-03-10,en,3.2079,90000000,110983407,Released,6.024,1565,Touchstone Pictures,United States of America
5693,ok,Hoosiers,1986-11-14,en,2.7421,9000000,28600000,Released,7.051,583,De Haven Productions,United States of America
287,ok,Bull Durham,1988-06-15,en,2.8663,7000000,50888000,Released,6.624,672,The Mount Company,United States of America
968,ok,Dog Day Afternoon,1975-09-21,en,5.8308,1800000,56665856,Released,7.844,3344,Artists Entertainment Complex,United States of America
838,ok,American Graffiti,1973-08-11,en,3.9237,777000,140000000,Released,7.0,1568,Lucasfilm Ltd.,United States of America
820,ok,JFK,1991-12-20,en,6.5519,40000000,205405498,Released,7.603,2398,Warner Bros. Pictures,United States of America
11176,ok,The Muppet Movie,1979-06-22,en,4.0839,8000000,75161953,Released,7.211,691,ITC Entertainment,United Kingdom
462,ok,Erin Brockovich,2000-03-17,en,6.7051,52000000,256271286,Released,7.435,3626,Jersey Films,United States of America
9532,ok,Final Destination,2000-03-17,en,7.7058,23000000,112880294,Released,6.635,6620,Zide-Perry Productions,United States of America
1541,ok,Thelma & Louise,1991-05-24,en,6.0983,16000000,45361000,Released,7.601,3840,Scott Free Productions,United Kingdom
8469,ok,Animal House,1978-07-28,en,4.7406,2700000,141000000,Released,6.972,1654,Universal Pictures,United States of America
925,ok,Do the Right Thing,1989-06-14,en,3.8668,6500000,37300000,Released,7.766,1975,Universal Pictures,United States of America
1498,ok,Teenage Mutant Ninja Turtles,1990-03-30,en,5.477,13500000,201965915,Released,6.712,1947,Orange Sky Golden Harvest,Hong Kong
801,ok,"Good Morning, Vietnam",1987-12-23,en,4.4428,13000000,123922370,Released,7.302,2991,Touchstone Pictures,United States of America
11520,ok,Grumpy Old Men,1993-12-25,en,3.4224,35100000,70172621,Released,6.664,742,John Davis,United States of America
3082,ok,Modern Times,1936-02-05,en,6.74,1500000,1800000,Released,8.3,4063,Charles Chaplin Productions,United States of America
840,ok,Close Encounters of the Third Kind,1977-12-14,en,5.7671,20000000,306889114,Released,7.35,4612,Julia/Michael Phillips Productions,United Kingdom
2291,ok,Jacob's Ladder,1990-11-02,en,5.5388,25000000,26118851,Released,7.371,1876,Carolco Pictures,United States of America
243,ok,High Fidelity,2000-03-17,en,3.591,30000000,47100000,Released,7.138,2182,Touchstone Pictures,United Kingdom
879,ok,Hook,1991-04-10,en,8.9257,70000000,300854823,Released,6.841,5705,Amblin Entertainment,United States of America
1700,ok,Misery,1990-11-30,en,6.6747,20000000,61300000,Released,7.747,5201,Castle Rock Entertainment,United States of America
10774,ok,Network,1976-11-27,en,5.5208,3800000,23700000,Released,7.805,2009,Metro-Goldwyn-Mayer,United States of America
10559,ok,Frequency,2000-04-28,en,5.3635,31000000,68106245,Released,7.273,1996,New Line Cinema,United States of America
106,ok,Predator,1987-06-12,en,20.5109,15000000,98267558,Released,7.547,9033,20th Century Fox,United States of America
10468,ok,28 Days,2000-04-06,en,3.5894,43000000,62198945,Released,6.154,1075,Columbia Pictures,United States of America
1359,ok,American Psycho,2000-04-13,en,11.3287,7000000,34269748,Released,7.408,12208,Lionsgate,Canada
4967,ok,Keeping the Faith,2000-04-14,en,2.0181,30000000,59945183,Released,6.09,661,Spyglass Entertainment,United States of America
11977,ok,Caddyshack,1980-07-25,en,4.677,6000000,39846344,Released,6.603,1290,Orion Pictures,United States of America
3536,ok,U-571,2000-04-20,en,3.7668,62000000,127700000,Released,6.523,1346,Universal Pictures,United States of America
1443,ok,The Virgin Suicides,2000-04-21,en,5.5855,6000000,10409377,Released,7.1,3585,American Zoetrope,United States of America
98,ok,Gladiator,2000-05-04,en,21.1175,103000000,465516248,Released,8.225,20787,Universal Pictures,United Kingdom
5683,ok,Pee-wee's Big Adventure,1985-07-26,en,2.6391,6000000,40900000,Released,6.5,842,Aspen Film Society,United States of America
9285,ok,Road Trip,2000-05-19,en,5.2874,16000000,119754278,Released,6.237,2169,DreamWorks Pictures,United States of America
955,ok,Mission: Impossible II,2000-05-24,en,7.2695,125000000,546388108,Released,6.144,7528,Paramount Pictures,United States of America
8584,ok,Shanghai Noon,2000-05-26,en,4.2199,55000000,99274467,Released,6.4,2749,Touchstone Pictures,United States of America
698,ok,Moonraker,1979-06-26,en,5.4857,34000000,210308099,Released,6.183,2204,EON Productions,France
11072,ok,Blazing Saddles,1974-02-07,en,5.0048,2600000,119500000,Released,7.24,2061,Crossbow Productions,United States of America
938,ok,For a Few Dollars More,1965-12-18,it,7.0973,600000,15000000,Released,8.017,4408,PEA,Germany
169,ok,Predator 2,1990-11-21,en,9.3785,35000000,57120318,Released,6.304,3800,Davis Entertainment,United States of America
865,ok,The Running Man,1987-11-13,en,6.8945,27000000,38122105,Released,6.5,2817,Braveworld Productions,United States of America
9659,ok,Mad Max,1979-04-12,en,6.6633,350000,100000000,Released,6.677,4927,Kennedy Miller Productions,Australia
8810,ok,Mad Max 2,1981-12-24,en,7.0236,2000000,24600832,Released,7.385,4151,Kennedy Miller Productions,Australia
9355,ok,Mad Max Beyond Thunderdome,1985-06-29,en,5.4554,10000000,36230219,Released,6.223,3249,Kennedy Miller Productions,Australia
9679,ok,Gone in Sixty Seconds,2000-06-09,en,6.765,90000000,237200000,Released,6.458,4841,Touchstone Pictures,United States of America
6978,ok,Big Trouble in Little China,1986-05-30,en,5.4796,25000000,11102672,Released,7.206,3305,Taft Entertainment Pictures,United States of America
7450,ok,Titan A.E.,2000-06-16,en,4.1376,75000000,36754634,Released,6.619,1174,David Kirschner Productions,United States of America
7443,ok,Chicken Run,2000-06-23,en,7.6776,45000000,224834564,Released,6.839,5383,Aardman,France
2123,ok,"Me, Myself & Irene",2000-06-22,en,7.2509,51000000,149270999,Released,6.613,4217,Conundrum Entertainment,United States of America
2024,ok,The Patriot,2000-06-28,en,7.464,110000000,215294342,Released,7.186,4272,Columbia Pictures,Germany
2133,ok,The Perfect Storm,2000-06-29,en,5.2464,130000000,328718434,Released,6.481,2540,Radiant Productions,United States of America
4247,ok,Scary Movie,2000-07-07,en,14.5984,19000000,278023280,Released,6.39,7702,Brad Grey Pictures,United States of America
36657,ok,X-Men,2000-07-13,en,0.5137,75000000,296339527,Released,7.012,12129,The Donners' Company,United States of America
2655,ok,What Lies Beneath,2000-07-21,en,5.5027,100000000,291420351,Released,6.436,2015,DreamWorks Pictures,United States of America
10276,ok,What About Bob?,1991-05-17,en,2.3674,35000000,63710000,Released,6.884,896,Touchstone Pictures,United States of America
6282,ok,Coyote Ugly,2000-07-30,en,7.0142,45000000,113900000,Released,6.263,2265,Touchstone Pictures,United States of America
9383,ok,Hollow Man,2000-08-04,en,6.8112,95000000,190213455,Released,5.96,2750,Columbia Pictures,Germany
5551,ok,Space Cowboys,2000-08-04,en,3.8967,65000000,128900000,Released,6.393,1514,Village Roadshow Pictures,United States of America
8843,ok,The Cell,2000-08-18,en,5.1092,33000000,104155843,Released,6.267,1696,Caro-McLeod,United States of America
37136,ok,The Naked Gun: From the Files of Police Squad!,1988-12-02,en,9.4598,12000000,152356177,Released,7.275,4466,Paramount Pictures,United States of America
37137,ok,The Naked Gun 2½: The Smell of Fear,1991-06-28,en,5.8014,23000000,192030411,Released,6.811,2735,Paramount Pictures,United States of America
1588,ok,Bring It On,2000-08-25,en,4.2221,28000000,90449929,Released,6.26,1839,Universal Pictures,United States of America
786,ok,Almost Famous,2000-09-15,en,5.7369,60000000,47386287,Released,7.5,3083,DreamWorks Pictures,United States of America
16,ok,Dancer in the Dark,2000-09-01,en,3.5302,12500000,40061153,Released,7.849,1992,Zentropa Entertainments,Denmark
13785,ok,Best in Show,2000-09-29,en,4.2815,0,0,Released,6.881,664,Castle Rock Entertainment,United States of America
10637,ok,Remember the Titans,2000-09-29,en,7.3748,30000000,136700000,Released,7.641,2916,Jerry Bruckheimer Films,United States of America
1597,ok,Meet the Parents,2000-10-06,en,7.2716,55000000,330444045,Released,6.694,6357,Universal Pictures,United States of America
641,ok,Requiem for a Dream,2000-10-06,en,6.3079,4500000,7390108,Released,8.012,10904,Artisan Entertainment,United States of America
71,ok,Billy Elliot,2000-09-28,en,4.9436,5000000,109280263,Released,7.592,4067,StudioCanal,France
1636,ok,Bedazzled,2000-10-19,en,6.1501,48000000,90383208,Released,6.102,2099,KirchMedia,Germany
10647,ok,Pay It Forward,2000-10-20,en,5.2971,40000000,55707411,Released,7.358,1986,Bel Air Entertainment,United States of America
4327,ok,Charlie's Angels,2000-11-02,en,9.3253,92000000,264105545,Released,5.853,4490,Columbia Pictures,United States of America
9678,ok,Little Nicky,2000-11-10,en,4.5687,85000000,58292295,Released,5.843,1967,New Line Cinema,United States of America
681,ok,Diamonds Are Forever,1971-12-14,en,4.2077,7200000,116019547,Released,6.402,2358,EON Productions,United Kingdom
8452,ok,The 6th Day,2000-11-17,en,4.0803,82000000,96085477,Released,6.001,2246,Phoenix Pictures,United States of America
8871,ok,How the Grinch Stole Christmas,2000-11-17,en,8.3011,123000000,345800000,Released,6.779,8247,Universal Pictures,United States of America
9741,ok,Unbreakable,2000-11-22,en,6.8546,75000000,248118121,Released,7.143,9886,Barry Mendel Productions,United States of America
146,ok,"Crouching Tiger, Hidden Dragon",2000-07-06,zh,6.2516,17000000,213978518,Released,7.434,3541,Sony Pictures Classics,Hong Kong
2609,ok,"Planes, Trains and Automobiles",1987-11-26,en,4.23,15000000,49500000,Released,7.254,2184,Paramount Pictures,United States of America
10673,ok,Wall Street,1987-12-10,en,4.835,15000000,43900000,Released,7.166,2241,20th Century Fox,United States of America
107,ok,Snatch,2000-09-01,en,10.1353,100000000,83557872,Released,7.8,9920,SKA Films,United Kingdom
392,ok,Chocolat,2000-12-22,en,5.6101,25000000,152700626,Released,6.974,3493,Miramax,United States of America
8859,ok,"Dude, Where's My Car?",2000-12-15,en,3.7663,13000000,73180723,Released,5.53,2068,20th Century Fox,United States of America
11688,ok,The Emperor's New Groove,2000-12-15,en,12.0153,100000000,169327687,Released,7.559,7258,Walt Disney Feature Animation,United States of America
3981,ok,What Women Want,2000-12-15,en,7.0532,70000000,374100000,Released,6.452,4359,Paramount Pictures,United States of America
711,ok,Finding Forrester,2000-12-21,en,2.5739,43000000,80100000,Released,7.123,1195,Laurence Mark Productions,United States of America
8358,ok,Cast Away,2000-12-22,en,9.2132,90000000,429632142,Released,7.661,12212,20th Century Fox,United States of America
5994,ok,The Family Man,2000-12-12,en,4.697,60000000,124700000,Released,6.814,2193,Beacon Pictures,United States of America
1493,ok,Miss Congeniality,2000-12-22,en,5.4915,45000000,212000000,Released,6.523,4207,Village Roadshow Pictures,United States of America
134,ok,"O Brother, Where Art Thou?",2000-08-30,en,5.4929,26000000,71877090,Released,7.329,4569,Touchstone Pictures,France
1900,ok,Traffic,2000-12-27,en,5.9166,48000000,207500000,Released,7.086,2397,USA Films,United States of America
2018,ok,The Wedding Planner,2001-01-26,en,4.2367,35000000,94700000,Released,5.928,1811,Tapestry Films,Germany
90,ok,Beverly Hills Cop,1984-12-05,en,5.7816,14000000,316360478,Released,7.206,4572,Paramount Pictures,United States of America
764,ok,The Evil Dead,1981-10-15,en,7.8865,350000,29612367,Released,7.274,4438,Renaissance Pictures,United States of America
1547,ok,The Lost Boys,1987-07-31,en,5.437,8500000,32222567,Released,7.091,2271,Warner Bros. Pictures,United States of America
9740,ok,Hannibal,2001-02-08,en,1.5469,87000000,351692268,Released,6.775,5169,The De Laurentiis Company,United Kingdom
6073,ok,The Mexican,2001-03-01,en,3.8099,57000000,147845033,Released,5.954,1595,Newmarket Films,United States of America
853,ok,Enemy at the Gates,2001-02-28,en,8.1779,68000000,96976270,Released,7.417,4010,Paramount Pictures,United States of America
77,ok,Memento,2000-10-11,en,11.921,9000000,40060108,Released,8.177,16138,Newmarket Films,United States of America
10054,ok,Spy Kids,2001-03-18,en,6.7662,35000000,147934180,Released,5.817,3694,Troublemaker Studios,United States of America
55,ok,Amores Perros,2000-06-16,es,4.8689,2000000,20908467,Released,7.636,2898,Altavista Films,Mexico
4133,ok,Blow,2001-04-04,en,5.4515,53000000,83300000,Released,7.353,4576,New Line Cinema,United States of America
634,ok,Bridget Jones's Diary,2001-04-13,en,4.9343,25000000,281929795,Released,6.74,5467,Universal Pictures,Ireland
10956,ok,Joe Dirt,2001-04-10,en,4.4998,17700000,30987695,Released,5.631,800,Columbia Pictures,United States of America
111,ok,Scarface,1983-12-09,en,21.173,25000000,66023329,Released,8.156,12942,Universal Pictures,United States of America
1734,ok,The Mummy Returns,2001-05-04,en,14.9951,98000000,443280904,Released,6.398,7620,Universal Pictures,United States of America
9476,ok,A Knight's Tale,2001-05-11,en,7.3281,65000000,117487473,Released,6.873,3367,Columbia Pictures,United States of America
808,ok,Shrek,2001-05-18,en,27.115,60000000,488977919,Released,7.759,18640,Pacific Data Images,United States of America
824,ok,Moulin Rouge!,2001-05-18,en,5.5582,52500000,179213434,Released,7.529,4826,20th Century Fox,Australia
676,ok,Pearl Harbor,2001-05-21,en,9.3575,140000000,449220945,Released,6.936,6966,Touchstone Pictures,United States of America
1406,ok,City Slickers,1991-06-07,en,3.0563,27000000,179033791,Released,6.462,861,Castle Rock Entertainment,United States of America
9397,ok,Evolution,2001-06-08,en,5.4897,80000000,98376292,Released,6.105,2467,DreamWorks Pictures,United States of America
9705,ok,Swordfish,2001-06-08,en,6.1072,102000000,147080413,Released,6.259,2927,Village Roadshow Pictures,United States of America
9576,ok,Tootsie,1982-12-17,en,3.7728,21000000,177200000,Released,7.201,1915,Mirage Enterprises,United States of America
1995,ok,Lara Croft: Tomb Raider,2001-06-15,en,7.0922,115000000,274703340,Released,5.909,6486,Paramount Pictures,United Kingdom
9799,ok,The Fast and the Furious,2001-06-22,en,1.0008,38000000,207283925,Released,7.002,10769,Ardustry Entertainment,Germany
644,ok,A.I. Artificial Intelligence,2001-06-29,en,8.6136,100000000,235926552,Released,7.054,6623,Warner Bros. Pictures,United Kingdom
4248,ok,Scary Movie 2,2001-07-04,en,11.4378,45000000,141220678,Released,5.815,5116,Brad Grey Pictures,United States of America
2114,ok,Final Fantasy: The Spirits Within,2001-07-02,en,3.4365,137000000,85131830,Released,6.195,1582,Chris Lee Productions,Japan
8835,ok,Legally Blonde,2001-07-13,en,10.3178,18000000,141778365,Released,6.806,4509,Metro-Goldwyn-Mayer,United States of America
11371,ok,The Score,2001-07-13,en,4.7245,68000000,113579918,Released,6.698,1839,Horseshoe Bay Productions,Germany
9602,ok,Coming to America,1988-06-29,en,7.8392,30000000,288752301,Released,6.878,4717,Eddie Murphy Productions,United States of America
2605,ok,Short Circuit,1986-05-09,en,4.2157,10000000,40697761,Released,6.643,1607,TriStar Pictures,United States of America
1648,ok,Bill & Ted's Excellent Adventure,1989-02-17,en,3.3459,10000000,40510984,Released,6.9,2082,DEG,United States of America
9942,ok,Major League,1989-02-16,en,3.5342,11000000,75000000,Released,6.887,868,Mirage Enterprises,United States of America
331,ok,Jurassic Park III,2001-07-18,en,0.4936,93000000,368780809,Released,6.171,7803,Universal Pictures,United States of America
1548,ok,Ghost World,2001-07-20,en,2.4422,7000000,8800000,Released,7.093,1567,Mr. Mudd,United Kingdom
869,ok,Planet of the Apes,2001-07-26,en,6.5019,100000000,362211740,Released,5.769,4394,20th Century Fox,United States of America
9880,ok,The Princess Diaries,2001-08-03,en,8.9356,37000000,165335153,Released,6.962,5252,Bottom of the Ninth Productions,United States of America
5175,ok,Rush Hour 2,2001-08-03,en,11.9814,90000000,347325802,Released,6.758,4560,New Line Cinema,United States of America
2770,ok,American Pie 2,2001-08-10,en,7.4092,30000000,287553595,Released,6.251,5277,Universal Pictures,United States of America
1933,ok,The Others,2001-08-02,en,9.1576,17000000,210002906,Released,7.618,7126,Cruise/Wagner Productions,Spain
2294,ok,Jay and Silent Bob Strike Back,2001-08-22,en,10.8335,22000000,33788161,Released,6.434,1727,Dimension Films,United States of America
2034,ok,Training Day,2001-10-05,en,8.226,45000000,104900000,Released,7.518,6545,WV Films II,United States of America
9398,ok,Zoolander,2001-09-28,en,5.3676,28000000,60780981,Released,6.22,4889,Paramount Pictures,United States of America
9778,ok,Serendipity,2001-10-05,en,5.6775,28000000,77516304,Released,7.0,2131,Tapestry Films,United States of America
1018,ok,Mulholland Drive,2001-06-06,en,9.3911,15000000,20289986,Released,7.801,6992,StudioCanal,France
984,ok,Dirty Harry,1971-12-23,en,5.726,4000000,35976000,Released,7.449,2719,Malpaso Productions,United States of America
768,ok,From Hell,2001-02-08,en,3.7037,35000000,74558115,Released,6.698,2996,Underworld Pictures,United States of America
167,ok,K-PAX,2001-10-26,en,4.8074,48000000,50315140,Released,7.207,2728,Intermedia Films,Germany
141,ok,Donnie Darko,2001-01-19,en,8.4882,4500000,7500000,Released,7.764,13348,Flower Films,United States of America
585,ok,"Monsters, Inc.",2001-11-01,en,23.4682,115000000,579700000,Released,7.848,19684,Pixar,United States of America
9889,ok,Shallow Hal,2001-11-01,en,6.7124,40000000,141069860,Released,6.167,3134,20th Century Fox,United States of America
671,ok,Harry Potter and the Philosopher's Stone,2001-11-16,en,28.1069,125000000,976475550,Released,7.898,29449,Warner Bros. Pictures,United Kingdom
1535,ok,Spy Game,2001-11-18,en,3.8308,115000000,143049560,Released,6.921,2344,TOHO,France
8007,ok,Behind Enemy Lines,2001-11-30,en,4.3085,40000000,91753202,Released,6.42,1634,Davis Entertainment,United States of America
161,ok,Ocean's Eleven,2001-12-07,en,12.3126,85000000,450717150,Released,7.458,12480,Warner Bros. Pictures,United States of America
194,ok,Amélie,2001-04-25,fr,10.1358,10000000,173921954,Released,7.919,12348,Victoires Productions,France
1903,ok,Vanilla Sky,2001-12-14,en,6.0951,68000000,203388341,Released,6.82,4626,Paramount Pictures,United States of America
9428,ok,The Royal Tenenbaums,2001-10-05,en,6.0432,21000000,71441250,Released,7.458,4992,Touchstone Pictures,United States of America
1649,ok,Bill & Ted's Bogus Journey,1991-07-19,en,2.6688,20000000,38040268,Released,6.29,1346,Nelson Entertainment,United States of America
120,ok,The Lord of the Rings: The Fellowship of the Ring,2001-12-18,en,30.1269,93000000,871368364,Released,8.433,27404,New Line Cinema,New Zealand
453,ok,A Beautiful Mind,2001-12-14,en,8.3702,58000000,316791257,Released,7.854,11028,Universal Pictures,United States of America
855,ok,Black Hawk Down,2001-12-28,en,9.2178,92000000,172989651,Released,7.392,6326,Jerry Bruckheimer Films,United Kingdom
5279,ok,Gosford Park,2001-12-26,en,3.8411,19800000,87754044,Released,6.818,1230,Sandcastle 5,Italy
651,ok,M*A*S*H,1970-02-18,en,4.1004,3500000,81600000,Released,6.949,1148,Ingo Preminger Productions,United States of America
11362,ok,The Count of Monte Cristo,2002-01-23,en,8.33,35000000,75395048,Released,7.672,2005,Touchstone Pictures,Ireland
11528,ok,The Sandlot,1993-04-07,en,4.7715,7000000,34348444,Released,7.543,1306,Island World,United States of America
39939,ok,Super Troopers,2001-02-15,en,3.3858,3000000,23182223,Released,6.561,1215,Fox Searchlight Pictures,United States of America
2135,ok,The Time Machine,2002-03-04,en,5.7353,80000000,123729176,Released,6.305,2519,DreamWorks Pictures,United States of America
425,ok,Ice Age,2002-03-14,en,17.52,59000000,383257136,Released,7.37,14218,Blue Sky Studios,United States of America
1576,ok,Resident Evil,2002-03-15,en,6.0006,33000000,102984862,Released,6.651,6877,Impact Pictures,Canada
1391,ok,Y Tu Mamá También,2001-06-08,es,7.5319,5000000,33600000,Released,7.416,1737,Bésame Mucho Pictures,Mexico
36586,ok,Blade II,2002-03-22,en,7.0977,54000000,155010032,Released,6.6,5171,New Line Cinema,United States of America
4547,ok,Panic Room,2002-03-29,en,5.6202,48000000,197100000,Released,6.79,5378,Columbia Pictures,United States of America
11452,ok,National Lampoon's Van Wilder,2002-03-29,en,4.7075,6000000,39241323,Released,6.026,1941,Tapestry Films,United States of America
8346,ok,My Big Fat Greek Wedding,2002-04-19,en,3.8778,5000000,368744044,Released,6.501,2281,Gold Circle Films,United States of America
9334,ok,The Scorpion King,2002-04-18,en,5.6161,60000000,165333180,Released,5.593,3360,Universal Pictures,United States of America
557,ok,Spider-Man,2002-05-01,en,22.5146,139000000,821708551,Released,7.326,20556,Marvel Enterprises,United States of America
245,ok,About a Boy,2002-04-26,en,4.4167,27000000,129000000,Released,6.696,2383,Universal Pictures,United Kingdom
1894,ok,Star Wars: Episode II - Attack of the Clones,2002-05-15,en,8.3878,120000000,649398328,Released,6.6,14265,Lucasfilm Ltd.,United States of America
320,ok,Insomnia,2002-05-24,en,4.9969,46000000,113714830,Released,6.958,5259,Alcon Entertainment,United States of America
2501,ok,The Bourne Identity,2002-06-14,en,10.4125,60000000,214034224,Released,7.476,10034,Universal Pictures,United States of America
11544,ok,Lilo & Stitch,2002-06-21,en,10.6814,80000000,273144151,Released,7.558,7052,Walt Disney Pictures,United States of America
180,ok,Minority Report,2002-06-20,en,7.6588,102000000,358372926,Released,7.353,9567,Digital Image Associates,United States of America
2022,ok,Mr. Deeds,2002-06-28,en,4.5511,50000000,171269565,Released,5.918,2509,Columbia Pictures,United States of America
608,ok,Men in Black II,2002-07-03,en,7.8898,140000000,445135288,Released,6.384,10600,Columbia Pictures,United States of America
4147,ok,Road to Perdition,2002-07-12,en,5.8889,80000000,181001478,Released,7.352,3970,DreamWorks Pictures,United States of America
818,ok,Austin Powers in Goldmember,2002-07-26,en,5.5803,63000000,296938801,Released,6.018,3409,Eric's Boy,United States of America
2675,ok,Signs,2002-08-02,en,7.6556,72000000,408200000,Released,6.698,6221,Touchstone Pictures,United States of America
7451,ok,xXx,2002-08-09,en,62.2358,70000000,277448382,Released,5.987,4876,Revolution Studios,United States of America
4108,ok,The Transporter,2002-10-02,en,8.7374,21000000,43900000,Released,6.72,5785,TF1 Films Production,United States of America
11013,ok,Secretary,2002-09-20,en,24.1811,4000000,9300000,Released,6.791,1884,Slough Pond,United States of America
129,ok,Spirited Away,2001-07-20,ja,32.5404,19000000,274925095,Released,8.534,18222,Studio Ghibli,Japan
11529,ok,Sweet Home Alabama,2002-09-26,en,4.9072,30000000,180622424,Released,6.418,1691,Touchstone Pictures,United States of America
9533,ok,Red Dragon,2002-10-02,en,1.7426,78000000,209196298,Released,7.042,4703,Universal Pictures,Germany
1430,ok,Bowling for Columbine,2002-10-09,en,11.5092,4000000,35564473,Released,7.512,1682,Vif Babelsberger Filmproduktion,Canada
8051,ok,Punch-Drunk Love,2002-10-11,en,5.0344,25000000,24665649,Released,7.102,2723,Revolution Studios,United States of America
565,ok,The Ring,2002-10-18,en,9.2521,48000000,249348933,Released,6.699,6638,DreamWorks Pictures,United States of America
65,ok,8 Mile,2002-11-08,en,7.9962,41000000,242875078,Released,7.142,7781,Mikona Productions,Germany
672,ok,Harry Potter and the Chamber of Secrets,2002-11-13,en,18.8512,100000000,876688482,Released,7.703,23479,Warner Bros. Pictures,United Kingdom
36669,ok,Die Another Day,2002-11-17,en,7.4169,142000000,431971116,Released,5.998,3866,EON Productions,United Kingdom
2103,ok,Solaris,2002-11-27,en,3.354,47000000,30002758,Released,5.947,1437,20th Century Fox,United States of America
2757,ok,Adaptation.,2002-12-06,en,4.2013,19000000,32800000,Released,7.339,2757,Columbia Pictures,United States of America
7299,ok,Equilibrium,2002-12-06,en,5.5021,20000000,5400000,Released,7.047,4983,Dimension Films,United States of America
2755,ok,About Schmidt,2002-12-12,en,2.9834,30000000,105834556,Released,6.9,1361,Avery Pix,United States of America
121,ok,The Lord of the Rings: The Two Towers,2002-12-18,en,22.6205,79000000,926287400,Released,8.416,23763,New Line Cinema,New Zealand
1429,ok,25th Hour,2002-12-19,en,3.6454,5000000,23932055,Released,7.323,2555,Touchstone Pictures,United States of America
3131,ok,Gangs of New York,2002-12-14,en,7.6454,100000000,193772504,Released,7.316,7172,Miramax,United States of America
8392,ok,My Neighbor Totoro,1988-04-16,ja,12.0447,3700000,41000000,Released,8.062,8760,Studio Ghibli,Japan
640,ok,Catch Me If You Can,2002-12-16,en,14.7019,52000000,352114312,Released,7.977,17003,Kemp Company,United States of America
1574,ok,Chicago,2002-12-10,en,5.0673,45000000,306776732,Released,7.128,2891,Miramax,United States of America
423,ok,The Pianist,2002-09-17,en,13.0998,35000000,120098945,Released,8.374,10089,R.P. Productions,France
598,ok,City of God,2002-08-30,pt,15.0009,3300000,30641770,Released,8.43,8138,O2 Filmes,Brazil
9919,ok,How to Lose a Guy in 10 Days,2003-02-07,en,8.7971,50000000,177500000,Released,6.9,4441,Paramount Pictures,United States of America
9480,ok,Daredevil,2003-02-14,en,7.1674,78000000,179179718,Released,5.293,5435,Marvel Enterprises,Switzerland
11635,ok,Old School,2003-02-21,en,8.4241,24000000,87100000,Released,6.629,2094,The Montecito Picture Company,United States of America
455,ok,Bend It Like Beckham,2002-04-11,en,4.0716,3500000,76585951,Released,6.325,2011,Kintop Pictures,Germany
1817,ok,Phone Booth,2003-01-06,en,4.763,13000000,97837138,Released,6.9,4127,Fox 2000 Pictures,United States of America
11299,ok,Cowboy Bebop: The Movie,2001-09-01,ja,3.721,0,0,Released,7.723,1023,TriStar Pictures,Japan
9506,ok,Anger Management,2003-04-11,en,4.899,75000000,195745823,Released,6.161,3420,Columbia Pictures,United States of America
8326,ok,Holes,2003-04-18,en,4.4186,20000000,71406573,Released,6.901,1532,Phoenix Pictures,United States of America
2832,ok,Identity,2003-04-25,en,10.8701,28000000,90259536,Released,7.177,4316,Konrad Pictures,United States of America
36658,ok,X2,2003-04-27,en,0.4947,110000000,407711549,Released,7.036,10844,The Donners' Company,United States of America
10515,ok,Castle in the Sky,1986-08-02,ja,7.1684,3000000,5228752,Released,7.969,4658,Studio Ghibli,Japan
604,ok,The Matrix Reloaded,2003-05-15,en,10.2518,150000000,738599701,Released,7.073,11884,Village Roadshow Pictures,United States of America
310,ok,Bruce Almighty,2003-05-23,en,8.3468,80000000,484592874,Released,6.725,11441,Pit Bull Productions,United States of America
12,ok,Finding Nemo,2003-05-30,en,20.4996,94000000,940335536,Released,7.818,20470,Pixar,United States of America
9654,ok,The Italian Job,2003-05-30,en,7.5647,60000000,176070171,Released,6.787,5976,De Line Pictures,France
170,ok,28 Days Later,2002-10-31,en,12.0803,8000000,82784517,Released,7.242,8425,DNA Films,United Kingdom
9471,ok,Charlie's Angels: Full Throttle,2003-06-25,en,4.8387,120000000,259175788,Released,5.486,3272,Wonderland Sound and Vision,United States of America
1927,ok,Hulk,2003-06-19,en,8.7914,137000000,245360480,Released,5.579,6234,Marvel Enterprises,United States of America
296,ok,Terminator 3: Rise of the Machines,2003-07-02,en,8.5363,200000000,435000000,Released,6.187,7201,Intermedia Films,Germany
22,ok,Pirates of the Caribbean: The Curse of the Black Pearl,2003-07-09,en,18.9628,140000000,655011224,Released,7.821,22121,Walt Disney Pictures,United States of America
8698,ok,The League of Extraordinary Gentlemen,2003-07-11,en,5.4381,78000000,179265204,Released,5.976,4322,20th Century Fox,Germany
10330,ok,Freaky Friday,2003-08-05,en,5.9327,26000000,160846332,Released,6.58,4244,Casual Friday Productions,United States of America
7270,ok,Matchstick Men,2003-09-12,en,2.8399,62000000,65565672,Released,7.003,1964,Warner Bros. Pictures,United Kingdom
153,ok,Lost in Translation,2003-09-18,en,7.8487,4000000,119723856,Released,7.4,8042,American Zoetrope,United Kingdom
277,ok,Underworld,2003-09-19,en,6.6703,22000000,95708457,Released,6.8,6559,Screen Gems,United States of America
9662,ok,The Triplets of Belleville,2003-06-11,fr,2.1743,9500000,14776760,Released,7.4,1036,Les Armateurs,France
891,ok,All the President's Men,1976-04-09,en,4.9438,8500000,70600000,Released,7.661,2060,Wildwood Enterprises,United States of America
4543,ok,Monty Python's The Meaning of Life,1983-03-31,en,3.4209,9000000,42749697,Released,7.3,2091,Celandine Films,United Kingdom
1584,ok,School of Rock,2003-10-03,en,7.5639,35000000,131098967,Released,7.082,6146,Paramount Pictures,United States of America
322,ok,Mystic River,2003-10-08,en,6.2818,25000000,156800000,Released,7.743,7408,Warner Bros. Pictures,United States of America
11775,ok,Intolerable Cruelty,2003-10-10,en,3.3144,60000000,119940815,Released,5.955,1656,Universal Pictures,United States of America
24,ok,Kill Bill: Vol. 1,2003-10-10,en,12.6109,30000000,180906076,Released,7.97,18835,Miramax,United States of America
4256,ok,Scary Movie 3,2003-10-24,en,7.7476,45000000,220673217,Released,5.963,4447,Brad Grey Pictures,United States of America
605,ok,The Matrix Revolutions,2003-11-05,en,9.0224,150000000,424988211,Released,6.75,10745,Village Roadshow Pictures,United States of America
10719,ok,Elf,2003-11-07,en,6.1482,32000000,228500000,Released,6.666,4516,New Line Cinema,United States of America
508,ok,Love Actually,2003-09-07,en,7.9181,40000000,250779876,Released,7.096,7358,Working Title Films,France
8619,ok,Master and Commander: The Far Side of the World,2003-11-14,en,5.1027,150000000,211623421,Released,7.19,3498,20th Century Fox,United States of America
470,ok,21 Grams,2003-09-06,en,4.3137,20000000,60427839,Released,7.322,3379,This is that,United States of America
10147,ok,Bad Santa,2003-11-26,en,4.4725,23000000,76500000,Released,6.569,2377,Mike Zoss Productions,United States of America
860,ok,WarGames,1983-06-03,en,5.3196,12000000,124600000,Released,7.069,2138,Sherwood Productions,United States of America
3176,ok,Battle Royale,2000-12-16,ja,5.0116,4500000,30600000,Released,7.3,3791,Toei Company,Japan
79,ok,Hero,2002-12-19,zh,7.5113,31000000,177394432,Released,7.509,2480,Beijing New Picture Film Co. Ltd.,Hong Kong
81,ok,Nausicaä of the Valley of the Wind,1984-03-11,ja,6.2778,1000000,9016411,Released,7.949,4044,Topcraft,Japan
616,ok,The Last Samurai,2003-12-05,en,11.0221,140000000,456800000,Released,7.604,7493,Radar Pictures,United States of America
587,ok,Big Fish,2003-12-10,en,9.4063,70000000,123200000,Released,7.758,7729,Columbia Pictures,United States of America
122,ok,The Lord of the Rings: The Return of the King,2003-12-17,en,34.5875,94000000,1118888979,Released,8.5,26404,New Line Cinema,New Zealand
5966,ok,Along Came Polly,2004-01-16,en,5.3051,42000000,178300000,Released,6.029,3006,Jersey Films,United States of America
1954,ok,The Butterfly Effect,2004-01-17,en,7.0955,13000000,96800000,Released,7.575,8179,FilmEngine,Canada
1824,ok,50 First Dates,2004-02-13,en,9.0103,75000000,196482882,Released,6.871,7685,Columbia Pictures,United States of America
338,ok,"Good Bye, Lenin!",2003-02-13,de,3.1249,4800000,79384880,Released,7.542,2615,WDR,Germany
9384,ok,Starsky & Hutch,2004-03-05,en,4.0848,60000000,170300000,Released,5.825,2508,Warner Bros. Pictures,United States of America
10591,ok,The Girl Next Door,2004-04-09,en,13.9748,21000000,31635150,Released,6.736,3976,Epsilon Motion Pictures,Switzerland
38,ok,Eternal Sunshine of the Spotless Mind,2004-03-19,en,23.8908,20000000,72258126,Released,8.09,16260,Focus Features,United States of America
553,ok,Dogville,2003-05-21,en,5.4467,10000000,16690617,Released,7.754,2672,Zentropa Entertainments,Denmark
1487,ok,Hellboy,2004-04-02,en,6.2074,66000000,99318987,Released,6.674,7386,Revolution Studios,United States of America
923,ok,Dawn of the Dead,1978-09-02,en,4.905,640000,55000000,Released,7.487,2282,Dawn Associates,Italy
393,ok,Kill Bill: Vol. 2,2004-04-16,en,9.4923,30000000,152159461,Released,7.878,14990,Super Cool ManChu,United States of America
10096,ok,13 Going on 30,2004-04-13,en,8.0369,37000000,96458118,Released,6.8,5513,Revolution Studios,United States of America
9509,ok,Man on Fire,2004-04-23,en,18.9198,70000000,130300000,Released,7.461,5632,Fox 2000 Pictures,Switzerland
10625,ok,Mean Girls,2004-04-30,en,15.6178,17000000,130195052,Released,7.223,9407,Broadway Video,United States of America
7131,ok,Van Helsing,2004-05-03,en,24.5112,160000000,300257475,Released,6.401,6590,Universal Pictures,Czech Republic
652,ok,Troy,2004-05-13,en,19.5007,175000000,497409852,Released,7.168,10979,Warner Bros. Pictures,United Kingdom
809,ok,Shrek 2,2004-05-19,en,13.6731,150000000,935454538,Released,7.311,13360,DreamWorks Animation,United States of America
435,ok,The Day After Tomorrow,2004-05-26,en,7.5559,125000000,552639571,Released,6.6,8801,20th Century Fox,United States of America
673,ok,Harry Potter and the Prisoner of Azkaban,2004-05-31,en,20.6987,130000000,789804554,Released,8.008,23050,Warner Bros. Pictures,United Kingdom
2789,ok,The Chronicles of Riddick,2004-06-11,en,2.9311,105000000,115772733,Released,6.55,4462,Radar Pictures,United States of America
8193,ok,Napoleon Dynamite,2004-06-11,en,3.9401,400000,46118097,Released,6.786,2140,Napoleon Pictures,United States of America
9372,ok,Super Size Me,2004-01-17,en,1.6666,65000,28575078,Released,6.723,1768,The Con,United States of America
9472,ok,DodgeBall: A True Underdog Story,2004-06-18,en,5.4203,20000000,168423227,Released,6.363,3803,20th Century Fox,United States of America
594,ok,The Terminal,2004-06-17,en,6.5797,60000000,219417255,Released,7.352,8645,DreamWorks Pictures,United States of America
11036,ok,The Notebook,2004-06-25,en,21.3009,29000000,115600000,Released,7.888,12476,New Line Cinema,United States of America
1777,ok,Fahrenheit 9/11,2004-06-25,en,3.0762,6000000,222400000,Released,7.084,1516,Fellowship Adventure Group,Italy
558,ok,Spider-Man 2,2004-06-25,en,9.0594,200000000,788976453,Released,7.304,16260,Marvel Enterprises,United States of America
8699,ok,Anchorman: The Legend of Ron Burgundy,2004-06-28,en,4.7954,26000000,90574188,Released,6.702,4563,DreamWorks Pictures,United States of America
2048,ok,"I, Robot",2004-07-15,en,9.8265,120000000,347234916,Released,6.961,12590,Davis Entertainment,United States of America
2502,ok,The Bourne Supremacy,2004-07-23,en,7.4897,75000000,288500217,Released,7.329,8110,Universal Pictures,United States of America
6947,ok,The Village,2004-07-30,en,5.4822,60000000,256700000,Released,6.482,4557,Touchstone Pictures,United States of America
401,ok,Garden State,2004-07-28,en,3.1323,2500000,26781723,Released,7.08,2037,Camelot Pictures,United States of America
1538,ok,Collateral,2004-08-04,en,6.8194,65000000,220239925,Released,7.2,6230,Paramount Pictures,United States of America
11282,ok,Harold & Kumar Go to White Castle,2004-07-02,en,4.195,9000000,23936908,Released,6.6,2255,Senator International,United States of America
1653,ok,The Motorcycle Diaries,2004-02-06,es,3.0853,0,57663224,Released,7.418,1421,Film4 Productions,Argentina
747,ok,Shaun of the Dead,2004-04-09,en,7.6893,6000000,39396175,Released,7.542,9280,WT² Productions,United Kingdom
1599,ok,I ♥ Huckabees,2004-09-10,en,3.2352,22000000,20094909,Released,6.295,699,Fox Searchlight Pictures,Germany
3989,ok,Team America: World Police,2004-10-10,en,3.0905,32000000,50826898,Released,6.734,2036,Paramount Pictures,United States of America
9675,ok,Sideways,2004-10-22,en,4.1329,16000000,109502303,Released,7.118,1873,Fox Searchlight Pictures,United States of America
4553,ok,The Machinist,2004-09-24,en,4.9914,5000000,8203235,Released,7.5,6110,Castelao Productions,Spain
176,ok,Saw,2004-10-01,en,11.0181,1200000,104045735,Released,7.421,10002,Twisted Pictures,United States of America
9806,ok,The Incredibles,2004-10-27,en,16.0014,92000000,631442092,Released,7.7,18807,Pixar,United States of America
9801,ok,Bridget Jones: The Edge of Reason,2004-11-10,en,3.1808,40000000,265126918,Released,6.228,3017,StudioCanal,United Kingdom
866,ok,Finding Neverland,2004-10-29,en,3.744,25000000,116766556,Released,7.318,3726,Miramax,United States of America
2059,ok,National Treasure,2004-11-19,en,7.2221,100000000,347500000,Released,6.651,6824,Walt Disney Pictures,United States of America
9550,ok,House of Flying Daggers,2004-08-03,zh,4.1842,15000000,92863945,Released,7.264,1783,China Film Co-Production,China
163,ok,Ocean's Twelve,2004-12-09,en,6.9413,110000000,362744280,Released,6.566,7850,Warner Bros. Pictures,United States of America
55931,ok,The Animatrix,2003-05-09,en,4.9947,5000000,68000000,Released,7.216,1759,Warner Bros. Pictures,Japan
11774,ok,Lemony Snicket's A Series of Unfortunate Events,2004-12-16,en,5.9683,140000000,209073645,Released,6.819,5262,Paramount Pictures,United States of America
670,ok,Oldboy,2003-11-21,ko,19.0948,3000000,17500000,Released,8.2,9778,Show East,South Korea
3509,ok,A Scanner Darkly,2006-07-07,en,3.5582,8700000,7659918,Released,6.798,1933,Warner Independent Pictures,United States of America
70,ok,Million Dollar Baby,2004-12-05,en,7.5253,30000000,216763646,Released,7.954,10309,Lakeshore Entertainment,Switzerland
205,ok,Hotel Rwanda,2004-12-22,en,4.1318,17500000,38000000,Released,7.719,3151,United Artists,United States of America
118,ok,Charlie and the Chocolate Factory,2005-07-13,en,11.5146,150000000,475000000,Released,7.038,16060,Warner Bros. Pictures,United Kingdom
421,ok,The Life Aquatic with Steve Zissou,2004-12-10,en,3.8228,50000000,34808403,Released,7.074,3148,American Empirical Pictures,United States of America
2567,ok,The Aviator,2004-12-17,en,7.1753,110000000,213719942,Released,7.217,5811,Warner Bros. Pictures,Germany
693,ok,Meet the Fockers,2004-12-22,en,6.9922,80000000,516642939,Released,6.254,5130,Universal Pictures,United States of America
613,ok,Downfall,2004-09-16,de,5.8193,16000000,92181574,Released,7.9,4277,NDR,Austria
4935,ok,Howl's Moving Castle,2004-09-09,ja,22.6675,24000000,236049757,Released,8.386,11000,Studio Ghibli,Japan
8488,ok,Hitch,2005-02-11,en,5.598,70000000,371600000,Released,6.579,6196,Columbia Pictures,United States of America
561,ok,Constantine,2005-02-08,en,12.2312,100000000,230900000,Released,7.122,7955,Village Roadshow Pictures,Germany
187,ok,Sin City,2005-04-01,en,6.8374,40000000,158733820,Released,7.464,8788,Dimension Films,United States of America
7453,ok,The Hitchhiker's Guide to the Galaxy,2005-04-28,en,6.7213,50000000,104500000,Released,6.684,4212,Spyglass Entertainment,United Kingdom
1640,ok,Crash,2005-05-06,en,5.8415,6500000,98400000,Released,7.216,3850,Blackfriars Bridge Films,United States of America
1895,ok,Star Wars: Episode III - Revenge of the Sith,2005-05-17,en,10.1774,113000000,850000000,Released,7.5,14858,Lucasfilm Ltd.,United States of America
953,ok,Madagascar,2005-05-25,en,15.8565,75000000,542064525,Released,6.922,11675,Pacific Data Images,United States of America
787,ok,Mr. & Mrs. Smith,2005-06-07,en,17.2435,110000000,487287646,Released,6.691,11164,Regency Enterprises,Switzerland
272,ok,Batman Begins,2005-06-10,en,14.9364,150000000,374218673,Released,7.723,22499,Warner Bros. Pictures,United Kingdom
74,ok,War of the Worlds,2005-06-28,en,10.5579,132000000,603873119,Released,6.536,9118,Paramount Pictures,United States of America
9738,ok,Fantastic Four,2005-06-29,en,7.4645,100000000,333535934,Released,5.8,9944,Kumar Mobiliengesellschaft mbH & Co. Projekt Nr. 3 KG,Germany
9522,ok,Wedding Crashers,2005-07-13,en,6.3198,40000000,288500000,Released,6.497,4680,Avery Pix,United States of America
1635,ok,The Island,2005-07-21,en,6.6772,126000000,162949164,Released,6.693,5848,DreamWorks Pictures,United States of America
16320,ok,Serenity,2005-09-25,en,6.9509,39000000,38869464,Released,7.361,3844,Universal Pictures,United States of America
308,ok,Broken Flowers,2005-07-31,en,2.9817,10000000,46720491,Released,6.941,1471,Focus Features,United States of America
6957,ok,The 40 Year Old Virgin,2005-08-11,en,7.1962,26000000,177400000,Released,6.421,7185,Universal Pictures,United States of America
4442,ok,The Brothers Grimm,2005-08-26,en,4.2544,88000000,105300000,Released,5.852,2942,Summit Entertainment,United Kingdom
1830,ok,Lord of War,2005-09-16,en,6.7006,50000000,72600000,Released,7.343,5301,Endgame Entertainment,France
8202,ok,Æon Flux,2005-11-30,en,4.6655,62000000,53321673,Released,5.635,2439,Paramount Pictures,United States of America
3933,ok,Corpse Bride,2005-09-12,en,9.6453,40000000,118133252,Released,7.6,10128,Tim Burton Productions,United Kingdom
59,ok,A History of Violence,2005-09-23,en,13.1118,32000000,61477797,Released,7.163,3699,New Line Cinema,Germany
398,ok,Capote,2005-09-30,en,3.0057,7000000,49327405,Released,6.979,1631,United Artists,United States of America
533,ok,Wallace & Gromit: The Curse of the Were-Rabbit,2005-09-15,en,5.5449,30000000,192610372,Released,7.118,3060,Aardman,United Kingdom
5236,ok,Kiss Kiss Bang Bang,2005-09-14,en,3.6916,15000000,15785148,Released,7.162,2991,Silver Pictures,United States of America
142,ok,Brokeback Mountain,2005-10-22,en,10.4018,14000000,178043761,Released,7.785,7513,Focus Features,Canada
3291,ok,"Good Night, and Good Luck.",2005-09-16,en,3.5955,7000000,54600000,Released,7.069,1099,Warner Independent Pictures,France
4348,ok,Pride & Prejudice,2005-09-16,en,14.6295,28000000,124604345,Released,8.049,8718,StudioCanal,France
674,ok,Harry Potter and the Goblet of Fire,2005-11-16,en,19.4481,150000000,895921036,Released,7.801,22057,Warner Bros. Pictures,United Kingdom
69,ok,Walk the Line,2005-09-13,en,5.1133,28000000,186800000,Released,7.497,3123,Mars Media Beteiligungs,Germany
411,ok,"The Chronicles of Narnia: The Lion, the Witch and the Wardrobe",2005-12-07,en,14.7845,180000000,745013115,Released,7.135,11444,Walt Disney Pictures,United Kingdom
254,ok,King Kong,2005-12-12,en,10.6579,207000000,562363449,Released,6.888,8459,Universal Pictures,United States of America
612,ok,Munich,2005-12-23,en,4.7747,70000000,130982129,Released,7.134,2982,Universal Pictures,United States of America
950,ok,Ice Age: The Meltdown,2006-03-29,en,11.489,80000000,660998756,Released,6.717,10308,20th Century Fox Animation,United States of America
752,ok,V for Vendetta,2006-02-23,en,8.4097,54000000,134686457,Released,7.899,15492,Virtual Studios,Germany
9388,ok,Thank You for Smoking,2005-09-09,en,2.9735,6500000,24793509,Released,7.196,2393,ContentFilm,United Kingdom
388,ok,Inside Man,2006-03-17,en,6.5797,45000000,186003591,Released,7.404,6318,40 Acres and a Mule Filmworks,United States of America
582,ok,The Lives of Others,2006-03-23,de,4.6124,2000000,77672685,Released,8.038,4098,Creado Film,Germany
186,ok,Lucky Number Slevin,2006-02-24,en,5.8982,27000000,56300000,Released,7.477,4430,FilmEngine,Canada
956,ok,Mission: Impossible III,2006-04-25,en,7.8243,150000000,398479497,Released,6.762,7575,Paramount Pictures,United States of America
591,ok,The Da Vinci Code,2006-05-17,en,7.8832,125000000,760006945,Released,6.725,10012,Imagine Entertainment,United States of America
36668,ok,X-Men: The Last Stand,2006-05-24,en,0.4852,210000000,459359555,Released,6.418,10330,The Donners' Company,United States of America
920,ok,Cars,2006-06-08,en,17.3519,120000000,461983149,Released,7.025,15040,Pixar,United States of America
9339,ok,Click,2006-06-23,en,9.1005,82500000,240685326,Released,6.304,7525,Original Film,United States of America
350,ok,The Devil Wears Prada,2006-06-29,en,247.6948,35000000,326588371,Released,7.389,13140,Fox 2000 Pictures,United States of America
58,ok,Pirates of the Caribbean: Dead Man's Chest,2006-07-06,en,19.5346,200000000,1066179747,Released,7.375,17061,Walt Disney Pictures,United States of America
1452,ok,Superman Returns,2006-06-28,en,6.6037,223000000,391081192,Released,5.804,4535,Warner Bros. Pictures,United States of America
773,ok,Little Miss Sunshine,2006-07-26,en,5.081,8000000,100523351,Released,7.691,7804,Big Beach,United States of America
1164,ok,Babel,2006-10-26,en,5.8619,25000000,135330835,Released,7.17,4052,Central Films,France
9718,ok,Talladega Nights: The Ballad of Ricky Bobby,2006-08-04,en,3.4918,72500000,163000000,Released,6.371,1881,Apatow Productions,United States of America
1593,ok,Night at the Museum,2006-12-20,en,9.8301,110000000,574480841,Released,6.599,10911,1492 Pictures,United States of America
1262,ok,Stranger Than Fiction,2006-11-10,en,3.1219,30000000,53653224,Released,7.287,2517,Three Strange Angels,United Kingdom
1402,ok,The Pursuit of Happyness,2006-12-14,en,10.7021,55000000,307077295,Released,7.9,10544,Escape Artists,United States of America
1491,ok,The Illusionist,2006-08-18,en,4.2747,16500000,87892388,Released,7.297,5291,Contagious Entertainment,United States of America
496,ok,Borat: Cultural Learnings of America for Make Benefit Glorious Nation of Kazakhstan,2006-11-01,en,5.0338,18000000,262552893,Released,6.785,5928,20th Century Fox,United Kingdom
1417,ok,Pan's Labyrinth,2006-10-11,es,10.4849,19000000,83258226,Released,7.762,11392,Estudios Picasso,Mexico
1422,ok,The Departed,2006-10-04,en,13.8754,90000000,291465000,Released,8.2,16109,Warner Bros. Pictures,Hong Kong
1523,ok,The Last King of Scotland,2006-09-27,en,3.7496,6000000,48600000,Released,7.4,2352,Fox Searchlight Pictures,United States of America
9693,ok,Children of Men,2006-09-22,en,9.0524,76000000,70595464,Released,7.609,7796,Universal Pictures,United Kingdom
1124,ok,The Prestige,2006-10-19,en,13.0174,40000000,109676311,Released,8.206,17490,Warner Bros. Pictures,United Kingdom
36557,ok,Casino Royale,2006-11-14,en,10.3033,150000000,599045960,Released,7.569,11630,Metro-Goldwyn-Mayer,United Kingdom
7551,ok,Déjà Vu,2006-11-22,en,6.6395,75000000,180557550,Released,6.881,5247,Touchstone Pictures,United States of America
1581,ok,The Holiday,2006-12-05,en,7.9439,85000000,205233866,Released,7.098,5612,Relativity Media,United States of America
1372,ok,Blood Diamond,2006-12-08,en,7.8083,100000000,171720398,Released,7.556,8279,Virtual Studios,Germany
2062,ok,Ratatouille,2007-06-28,en,18.0867,150000000,623726000,Released,7.839,18388,Pixar,United States of America
4638,ok,Hot Fuzz,2007-02-14,en,7.8938,12000000,80600000,Released,7.563,8280,Big Talk Studios,France
1949,ok,Zodiac,2007-03-02,en,10.6487,65000000,84785914,Released,7.528,11491,Paramount Pictures,United States of America
1271,ok,300,2007-03-07,en,10.4825,65000000,456082343,Released,7.197,14658,Virtual Studios,United States of America
7485,ok,Shooter,2007-03-22,en,12.6019,61000000,95700000,Released,7.118,5410,Paramount Pictures,United States of America
253768,not_found,,,,,,,,,,,
559,ok,Spider-Man 3,2007-05-01,en,16.4155,258000000,894983373,Released,6.455,15133,Laura Ziskin Productions,United States of America
4964,ok,Knocked Up,2007-06-01,en,7.1956,30000000,219900000,Released,6.305,4251,Apatow Productions,United States of America
1562,ok,28 Weeks Later,2007-04-26,en,8.6156,15000000,72304846,Released,6.606,5512,DNA Films,United Kingdom
810,ok,Shrek the Third,2007-05-17,en,9.3399,160000000,813367380,Released,6.306,9731,DreamWorks Animation,United States of America
285,ok,Pirates of the Caribbean: At World's End,2007-05-19,en,15.6142,300000000,961691209,Released,7.266,15377,Jerry Bruckheimer Films,United States of America
298,ok,Ocean's Thirteen,2007-06-05,en,5.8671,85000000,311312624,Released,6.726,6849,Warner Bros. Pictures,United States of America
1979,ok,Fantastic Four: Rise of the Silver Surfer,2007-06-13,en,6.1864,130000000,301913131,Released,5.632,8362,1492 Pictures,Germany
1991,ok,Death Proof,2007-05-22,en,5.5061,25000000,31126421,Released,6.84,5591,Dimension Films,United States of America
3021,ok,1408,2007-06-22,en,6.1477,25000000,133000000,Released,6.698,4858,Dimension Films,United States of America
1571,ok,Live Free or Die Hard,2007-06-20,en,7.07,110000000,383531464,Released,6.642,6308,Dune Entertainment,United Kingdom
1858,ok,Transformers,2007-06-27,en,4.1186,150000000,709709780,Released,6.823,12137,DreamWorks Pictures,United States of America
675,ok,Harry Potter and the Order of the Phoenix,2007-07-08,en,18.6281,150000000,938212738,Released,7.672,20711,Warner Bros. Pictures,United Kingdom
2270,ok,Stardust,2007-08-10,en,8.5481,70000000,137500000,Released,7.3,4418,Paramount Pictures,Iceland
35,ok,The Simpsons Movie,2007-07-25,en,7.4197,75000000,527068851,Released,7.0,8510,Gracie Films,United States of America
2503,ok,The Bourne Ultimatum,2007-08-03,en,7.6901,70000000,442824138,Released,7.436,8320,Universal Pictures,United States of America
8363,ok,Superbad,2007-08-17,en,10.8669,20000000,170800000,Released,7.26,8025,Columbia Pictures,United States of America
1992,ok,Planet Terror,2007-04-06,en,4.7885,23000000,11446172,Released,6.7,3803,Dimension Films,United States of America
5176,ok,3:10 to Yuma,2007-09-06,en,5.3227,55000000,70000000,Released,7.2,3997,Lionsgate,United States of America
5915,ok,Into the Wild,2007-09-21,en,7.3407,15000000,56255142,Released,7.798,10091,River Road Entertainment,United States of America
4538,ok,The Darjeeling Limited,2007-09-07,en,3.4465,16000000,24377151,Released,7.1,3936,Fox Searchlight Pictures,United States of America
4771,ok,Gone Baby Gone,2007-09-18,en,5.501,19000000,34600000,Released,7.3,4163,Miramax,United States of America
4982,ok,American Gangster,2007-11-02,en,9.0202,100000000,269755430,Released,7.6,5993,Film Rites,United States of America
6977,ok,No Country for Old Men,2007-11-09,en,12.0667,25000000,171627166,Released,7.951,13221,Miramax,United States of America
6479,ok,I Am Legend,2007-12-12,en,12.6818,150000000,585410052,Released,7.21,16752,Warner Bros. Pictures,United States of America
7326,ok,Juno,2007-12-05,en,6.0246,7500000,232372681,Released,7.059,7603,Mandate Pictures,United States of America
13885,ok,Sweeney Todd: The Demon Barber of Fleet Street,2007-12-21,en,5.7915,50000000,153384272,Released,7.177,6308,DreamWorks Pictures,United Kingdom
6637,ok,National Treasure: Book of Secrets,2007-12-19,en,6.0741,130000000,459200000,Released,6.374,5517,Walt Disney Pictures,United States of America
7345,ok,There Will Be Blood,2007-12-26,en,10.6467,25000000,77208711,Released,8.077,7389,Paramount Vantage,United States of America
6557,ok,27 Dresses,2008-01-10,en,6.9718,30000000,160300000,Released,6.454,3397,Fox 2000 Pictures,United States of America
7191,ok,Cloverfield,2008-01-15,en,6.6586,25000000,170764026,Released,6.709,7736,Bad Robot,United States of America
8321,ok,In Bruges,2008-02-08,en,5.7127,15000000,34533783,Released,7.502,5730,Twins Financing,United Kingdom
155,ok,The Dark Knight,2008-07-16,en,36.2439,185000000,1004558444,Released,8.529,35607,Warner Bros. Pictures,United Kingdom
9870,ok,Forgetting Sarah Marshall,2008-04-17,en,5.1257,30000000,105173115,Released,6.507,3671,Universal Pictures,United States of America
1726,ok,Iron Man,2008-04-30,en,23.16,140000000,585174222,Released,7.7,28019,Marvel Studios,United States of America
8681,ok,Taken,2008-02-18,en,10.1923,25000000,226830568,Released,7.4,12034,EuropaCorp,France
217,ok,Indiana Jones and the Kingdom of the Crystal Skull,2008-05-21,en,6.7819,185000000,786636033,Released,6.023,8981,Paramount Pictures,United States of America
9502,ok,Kung Fu Panda,2008-06-04,en,18.3444,130000000,632091832,Released,7.319,12564,DreamWorks Animation,United States of America
1724,ok,The Incredible Hulk,2008-06-12,en,12.0112,150000000,264770996,Released,6.235,12626,Marvel Studios,United States of America
10681,ok,WALL·E,2008-06-22,en,18.3747,180000000,521311860,Released,8.11,20169,Pixar,United States of America
8909,ok,Wanted,2008-06-19,en,9.1554,75000000,342463063,Released,6.53,7556,Kickstart Entertainment,United States of America
8960,ok,Hancock,2008-07-01,en,6.843,150000000,629400000,Released,6.354,10203,Columbia Pictures,United States of America
13183,ok,Watchmen,2009-03-04,en,8.9823,130000000,185258983,Released,7.353,9936,Warner Bros. Pictures,United States of America
12133,ok,Step Brothers,2008-07-25,en,5.487,65000000,128100000,Released,6.556,3383,Columbia Pictures,United States of America
10189,ok,Pineapple Express,2008-08-06,en,5.4324,27000000,101624843,Released,6.642,4163,Columbia Pictures,United States of America
7446,ok,Tropic Thunder,2008-08-09,en,7.5845,92000000,195702811,Released,6.711,6913,DreamWorks Pictures,United States of America
4944,ok,Burn After Reading,2008-09-05,en,5.079,37000000,163700000,Released,6.673,5194,Focus Features,United States of America
10358,ok,Zack and Miri Make a Porno,2008-09-18,en,6.4784,24000000,42105111,Released,6.343,2648,Blue Askew,United States of America
12405,ok,Slumdog Millionaire,2008-11-12,en,6.8036,15000000,378400000,Released,7.731,11273,Celador Films,United Kingdom
10764,ok,Quantum of Solace,2008-10-29,en,7.5251,200000000,589593688,Released,6.336,8497,EON Productions,United Kingdom
15373,ok,Role Models,2008-11-07,en,4.5115,28000000,92380927,Released,6.487,2132,Universal Pictures,United States of America
8966,ok,Twilight,2008-11-20,en,16.0601,37000000,393616788,Released,6.28,14344,Summit Entertainment,United Kingdom
13223,ok,Gran Torino,2008-12-12,en,7.2621,33000000,270000000,Released,7.989,11502,Matten Productions,United States of America
12163,ok,The Wrestler,2008-09-07,en,4.6695,6000000,44734660,Released,7.536,3991,Wild Bunch,United States of America
4922,ok,The Curious Case of Benjamin Button,2008-12-25,en,8.2511,150000000,335802786,Released,7.598,13660,Paramount Pictures,United States of America
10201,ok,Yes Man,2008-12-09,en,5.9551,70000000,223200000,Released,6.7,7343,Warner Bros. Pictures,United Kingdom
14836,ok,Coraline,2009-02-05,en,27.6982,60000000,185860104,Released,7.901,8894,LAIKA,United States of America
14301,not_found,,,,,,,,,,,
15472,ok,The Girl with the Dragon Tattoo,2009-02-27,sv,4.4258,13000000,109421911,Released,7.533,3207,Det Danske Filminstitut,Denmark
16869,ok,Inglourious Basterds,2009-08-02,en,17.421,70000000,321457747,Released,8.217,24063,Universal Pictures,Germany
17431,ok,Moon,2009-06-12,en,5.6024,5000000,9760104,Released,7.567,6235,Lunar Industries,United Kingdom
2080,ok,X-Men Origins: Wolverine,2009-04-28,en,0.872,150000000,373062864,Released,6.287,11193,The Donners' Company,United States of America
13475,ok,Star Trek,2009-05-06,en,8.2362,150000000,386839614,Released,7.43,10445,Paramount Pictures,United States of America
14160,ok,Up,2009-05-28,en,19.5726,175000000,735103954,Released,7.958,21582,Pixar,United States of America
18785,ok,The Hangover,2009-06-02,en,17.2131,35000000,469310836,Released,7.331,18016,Legendary Pictures,United States of America
12162,ok,The Hurt Locker,2008-10-10,en,6.3056,15000000,49259766,Released,7.255,6135,First Light,United States of America
8373,ok,Transformers: Revenge of the Fallen,2009-06-19,en,3.2961,200000000,836304167,Released,6.209,9112,DreamWorks Pictures,United States of America
19913,ok,(500) Days of Summer,2009-07-17,en,7.5244,7500000,60781545,Released,7.301,10980,Fox Searchlight Pictures,United States of America
767,ok,Harry Potter and the Half-Blood Prince,2009-07-15,en,16.8379,250000000,933959197,Released,7.681,20689,Warner Bros. Pictures,United Kingdom
17654,ok,District 9,2009-08-05,en,8.1388,30000000,210888950,Released,7.464,10269,TriStar Pictures,New Zealand
19908,ok,Zombieland,2009-10-02,en,7.6982,23600000,102391540,Released,7.26,13108,Columbia Pictures,United States of America
22947,ok,Up in the Air,2009-12-04,en,4.364,25000000,166842739,Released,6.893,3967,Paramount Pictures,United States of America
14161,ok,2012,2009-10-10,en,12.8803,200000000,791217826,Released,5.874,12681,Columbia Pictures,United States of America
22881,ok,The Blind Side,2009-11-20,en,18.9675,29000000,309231694,Released,7.665,6807,Alcon Entertainment,United States of America
19995,ok,Avatar,2009-12-16,en,28.7787,237000000,2923706026,Released,7.602,33857,Dune Entertainment,United States of America
10528,ok,Sherlock Holmes,2009-12-23,en,8.2846,90000000,524028679,Released,7.219,14719,Warner Bros. Pictures,United States of America
11324,ok,Shutter Island,2010-02-14,en,15.8898,80000000,294804195,Released,8.198,25726,Paramount Pictures,United States of America
12155,ok,Alice in Wonderland,2010-03-03,en,12.7002,200000000,1025467110,Released,6.639,14740,Walt Disney Pictures,United States of America
10191,ok,How to Train Your Dragon,2010-03-18,en,14.2922,165000000,495141736,Released,7.858,14295,DreamWorks Animation,United States of America
23483,ok,Kick-Ass,2010-03-26,en,6.8555,28000000,96188903,Released,7.124,12334,Plan B Entertainment,United Kingdom
10138,ok,Iron Man 2,2010-04-28,en,26.4834,200000000,623933331,Released,6.851,22292,Marvel Studios,United States of America
10193,ok,Toy Story 3,2010-06-16,en,16.4106,200000000,1067316101,Released,7.804,15653,Pixar,United States of America
20352,ok,Despicable Me,2010-07-08,en,17.1081,69000000,543284256,Released,7.257,16003,Illumination,United States of America
27205,ok,Inception,2010-07-15,en,32.5346,160000000,839030630,Released,8.372,39111,Legendary Pictures,United Kingdom
27581,ok,The Other Guys,2010-08-06,en,6.5805,100000000,170432927,Released,6.33,4552,Columbia Pictures,United States of America
22538,ok,Scott Pilgrim vs. the World,2010-08-12,en,7.6441,73000000,51825248,Released,7.485,8529,Marc Platt Productions,Japan
37799,ok,The Social Network,2010-10-01,en,11.0115,40000000,224920315,Released,7.373,13095,Columbia Pictures,United States of America
23168,ok,The Town,2010-09-15,en,7.4052,37000000,154026136,Released,7.2,5602,Legendary Pictures,United States of America
37735,ok,Easy A,2010-09-16,en,6.8711,8000000,75026327,Released,6.805,7346,Screen Gems,United States of America
39514,ok,RED,2010-10-13,en,8.7078,58000000,199006387,Released,6.706,7116,di Bonaventura Pictures,United States of America
38055,ok,Megamind,2010-10-28,en,10.7603,130000000,321885765,Released,7.022,7433,DreamWorks Animation,United States of America
44214,ok,Black Swan,2010-12-03,en,10.3325,13000000,329398046,Released,7.685,15495,Fox Searchlight Pictures,United States of America
12444,ok,Harry Potter and the Deathly Hallows: Part 1,2010-11-17,en,19.7669,250000000,954305868,Released,7.734,20286,Warner Bros. Pictures,United Kingdom
45269,ok,The King's Speech,2010-11-26,en,6.9364,15000000,414211549,Released,7.7,9265,The Weinstein Company,United Kingdom
38757,ok,Tangled,2010-11-24,en,19.4069,260000000,592461732,Released,7.61,12327,Walt Disney Animation Studios,United States of America
45317,ok,The Fighter,2010-12-10,en,5.2393,25000000,129190869,Released,7.38,4704,The Weinstein Company,United States of America
44264,ok,True Grit,2010-12-22,en,6.6998,38000000,252300000,Released,7.305,5723,Scott Rudin Productions,United States of America
51876,ok,Limitless,2011-03-17,en,11.0396,27000000,161900000,Released,7.197,11407,Relativity Media,United States of America
38050,ok,The Adjustment Bureau,2011-03-03,en,4.8472,50200000,127900000,Released,6.778,4887,Universal Pictures,United States of America
45612,ok,Source Code,2011-03-30,en,6.5595,32000000,147332697,Released,7.31,9059,The Mark Gordon Company,United States of America
10195,ok,Thor,2011-04-21,en,14.7038,150000000,449326618,Released,6.768,22264,Marvel Studios,United States of America
55721,ok,Bridesmaids,2011-05-13,en,7.6525,32500000,288383523,Released,6.506,4656,Apatow Productions,United States of America
1865,ok,Pirates of the Caribbean: On Stranger Tides,2011-05-15,en,14.635,379000000,1046721266,Released,6.566,14884,Walt Disney Pictures,United Kingdom
59436,ok,Midnight in Paris,2011-05-11,en,4.6427,17000000,151119219,Released,7.514,7710,Mediapro,France
49538,ok,X-Men: First Class,2011-06-01,en,0.4733,160000000,353624124,Released,7.3,13491,The Donners' Company,United States of America
37686,ok,Super 8,2011-06-09,en,6.1608,50000000,260100000,Released,6.775,7040,Paramount Pictures,United States of America
51540,ok,Horrible Bosses,2011-07-08,en,5.5316,35000000,209838559,Released,6.573,6773,New Line Cinema,United States of America
12445,ok,Harry Potter and the Deathly Hallows: Part 2,2011-07-12,en,18.9625,125000000,1341511219,Released,8.08,21894,Warner Bros. Pictures,United Kingdom
64690,ok,Drive,2011-09-15,en,9.6248,15000000,79713640,Released,7.583,13550,FilmDistrict,United States of America
1771,ok,Captain America: The First Avenger,2011-07-22,en,9.7973,140000000,370569774,Released,7.005,22653,Marvel Studios,United States of America
50646,ok,"Crazy, Stupid, Love.",2011-07-29,en,10.8619,50000000,145079584,Released,7.272,9231,Warner Bros. Pictures,United States of America
50544,ok,Friends with Benefits,2011-07-21,en,6.9442,35000000,149500000,Released,6.6,8364,Castle Rock Entertainment,United States of America
61791,ok,Rise of the Planet of the Apes,2011-08-03,en,9.0584,93000000,481800873,Released,7.341,12694,Dune Entertainment,United Kingdom
50014,ok,The Help,2011-08-09,en,11.3061,25000000,216600000,Released,8.199,8978,1492 Pictures,United States of America
60308,ok,Moneyball,2011-09-23,en,9.4796,50000000,110206216,Released,7.289,5726,Scott Rudin Productions,United States of America
24428,ok,The Avengers,2012-04-25,en,52.5169,220000000,1518815515,Released,8.014,37573,Marvel Studios,United States of America
70160,ok,The Hunger Games,2012-03-12,en,9.3008,75000000,694000000,Released,7.222,23219,Lionsgate,United States of America
49026,ok,The Dark Knight Rises,2012-07-17,en,17.602,250000000,1081041287,Released,7.793,24253,Syncopy,United Kingdom
58574,ok,Sherlock Holmes: A Game of Shadows,2011-11-22,en,5.1236,125000000,334615000,Released,7.1,10894,Village Roadshow Pictures,United States of America
56292,ok,Mission: Impossible - Ghost Protocol,2011-12-07,en,9.7024,145000000,694713380,Released,7.111,10721,Paramount Pictures,United States of America
65754,ok,The Girl with the Dragon Tattoo,2011-12-14,en,7.0622,90000000,232617430,Released,7.383,7561,Columbia Pictures,Sweden
77338,ok,The Intouchables,2011-11-02,fr,19.8315,13000000,426590315,Released,8.269,18350,Gaumont,France
64688,ok,21 Jump Street,2012-03-14,en,8.5884,42000000,201585328,Released,6.886,10970,Columbia Pictures,United States of America
22970,ok,The Cabin in the Woods,2012-04-12,en,7.2768,30000000,71038838,Released,6.648,8490,Mutant Enemy Productions,United States of America
70981,ok,Prometheus,2012-05-30,en,8.824,130000000,403354469,Released,6.594,13194,Dune Entertainment,United States of America
83666,ok,Moonrise Kingdom,2012-05-16,en,5.0353,16000000,68263166,Released,7.676,6301,Indian Paintbrush,United States of America
62177,ok,Brave,2012-06-21,en,20.4162,185000000,538983207,Released,7.022,14106,Pixar,United States of America
72105,ok,Ted,2012-06-29,en,14.6455,50000000,549368315,Released,6.448,13104,Universal Pictures,United States of America
1930,ok,The Amazing Spider-Man,2012-06-23,en,16.0578,215000000,758725893,Released,6.732,18427,Marvel Entertainment,United States of America
37724,ok,Skyfall,2012-10-24,en,7.1868,200000000,1108594176,Released,7.26,16072,Metro-Goldwyn-Mayer,United Kingdom
114150,ok,Pitch Perfect,2012-09-28,en,9.1768,17000000,115647426,Released,7.273,6848,Brownstone Productions,United States of America
59967,ok,Looper,2012-09-26,en,6.6386,30000000,47042000,Released,6.907,10841,Endgame Entertainment,United States of America
84892,ok,The Perks of Being a Wallflower,2012-09-20,en,7.0601,13000000,33384127,Released,7.802,11158,Mr. Mudd,United States of America
68734,ok,Argo,2012-10-11,en,5.8911,44500000,232300000,Released,7.285,8910,GK Films,United States of America
82690,ok,Wreck-It Ralph,2012-11-01,en,13.1911,165000000,471222889,Released,7.356,13026,Walt Disney Animation Studios,United States of America
82693,ok,Silver Linings Playbook,2012-11-16,en,10.3576,21000000,236412453,Released,7.151,12611,The Weinstein Company,United States of America
87827,ok,Life of Pi,2012-11-20,en,8.9298,120000000,609016565,Released,7.408,13720,Fox 2000 Pictures,United States of America
49051,ok,The Hobbit: An Unexpected Journey,2012-12-12,en,17.507,250000000,1021103568,Released,7.371,19550,New Line Cinema,New Zealand
68718,ok,Django Unchained,2012-12-25,en,15.3254,100000000,425368238,Released,8.19,27911,The Weinstein Company,United States of America
75612,ok,Oblivion,2013-04-10,en,6.9765,120000000,286168572,Released,6.675,11445,Universal Pictures,United States of America
68721,ok,Iron Man 3,2013-04-18,en,18.1434,200000000,1215577205,Released,6.931,23351,Marvel Studios,United States of America
64682,ok,The Great Gatsby,2013-05-09,en,7.702,105000000,351040419,Released,7.352,12914,Warner Bros. Pictures,United States of America
54138,ok,Star Trek Into Darkness,2013-05-05,en,6.6518,190000000,467381584,Released,7.319,9616,Bad Robot,United States of America
75656,ok,Now You See Me,2013-05-29,en,14.1034,75000000,351723989,Released,7.331,16707,Summit Entertainment,United States of America
49521,ok,Man of Steel,2013-06-12,en,13.981,225000000,668045518,Released,6.642,16113,Syncopy,United Kingdom
138832,ok,We're the Millers,2013-08-07,en,9.5828,37000000,270000000,Released,6.84,9420,New Line Cinema,United Kingdom
49047,ok,Gravity,2013-10-03,en,7.568,105000000,723192705,Released,7.168,16269,Esperanto Filmoj,United Kingdom
109424,ok,Captain Phillips,2013-10-10,en,6.1732,55000000,218791811,Released,7.539,7450,Columbia Pictures,United States of America
76338,ok,Thor: The Dark World,2013-10-30,en,11.2054,170000000,644783140,Released,6.509,18267,Marvel Studios,United States of America
101299,ok,The Hunger Games: Catching Fire,2013-11-15,en,11.2132,130000000,865011746,Released,7.427,18374,Lionsgate,United States of America
57158,ok,The Hobbit: The Desolation of Smaug,2013-12-11,en,13.5317,250000000,958400000,Released,7.577,14130,New Line Cinema,New Zealand
109445,ok,Frozen,2013-11-20,en,18.7965,150000000,1274219009,Released,7.247,17515,Walt Disney Animation Studios,United States of America
106646,ok,The Wolf of Wall Street,2013-12-25,en,24.162,100000000,407038432,Released,8.027,25815,Red Granite Pictures,United States of America
116745,ok,The Secret Life of Walter Mitty,2013-12-18,en,7.5318,90000000,188133322,Released,7.217,8203,Samuel Goldwyn Films,United Kingdom
152601,ok,Her,2013-12-18,en,12.2803,23000000,47351251,Released,7.84,15239,Annapurna Pictures,United States of America
110415,ok,Snowpiercer,2013-08-01,ko,9.5577,39200000,86758912,Released,6.908,10373,Opus Pictures,South Korea
137106,ok,The Lego Movie,2014-02-06,en,14.4595,60000000,470759687,Released,7.421,8417,Lin Pictures,United States of America
120467,ok,The Grand Budapest Hotel,2014-02-26,en,12.1308,30000000,174600318,Released,8.029,16010,Fox Searchlight Pictures,United States of America
157336,ok,Interstellar,2014-11-05,en,64.0905,165000000,746606706,Released,8.471,39546,Legendary Pictures,United Kingdom
100402,ok,Captain America: The Winter Soldier,2014-03-20,en,8.0884,170000000,714766572,Released,7.653,19922,Marvel Studios,United States of America
127585,ok,X-Men: Days of Future Past,2014-05-15,en,11.1006,250000000,748045700,Released,7.53,16188,Bad Hat Harry Productions,United States of America
137113,ok,Edge of Tomorrow,2014-05-27,en,11.1289,178000000,370541256,Released,7.637,14972,RatPac Entertainment,United States of America
194662,ok,Birdman or (The Unexpected Virtue of Ignorance),2014-10-17,en,7.5725,18000000,103215094,Released,7.443,13534,TSG Entertainment,United States of America
244786,ok,Whiplash,2014-10-10,en,22.6028,3300000,50307484,Released,8.374,16542,Bold Films,United States of America
210577,ok,Gone Girl,2014-10-01,en,16.3214,61000000,370890259,Released,7.89,19872,20th Century Fox,United States of America
118340,ok,Guardians of the Galaxy,2014-07-30,en,9.4016,170000000,772776600,Released,7.905,29601,Marvel Studios,United States of America
245891,ok,John Wick,2014-10-22,en,13.442,20000000,86085191,Released,7.453,20732,87Eleven,United States of America
177572,ok,Big Hero 6,2014-10-24,en,21.1457,165000000,657870525,Released,7.724,16508,Walt Disney Animation Studios,United States of America
264660,ok,Ex Machina,2015-01-21,en,8.0481,15000000,36869414,Released,7.574,14194,DNA Films,United Kingdom
205596,ok,The Imitation Game,2014-11-14,en,15.7185,14000000,233555708,Released,7.985,18011,Bristol Automotive,United States of America
131631,ok,The Hunger Games: Mockingjay - Part 1,2014-11-19,en,12.8447,125000000,755356711,Released,6.816,16676,Lionsgate,United States of America
135397,ok,Jurassic World,2015-06-06,en,10.3121,150000000,1671537444,Released,6.698,21501,Amblin Entertainment,United States of America
207703,ok,Kingsman: The Secret Service,2015-01-24,en,13.6167,81000000,414351546,Released,7.619,17755,20th Century Fox,United Kingdom
76341,ok,Mad Max: Fury Road,2015-05-13,en,16.0742,150000000,378858340,Released,7.632,23988,Warner Bros. Pictures,Australia
140607,ok,Star Wars: The Force Awakens,2015-12-15,en,12.2283,245000000,2068223624,Released,7.25,20468,Lucasfilm Ltd.,United States of America
99861,ok,Avengers: Age of Ultron,2015-04-22,en,22.8654,235000000,1405403694,Released,7.27,24331,Marvel Studios,United States of America
102899,ok,Ant-Man,2015-07-14,en,11.8749,130000000,519311965,Released,7.065,20802,Marvel Studios,United States of America
293660,ok,Deadpool,2016-02-09,en,17.9204,58000000,782837347,Released,7.623,32633,20th Century Fox,United States of America
284053,ok,Thor: Ragnarok,2017-10-02,en,15.6727,180000000,855301806,Released,7.581,21928,Marvel Studios,United States of America
283995,ok,Guardians of the Galaxy Vol. 2,2017-04-19,en,17.3281,200000000,863756051,Released,7.609,22849,Marvel Studios,United States of America
271110,ok,Captain America: Civil War,2016-04-27,en,18.4576,250000000,1155046416,Released,7.448,23947,Marvel Studios,United States of America
284052,ok,Doctor Strange,2016-10-25,en,12.014,180000000,676343174,Released,7.419,23352,Marvel Studios,United States of America
286217,ok,The Martian,2015-09-30,en,14.559,108000000,631058917,Released,7.695,21104,Genre Films,United States of America
150540,ok,Inside Out,2015-06-17,en,23.0739,175000000,857611174,Released,7.91,23378,Pixar,United States of America
281957,ok,The Revenant,2015-12-25,en,10.7517,135000000,532950503,Released,7.54,19238,Monarchy Enterprises S.a.r.l.,Canada
318846,ok,The Big Short,2015-12-11,en,8.3623,28000000,133346506,Released,7.365,9797,Paramount Pictures,United States of America
269149,ok,Zootopia,2016-02-11,en,22.7252,150000000,1025521689,Released,7.76,17993,Walt Disney Animation Studios,United States of America
329865,ok,Arrival,2016-11-10,en,13.5163,47000000,203388186,Released,7.625,19243,FilmNation Entertainment,United States of America
330459,ok,Rogue One: A Star Wars Story,2016-12-14,en,9.3362,200000000,1056057273,Released,7.505,16328,Lucasfilm Ltd.,United States of America
263115,ok,Logan,2017-02-28,en,13.395,97000000,619021436,Released,7.819,20322,Hutch Parker Entertainment,United States of America
