movie_key,title,release_year,runtime_minutes,director_name,tmdb_original_language,tmdb_primary_country,tmdb_primary_company,imdb_avg_rating,imdb_num_votes,tmdb_popularity,tmdb_vote_average,tmdb_vote_count,release_period
1,Toy Story (1995),1995,81,John Lasseter,en,United States of America,Pixar,8.3,1172887.0,22.0209,7.972,19785.0,1990s
2,Jumanji (1995),1995,104,Joe Johnston,en,United States of America,TriStar Pictures,7.1,412876.0,3.144,7.244,11252.0,1990s
3,Grumpier Old Men (1995),1995,101,Howard Deutch,en,United States of America,Lancaster Gate,6.7,31681.0,2.4155,6.481,426.0,1990s
5,Father of the Bride Part II (1995),1995,106,Charles Shyer,en,United States of America,Touchstone Pictures,6.1,45130.0,3.2446,6.28,802.0,1990s
6,Heat (1995),1995,170,Michael Mann,en,United States of America,Warner Bros. Pictures,8.3,802871.0,14.6911,7.933,8279.0,1990s
7,Sabrina (1995),1995,127,Sydney Pollack,en,Germany,Paramount Pictures,6.3,47367.0,4.0012,6.218,685.0,1990s
10,GoldenEye (1995),1995,130,Martin Campbell,en,United Kingdom,EON Productions,7.2,286262.0,8.471,6.901,4304.0,1990s
11,"American President, The (1995)",1995,114,Rob Reiner,en,United States of America,Castle Rock Entertainment,6.9,65372.0,2.8763,6.535,779.0,1990s
16,Casino (1995),1995,178,Martin Scorsese,en,France,Universal Pictures,8.2,618942.0,8.3283,7.995,6497.0,1990s
17,Sense and Sensibility (1995),1995,136,Ang Lee,en,United States of America,Columbia Pictures,7.7,137366.0,6.177,7.42,1830.0,1990s
18,Four Rooms (1995),1995,98,Allison Anders,en,United States of America,Miramax,6.7,116910.0,3.8276,5.898,2824.0,1990s
19,Ace Ventura: When Nature Calls (1995),1995,90,Steve Oedekerk,en,United States of America,Morgan Creek Entertainment,6.4,249113.0,8.2542,6.329,4530.0,1990s
21,Get Shorty (1995),1995,105,Barry Sonnenfeld,en,United States of America,Metro-Goldwyn-Mayer,6.9,97240.0,4.0493,6.505,1205.0,1990s
22,Copycat (1995),1995,123,Jon Amiel,en,United States of America,Regency Enterprises,6.6,85693.0,4.3867,6.478,1253.0,1990s
24,Powder (1995),1995,111,Victor Salva,en,United States of America,Hollywood Pictures,6.6,34932.0,5.1028,6.996,710.0,1990s
25,Leaving Las Vegas (1995),1995,111,Mike Figgis,en,France,Initial Productions,7.5,145140.0,4.3981,7.254,1637.0,1990s
29,"City of Lost Children, The (Cité des enfants perdus, La) (1995)",1995,112,Marc Caro,fr,France,Constellation,7.4,74890.0,3.0414,7.241,1208.0,1990s
31,Dangerous Minds (1995),1995,99,John N. Smith,en,United States of America,Don Simpson/Jerry Bruckheimer Films,6.5,61300.0,3.9614,6.955,1258.0,1990s
32,Twelve Monkeys (a.k.a. 12 Monkeys) (1995),1995,129,Terry Gilliam,en,United States of America,Universal Pictures,8.0,679897.0,8.202,7.605,9070.0,1990s
34,Babe (1995),1995,91,Chris Noonan,en,Australia,Universal Pictures,6.9,142120.0,6.7938,6.266,3098.0,1990s
36,Dead Man Walking (1995),1995,122,Tim Robbins,en,United States of America,Havoc,7.5,108346.0,3.9629,7.329,1495.0,1990s
39,Clueless (1995),1995,97,Amy Heckerling,en,United States of America,Paramount Pictures,6.9,277489.0,8.9077,7.251,4777.0,1990s
44,Mortal Kombat (1995),1995,101,Paul W.S. Anderson,en,United States of America,New Line Cinema,5.8,132311.0,9.1168,5.877,2511.0,1990s
45,To Die For (1995),1995,106,Gus Van Sant,en,United Kingdom,Columbia Pictures,6.8,59557.0,3.6925,6.597,875.0,1990s
47,Seven (a.k.a. Se7en) (1995),1995,127,David Fincher,en,United States of America,New Line Cinema,8.6,2018668.0,22.1599,8.38,22969.0,1990s
48,Pocahontas (1995),1995,81,Mike Gabriel,en,United States of America,Walt Disney Feature Animation,6.7,217521.0,6.4523,6.9,6047.0,1990s
50,"Usual Suspects, The (1995)",1995,106,Bryan Singer,en,United States of America,Bad Hat Harry Productions,8.5,1238189.0,14.6112,8.17,11342.0,1990s
52,Mighty Aphrodite (1995),1995,95,Woody Allen,en,United States of America,Miramax,7.0,45009.0,2.8685,6.737,740.0,1990s
58,"Postman, The (Postino, Il) (1994)",1994,108,Michael Radford,it,Italy,Esterno Mediterraneo Film,7.8,41456.0,2.5103,7.917,1213.0,1990s
60,"Indian in the Cupboard, The (1995)",1995,96,Frank Oz,en,United States of America,Paramount Pictures,6.0,33078.0,2.7157,6.463,673.0,1990s
62,Mr. Holland's Opus (1995),1995,144,Stephen Herek,en,United States of America,Hollywood Pictures,7.4,44164.0,2.7749,6.975,452.0,1990s
65,Bio-Dome (1996),1996,88,Jason Bloom,en,United States of America,Weasel Productions,4.4,31647.0,2.2546,4.555,400.0,1990s
69,Friday (1995),1995,91,F. Gary Gray,en,United States of America,New Line Cinema,7.2,136915.0,6.4685,7.136,1997.0,1990s
70,From Dusk Till Dawn (1996),1996,108,Robert Rodriguez,en,United States of America,Los Hooligans Productions,7.2,370006.0,8.0791,7.041,6459.0,1990s
95,Broken Arrow (1996),1996,108,John Woo,en,United States of America,The Mark Gordon Company,6.1,110497.0,5.3077,6.064,1655.0,1990s
101,Bottle Rocket (1996),1996,91,Wes Anderson,en,United States of America,Gracie Films,6.9,88362.0,3.7193,6.7,1184.0,1990s
104,Happy Gilmore (1996),1996,92,Dennis Dugan,en,United States of America,Universal Pictures,7.0,306962.0,7.9072,6.676,3313.0,1990s
105,"Bridges of Madison County, The (1995)",1995,135,Clint Eastwood,en,United States of America,Malpaso Productions,7.6,96617.0,5.7757,7.706,2360.0,1990s
107,Muppet Treasure Island (1996),1996,99,Brian Henson,en,United States of America,Walt Disney Pictures,6.9,29291.0,2.3089,6.703,456.0,1990s
110,Braveheart (1995),1995,178,Mel Gibson,en,United States of America,The Ladd Company,8.3,1160398.0,11.2692,7.944,11046.0,1990s
111,Taxi Driver (1976),1976,114,Martin Scorsese,en,United States of America,Italo/Judeo Productions,8.2,1025470.0,12.834,8.126,13365.0,1970s
112,Rumble in the Bronx (Hont faan kui) (1995),1995,87,Stanley Tong,cn,Hong Kong,Orange Sky Golden Harvest,6.8,49596.0,4.5735,6.822,1146.0,1990s
135,Down Periscope (1996),1996,92,David S. Ward,en,United States of America,20th Century Fox,6.2,29986.0,5.1805,6.388,523.0,1990s
141,"Birdcage, The (1996)",1996,117,Mike Nichols,en,United States of America,United Artists,7.3,115871.0,4.9944,7.06,1349.0,1990s
145,Bad Boys (1995),1995,119,Michael Bay,en,United States of America,Columbia Pictures,6.8,315365.0,9.8511,6.8,6914.0,1990s
150,Apollo 13 (1995),1995,140,Ron Howard,en,United States of America,Imagine Entertainment,7.7,337958.0,7.227,7.456,5868.0,1990s
151,Rob Roy (1995),1995,139,Michael Caton-Jones,en,United Kingdom,United Artists,6.9,49364.0,3.1073,6.708,704.0,1990s
153,Batman Forever (1995),1995,121,Joel Schumacher,en,United States of America,Warner Bros. Pictures,5.5,281965.0,6.3725,5.5,5556.0,1990s
158,Casper (1995),1995,100,Rob Letterman,en,United States of America,The Harvey Entertainment Company,6.2,159396.0,6.742,6.338,4906.0,1990s
160,Congo (1995),1995,109,Frank Marshall,en,United States of America,Paramount Pictures,5.3,52528.0,4.2036,5.599,980.0,1990s
161,Crimson Tide (1995),1995,116,Tony Scott,en,United States of America,Hollywood Pictures,7.4,135997.0,5.5476,7.182,1974.0,1990s
163,Desperado (1995),1995,104,Robert Rodriguez,en,United States of America,Columbia Pictures,7.1,208277.0,6.2808,6.935,3116.0,1990s
165,Die Hard: With a Vengeance (1995),1995,128,John McTiernan,en,United States of America,20th Century Fox,7.6,430490.0,6.7538,7.28,6627.0,1990s
168,First Knight (1995),1995,134,Jerry Zucker,en,United States of America,First Knight Productions,6.0,82665.0,4.6357,6.11,1331.0,1990s
170,Hackers (1995),1995,105,Iain Softley,en,United States of America,Suftley,6.2,81790.0,5.3041,6.4,1459.0,1990s
172,Johnny Mnemonic (1995),1995,96,Robert Longo,en,Canada,TriStar Pictures,5.6,81095.0,3.889,5.77,1506.0,1990s
173,Judge Dredd (1995),1995,96,Danny Cannon,en,United States of America,Cinergi Pictures,5.6,132174.0,6.1943,5.855,2719.0,1990s
175,Kids (1995),1995,91,Larry Clark,en,United States of America,The Guys Upstairs,7.0,91673.0,5.7043,6.895,1276.0,1990s
180,Mallrats (1995),1995,94,Kevin Smith,en,United States of America,Gramercy Pictures,7.0,134290.0,3.1095,6.76,1371.0,1990s
185,"Net, The (1995)",1995,114,Irwin Winkler,en,United States of America,Columbia Pictures,6.0,79762.0,3.7033,6.038,1510.0,1990s
186,Nine Months (1995),1995,103,Chris Columbus,en,United States of America,1492 Pictures,5.5,40230.0,2.6513,5.728,705.0,1990s
193,Showgirls (1995),1995,131,Paul Verhoeven,en,United States of America,Chargeurs,5.2,81914.0,7.7893,5.578,1373.0,1990s
196,Species (1995),1995,108,Roger Donaldson,en,United States of America,Metro-Goldwyn-Mayer,5.9,91784.0,6.2207,5.975,1831.0,1990s
198,Strange Days (1995),1995,145,Kathryn Bigelow,en,United States of America,Lightstorm Entertainment,7.2,85116.0,3.7237,7.008,1528.0,1990s
203,"To Wong Foo, Thanks for Everything! Julie Newmar (1995)",1995,109,Beeban Kidron,en,United States of America,Amblin Entertainment,6.8,41178.0,4.6268,7.371,762.0,1990s
204,Under Siege 2: Dark Territory (1995),1995,100,Geoff Murphy,en,United States of America,Regency Enterprises,5.6,53305.0,4.0926,5.864,1011.0,1990s
207,"Walk in the Clouds, A (1995)",1995,102,Alfonso Arau,en,United States of America,Zucker Brothers Productions,6.7,39097.0,5.1572,7.372,1119.0,1990s
208,Waterworld (1995),1995,135,Kevin Reynolds,en,United States of America,Gordon Company,6.3,224397.0,7.3048,6.226,4053.0,1990s
215,Before Sunrise (1995),1995,101,Richard Linklater,en,Austria,Castle Rock Entertainment,8.1,377065.0,8.5388,7.974,4654.0,1990s
216,Billy Madison (1995),1995,89,Tamra Davis,en,United States of America,Jack Giarraputo Productions,6.4,167558.0,3.3887,6.196,1789.0,1990s
223,Clerks (1994),1994,92,Kevin Smith,en,United States of America,View Askew Productions,7.7,240404.0,3.4632,7.38,2743.0,1990s
224,Don Juan DeMarco (1995),1995,97,Jeremy Leven,en,United States of America,American Zoetrope,6.7,55305.0,2.701,6.745,799.0,1990s
225,Disclosure (1994),1994,128,Barry Levinson,en,United States of America,Baltimore Pictures,6.2,58221.0,3.9182,6.245,1265.0,1990s
227,Drop Zone (1994),1994,101,John Badham,en,United States of America,Paramount Pictures,5.6,23017.0,4.118,5.711,452.0,1990s
230,Dolores Claiborne (1995),1995,132,Taylor Hackford,en,United States of America,Castle Rock Entertainment,7.4,53270.0,3.5864,7.3,868.0,1990s
231,Dumb & Dumber (Dumb and Dumber) (1994),1994,107,Peter Farrelly,en,United States of America,New Line Cinema,7.3,443673.0,9.7623,6.7,6684.0,1990s
235,Ed Wood (1994),1994,127,Tim Burton,en,United States of America,Touchstone Pictures,7.8,191318.0,3.0364,7.484,2505.0,1990s
236,French Kiss (1995),1995,111,Lawrence Kasdan,en,United Kingdom,PolyGram Filmed Entertainment,6.6,56654.0,2.6335,6.474,793.0,1990s
237,Forget Paris (1995),1995,101,Billy Crystal,en,United States of America,Castle Rock Entertainment,6.5,13832.0,2.4874,6.317,161.0,1990s
246,Hoop Dreams (1994),1994,170,Steve James,en,United States of America,Fine Line Features,8.3,29568.0,1.2274,7.576,330.0,1990s
247,Heavenly Creatures (1994),1994,99,Peter Jackson,en,New Zealand,WingNut Films,7.2,71010.0,2.8724,6.972,1028.0,1990s
252,I.Q. (1994),1994,100,Fred Schepisi,en,United States of America,Paramount Pictures,6.2,27632.0,2.2568,6.022,488.0,1990s
253,Interview with the Vampire: The Vampire Chronicles (1994),1994,123,Neil Jordan,en,United States of America,Geffen Pictures,7.5,376502.0,8.1588,7.387,6391.0,1990s
256,Junior (1994),1994,109,Ivan Reitman,en,United States of America,Northern Lights Entertainment,4.8,77971.0,2.9851,5.186,1629.0,1990s
260,Star Wars: Episode IV - A New Hope (1977),1977,121,George Lucas,en,United States of America,Lucasfilm Ltd.,8.6,1568567.0,26.3686,8.2,22219.0,1970s
261,Little Women (1994),1994,115,Gillian Armstrong,en,United States of America,Di Novi Pictures,7.3,69139.0,5.8732,7.275,1338.0,1990s
262,"Little Princess, A (1995)",1995,97,Alfonso Cuarón,en,United States of America,Warner Bros. Pictures,7.6,39080.0,3.1661,7.617,1031.0,1990s
265,Like Water for Chocolate (Como agua para chocolate) (1992),1992,105,Alfonso Arau,es,Mexico,Aviacsa,7.1,20512.0,2.3505,7.285,553.0,1990s
266,Legends of the Fall (1994),1994,133,Edward Zwick,en,United States of America,Bedford Falls Productions,7.5,199596.0,8.9405,7.384,2833.0,1990s
272,"Madness of King George, The (1994)",1994,110,Nicholas Hytner,en,United Kingdom,The Samuel Goldwyn Company,7.2,20034.0,2.2609,6.803,256.0,1990s
273,Mary Shelley's Frankenstein (Frankenstein) (1994),1994,123,Kenneth Branagh,en,United States of America,American Zoetrope,6.3,63813.0,2.6887,6.446,1360.0,1990s
276,Milk Money (1994),1994,110,Richard Benjamin,en,United States of America,The Kennedy/Marshall Company,5.7,13989.0,2.7546,6.393,305.0,1990s
277,Miracle on 34th Street (1994),1994,114,Les Mayfield,en,United States of America,20th Century Fox,6.7,50979.0,3.918,6.756,1143.0,1990s
282,Nell (1994),1994,112,Michael Apted,en,United States of America,Egg Pictures,6.5,32495.0,2.5445,6.548,545.0,1990s
288,Natural Born Killers (1994),1994,119,Oliver Stone,en,United States of America,Warner Bros. Pictures,7.2,267620.0,5.6761,7.1,3764.0,1990s
292,Outbreak (1995),1995,128,Wolfgang Petersen,en,United States of America,Kopelson Entertainment,6.6,145713.0,5.008,6.6,2464.0,1990s
293,Léon: The Professional (a.k.a. The Professional) (Léon) (1994),1994,110,Luc Besson,fr,France,Gaumont,8.5,1350145.0,18.2514,8.295,16019.0,1990s
296,Pulp Fiction (1994),1994,154,Quentin Tarantino,en,United States of America,Miramax,8.8,2433196.0,33.3535,8.484,30081.0,1990s
300,Quiz Show (1994),1994,133,Robert Redford,en,United States of America,Baltimore Pictures,7.5,77751.0,2.9987,7.253,982.0,1990s
303,"Quick and the Dead, The (1995)",1995,108,Sam Raimi,en,United States of America,TriStar Pictures,6.5,113296.0,4.7831,6.5,1934.0,1990s
307,Three Colors: Blue (Trois couleurs: Bleu) (1993),1993,98,Krzysztof Kieslowski,fr,France,MK2 Films,7.8,118987.0,3.2029,7.635,1883.0,1990s
308,Three Colors: White (Trzy kolory: Bialy) (1994),1994,92,Krzysztof Kieslowski,fr,France,MK2 Films,7.6,85636.0,3.3802,7.447,1318.0,1990s
315,"Specialist, The (1994)",1994,110,Luis Llosa,en,United States of America,Jerry Weintraub Productions,5.6,73599.0,3.8345,5.925,1428.0,1990s
316,Stargate (1994),1994,121,Roland Emmerich,en,United States of America,Le Studio Canal+,7.0,219041.0,6.389,7.016,3770.0,1990s
317,"Santa Clause, The (1994)",1994,97,John Pasquin,en,United States of America,Walt Disney Pictures,6.6,147586.0,3.8587,6.519,2283.0,1990s
318,"Shawshank Redemption, The (1994)",1994,142,Frank Darabont,en,United States of America,Castle Rock Entertainment,9.3,3185031.0,48.1974,8.719,30237.0,1990s
319,Shallow Grave (1994),1994,89,Danny Boyle,en,United Kingdom,The Glasgow Film Fund,7.2,70824.0,2.7118,6.999,1131.0,1990s
327,Tank Girl (1995),1995,104,Rachel Talalay,en,United States of America,Trilogy Entertainment Group,5.4,37715.0,3.1579,5.499,567.0,1990s
329,Star Trek: Generations (1994),1994,118,David Carson,en,United States of America,Paramount Pictures,6.6,91268.0,2.8735,6.519,1476.0,1990s
333,Tommy Boy (1995),1995,97,Peter Segal,en,United States of America,Paramount Pictures,7.1,104795.0,3.4485,6.808,1046.0,1990s
337,What's Eating Gilbert Grape (1993),1993,118,Lasse Hallström,en,United States of America,Paramount Pictures,7.7,269876.0,5.968,7.663,4258.0,1990s
339,While You Were Sleeping (1995),1995,103,Jon Turteltaub,en,United States of America,Caravan Pictures,6.8,126777.0,4.5211,7.022,1990.0,1990s
342,Muriel's Wedding (1994),1994,106,P.J. Hogan,en,Australia,CiBy 2000,7.3,45179.0,2.6719,6.838,487.0,1990s
344,Ace Ventura: Pet Detective (1994),1994,86,Tom Shadyac,en,United States of America,Morgan Creek Entertainment,6.9,353646.0,9.5023,6.577,6350.0,1990s
345,"Adventures of Priscilla, Queen of the Desert, The (1994)",1994,104,Stephan Elliott,en,Australia,PolyGram Filmed Entertainment,7.5,61351.0,3.5296,7.263,912.0,1990s
348,Bullets Over Broadway (1994),1994,98,Woody Allen,en,United States of America,Miramax,7.4,44384.0,2.5641,7.091,667.0,1990s
349,Clear and Present Danger (1994),1994,141,Phillip Noyce,en,United States of America,Paramount Pictures,6.9,116382.0,13.2159,6.642,1664.0,1990s
350,"Client, The (1994)",1994,119,Joel Schumacher,en,United States of America,Alcor Films,6.7,85481.0,5.5274,6.686,1365.0,1990s
353,"Crow, The (1994)",1994,102,Alex Proyas,en,United States of America,Entertainment Media Investment,7.5,230871.0,6.1261,7.516,4489.0,1990s
355,"Flintstones, The (1994)",1994,91,Brian Levant,en,United States of America,Hanna-Barbera Cartoons,5.1,92025.0,5.6897,5.37,2609.0,1990s
356,Forrest Gump (1994),1994,142,Robert Zemeckis,en,United States of America,Paramount Pictures,8.8,2494340.0,30.8685,8.464,29628.0,1990s
357,Four Weddings and a Funeral (1994),1994,117,Mike Newell,en,United Kingdom,PolyGram Filmed Entertainment,7.1,182025.0,5.5712,6.8,2984.0,1990s
362,"Jungle Book, The (1994)",1994,111,Stephen Sommers,en,United States of America,Walt Disney Pictures,6.1,20174.0,3.461,5.965,497.0,1990s
364,"Lion King, The (1994)",1994,88,Roger Allers,en,United States of America,Walt Disney Pictures,8.5,1257554.0,23.4504,8.3,19605.0,1990s
367,"Mask, The (1994)",1994,101,Chuck Russell,en,United States of America,Dark Horse Entertainment,7.0,470026.0,12.8734,6.983,11192.0,1990s
368,Maverick (1994),1994,127,Richard Donner,en,United States of America,Warner Bros. Pictures,7.0,126183.0,4.4936,6.896,1756.0,1990s
370,Naked Gun 33 1/3: The Final Insult (1994),1994,83,Peter Segal,en,United States of America,Paramount Pictures,6.5,128135.0,5.353,6.505,2498.0,1990s
371,"Paper, The (1994)",1994,112,Ron Howard,en,United States of America,Imagine Entertainment,6.7,17392.0,3.1615,6.601,237.0,1990s
372,Reality Bites (1994),1994,99,Ben Stiller,en,United States of America,Universal Pictures,6.6,57478.0,2.4712,6.555,785.0,1990s
374,Richie Rich (1994),1994,95,Donald Petrie,en,United States of America,Davis Entertainment,5.5,79151.0,5.398,5.938,2406.0,1990s
376,"River Wild, The (1994)",1994,111,Curtis Hanson,en,United States of America,The Turman-Foster Company,6.5,54038.0,3.4791,6.452,951.0,1990s
377,Speed (1994),1994,116,Jan de Bont,en,United States of America,20th Century Fox,7.3,423104.0,7.9841,7.15,6799.0,1990s
379,Timecop (1994),1994,99,Peter Hyams,en,United States of America,Renaissance Pictures,6.0,69795.0,3.6856,6.01,1307.0,1990s
380,True Lies (1994),1994,141,James Cameron,en,United States of America,Lightstorm Entertainment,7.3,301620.0,7.2627,7.094,4536.0,1990s
383,Wyatt Earp (1994),1994,191,Lawrence Kasdan,en,United States of America,Paragon Entertainment Corp.,6.7,59432.0,4.0731,6.779,928.0,1990s
410,Addams Family Values (1993),1993,94,Barry Sonnenfeld,en,United States of America,Scott Rudin Productions,6.9,123377.0,5.4757,6.972,3289.0,1990s
413,Airheads (1994),1994,92,Michael Lehmann,en,United States of America,Robert Simonds Productions,6.2,59767.0,3.0615,6.172,813.0,1990s
419,"Beverly Hillbillies, The (1993)",1993,92,Penelope Spheeris,en,United States of America,20th Century Fox,5.1,21197.0,4.1123,6.302,584.0,1990s
420,Beverly Hills Cop III (1994),1994,104,John Landis,en,United States of America,Eddie Murphy Productions,5.5,100477.0,3.3218,5.9,2110.0,1990s
431,Carlito's Way (1993),1993,144,Brian De Palma,en,United States of America,Universal Pictures,7.9,247910.0,5.332,7.831,3443.0,1990s
432,City Slickers II: The Legend of Curly's Gold (1994),1994,116,Paul Weiland,en,United States of America,Castle Rock Entertainment,5.6,21753.0,1.4645,5.309,343.0,1990s
434,Cliffhanger (1993),1993,113,Renny Harlin,en,France,Carolco Pictures,6.5,148308.0,5.186,6.515,2614.0,1990s
435,Coneheads (1993),1993,88,Steve Barron,en,United States of America,Paramount Pictures,5.5,62112.0,4.9555,5.473,1022.0,1990s
440,Dave (1993),1993,110,Ivan Reitman,en,United States of America,Donner/Shuler-Donner Productions,6.9,60294.0,3.1373,6.65,831.0,1990s
441,Dazed and Confused (1993),1993,103,Richard Linklater,en,United States of America,Gramercy Pictures,7.6,216112.0,5.3251,7.319,2246.0,1990s
442,Demolition Man (1993),1993,115,Marco Brambilla,en,United States of America,Silver Pictures,6.7,208844.0,8.5928,6.753,4072.0,1990s
454,"Firm, The (1993)",1993,154,Sydney Pollack,en,United States of America,Mirage Enterprises,6.9,161326.0,4.8965,6.738,2288.0,1990s
455,Free Willy (1993),1993,112,Simon Wincer,en,United States of America,Donner/Shuler-Donner Productions,6.1,89197.0,4.1954,6.192,1962.0,1990s
457,"Fugitive, The (1993)",1993,130,Andrew Davis,en,United States of America,Warner Bros. Pictures,7.8,346289.0,7.2964,7.5,4759.0,1990s
466,Hot Shots! Part Deux (1993),1993,86,Jim Abrahams,en,United States of America,Sidley Wright & Associates,6.6,103807.0,5.5766,6.543,2047.0,1990s
468,"Englishman Who Went Up a Hill But Came Down a Mountain, The (1995)",1995,99,Christopher Monger,en,United Kingdom,Miramax,6.6,19694.0,1.7728,6.322,315.0,1990s
471,"Hudsucker Proxy, The (1994)",1994,111,Joel Coen,en,United Kingdom,Warner Bros. Pictures,7.2,90333.0,3.1293,7.071,1179.0,1990s
474,In the Line of Fire (1993),1993,128,Wolfgang Petersen,en,United States of America,Castle Rock Entertainment,7.2,123075.0,4.2824,7.0,1793.0,1990s
475,In the Name of the Father (1993),1993,133,Jim Sheridan,en,Ireland,Hell's Kitchen,8.1,202605.0,3.615,7.892,1960.0,1990s
480,Jurassic Park (1993),1993,127,Steven Spielberg,en,United States of America,Universal Pictures,8.2,1176553.0,8.3008,8.0,17765.0,1990s
485,Last Action Hero (1993),1993,130,John McTiernan,en,United States of America,Oak Productions,6.5,174548.0,6.1398,6.5,2972.0,1990s
494,Executive Decision (1996),1996,133,Stuart Baird,en,United States of America,Silver Pictures,6.5,65356.0,5.0227,6.343,1027.0,1990s
497,Much Ado About Nothing (1993),1993,111,Kenneth Branagh,en,United Kingdom,Renaissance Films,7.3,55617.0,3.2773,6.952,805.0,1990s
500,Mrs. Doubtfire (1993),1993,125,Chris Columbus,en,United States of America,20th Century Fox,7.1,315758.0,9.6839,7.196,6586.0,1990s
508,Philadelphia (1993),1993,125,Jonathan Demme,en,United States of America,TriStar Pictures,7.7,273818.0,4.3615,7.715,4609.0,1990s
509,"Piano, The (1993)",1993,121,Jane Campion,en,Australia,CiBy 2000,7.5,101237.0,4.1728,7.38,1636.0,1990s
515,"Remains of the Day, The (1993)",1993,134,James Ivory,en,United Kingdom,Columbia Pictures,7.8,92842.0,3.3994,7.362,1493.0,1990s
519,RoboCop 3 (1993),1993,104,Fred Dekker,en,United States of America,Orion Pictures,4.2,58289.0,4.801,4.909,1438.0,1990s
520,Robin Hood: Men in Tights (1993),1993,104,Mel Brooks,en,United States of America,Gaumont,6.7,145781.0,5.4981,6.589,2264.0,1990s
524,Rudy (1993),1993,114,David Anspaugh,en,United States of America,TriStar Pictures,7.5,74486.0,3.9297,7.34,748.0,1990s
527,Schindler's List (1993),1993,195,Steven Spielberg,en,United States of America,Amblin Entertainment,9.0,1584284.0,27.601,8.568,17379.0,1990s
529,Searching for Bobby Fischer (1993),1993,109,Steven Zaillian,en,United States of America,Mirage Enterprises,7.3,45920.0,7.4758,7.064,635.0,1990s
531,"Secret Garden, The (1993)",1993,101,Agnieszka Holland,en,United States of America,Warner Bros. Pictures,7.3,48386.0,3.6758,7.427,971.0,1990s
539,Sleepless in Seattle (1993),1993,105,Nora Ephron,en,United States of America,TriStar Pictures,6.8,207190.0,4.3749,6.74,2567.0,1990s
541,Blade Runner (1982),1982,117,Ridley Scott,en,United States of America,Shaw Brothers,8.1,881563.0,14.4172,7.938,14910.0,1980s
543,So I Married an Axe Murderer (1993),1993,93,Thomas Schlamme,en,United States of America,TriStar Pictures,6.5,45879.0,2.755,6.114,474.0,1990s
546,Super Mario Bros. (1993),1993,104,Annabel Jankel,en,United Kingdom,Hollywood Pictures,4.2,68169.0,5.594,4.5,1441.0,1990s
551,"Nightmare Before Christmas, The (1993)",1993,76,Henry Selick,en,United States of America,Touchstone Pictures,7.9,411183.0,9.6846,7.83,10287.0,1990s
552,"Three Musketeers, The (1993)",1993,105,Stephen Herek,en,United States of America,Walt Disney Pictures,6.4,63997.0,4.7462,6.398,1053.0,1990s
553,Tombstone (1993),1993,130,George P. Cosmatos,en,United States of America,Cinergi Pictures,7.8,191698.0,8.1191,7.6,2432.0,1990s
555,True Romance (1993),1993,119,Tony Scott,en,United States of America,Morgan Creek Entertainment,7.9,260831.0,6.3608,7.536,3036.0,1990s
562,Welcome to the Dollhouse (1995),1995,88,Todd Solondz,en,United States of America,Suburban Pictures,7.3,40434.0,2.1175,7.078,500.0,1990s
585,"Brady Bunch Movie, The (1995)",1995,90,Betty Thomas,en,United States of America,Paramount Pictures,6.2,26206.0,2.4374,6.109,313.0,1990s
586,Home Alone (1990),1990,103,Chris Columbus,en,United States of America,Hughes Entertainment,7.8,743867.0,0.8496,7.464,12449.0,1990s
587,Ghost (1990),1990,126,Jerry Zucker,en,United States of America,Paramount Pictures,7.1,256543.0,10.4004,7.233,5990.0,1990s
588,Aladdin (1992),1992,90,Ron Clements,en,United States of America,Walt Disney Feature Animation,8.0,500290.0,18.0627,7.654,11969.0,1990s
589,Terminator 2: Judgment Day (1991),1991,137,James Cameron,en,France,Carolco Pictures,8.6,1283125.0,23.8263,8.145,14178.0,1990s
590,Dances with Wolves (1990),1990,181,Kevin Costner,en,United Kingdom,Tig Productions,8.0,310127.0,12.3386,7.838,4660.0,1990s
592,Batman (1989),1989,126,Tim Burton,en,United States of America,Warner Bros. Pictures,7.5,432084.0,9.0701,7.231,8522.0,1980s
593,"Silence of the Lambs, The (1991)",1991,118,Jonathan Demme,en,United States of America,Orion Pictures,8.6,1721619.0,5.3193,8.345,17887.0,1990s
594,Snow White and the Seven Dwarfs (1937),1937,83,William Cottrell,en,United States of America,Walt Disney Productions,7.6,238811.0,10.2313,7.123,7961.0,1930s
595,Beauty and the Beast (1991),1991,84,Gary Trousdale,en,United States of America,Silver Screen Partners IV,8.0,505211.0,12.4111,7.726,10625.0,1990s
596,Pinocchio (1940),1940,88,Norman Ferguson,en,United States of America,Walt Disney Productions,7.5,172438.0,10.5975,7.108,6223.0,1940s
597,Pretty Woman (1990),1990,119,Garry Marshall,en,United States of America,Touchstone Pictures,7.1,404758.0,9.7739,7.4,8943.0,1990s
608,Fargo (1996),1996,98,Joel Coen,en,United Kingdom,PolyGram Filmed Entertainment,8.1,787276.0,8.037,7.8,9041.0,1990s
610,Heavy Metal (1981),1981,86,Gerald Potterton,en,Canada,Canadian Film Development Corporation,6.6,41591.0,3.0366,6.511,776.0,1980s
616,"Aristocats, The (1970)",1970,78,Wolfgang Reitherman,en,United States of America,Walt Disney Productions,7.1,125052.0,9.123,7.3,5344.0,1970s
628,Primal Fear (1996),1996,129,Gregory Hoblit,en,United States of America,Paramount Pictures,7.7,284210.0,9.421,7.7,3881.0,1990s
637,Sgt. Bilko (1996),1996,94,Jonathan Lynn,en,United States of America,Imagine Entertainment,5.9,25137.0,2.4717,5.897,392.0,1990s
647,Courage Under Fire (1996),1996,116,Edward Zwick,en,United States of America,Davis Entertainment,6.6,63592.0,3.0386,6.544,1038.0,1990s
648,Mission: Impossible (1996),1996,110,Brian De Palma,en,United States of America,Paramount Pictures,7.2,517429.0,11.397,7.024,9929.0,1990s
653,Dragonheart (1996),1996,103,Rob Cohen,en,United States of America,Universal Pictures,6.4,105812.0,3.4895,6.55,2136.0,1990s
661,James and the Giant Peach (1996),1996,79,Henry Selick,en,United States of America,Allied Filmmakers,6.7,78608.0,3.4211,6.591,1423.0,1990s
671,Mystery Science Theater 3000: The Movie (1996),1996,73,Jim Mallon,en,United States of America,Gramercy Pictures,7.1,19330.0,0.9486,6.533,228.0,1990s
673,Space Jam (1996),1996,88,Joe Pytka,en,United States of America,Warner Bros. Family Entertainment,6.5,229946.0,6.9118,6.808,6384.0,1990s
707,Mulholland Falls (1996),1996,107,Lee Tamahori,en,United States of America,Metro-Goldwyn-Mayer,6.3,21157.0,2.8554,6.008,324.0,1990s
708,"Truth About Cats & Dogs, The (1996)",1996,97,Michael Lehmann,en,United States of America,Noon Attack Pictures,6.3,30228.0,1.8859,6.082,343.0,1990s
719,Multiplicity (1996),1996,117,Harold Ramis,en,United States of America,Columbia Pictures,6.2,37156.0,3.0549,5.822,598.0,1990s
720,Wallace & Gromit: The Best of Aardman Animation (1996),1996,,,en,United Kingdom,Northern Arts Entertainment,,,0.4084,7.6,5.0,1990s
724,"Craft, The (1996)",1996,101,Andrew Fleming,en,United States of America,Columbia Pictures,6.5,120177.0,7.1354,6.773,2035.0,1990s
733,"Rock, The (1996)",1996,136,Michael Bay,en,United States of America,Don Simpson/Jerry Bruckheimer Films,7.4,380072.0,8.8915,7.143,5165.0,1990s
736,Twister (1996),1996,113,Jan de Bont,en,United States of America,Warner Bros. Pictures,6.6,252001.0,7.6881,6.6,3823.0,1990s
737,Barb Wire (1996),1996,98,David Hogan,en,United States of America,PolyGram Filmed Entertainment,3.6,33043.0,3.4154,4.132,484.0,1990s
741,Ghost in the Shell (Kôkaku kidôtai) (1995),1995,83,Mamoru Oshii,ja,Japan,Bandai Visual,7.9,173406.0,8.2417,7.922,3852.0,1990s
743,Spy Hard (1996),1996,81,Rick Friedberg,en,United States of America,Hollywood Pictures,5.3,43005.0,3.7355,5.4,759.0,1990s
745,Wallace & Gromit: A Close Shave (1995),1995,,Nick Park,en,United Kingdom,Aardman,8.1,47885.0,2.0689,7.58,924.0,1990s
748,"Arrival, The (1996)",1996,115,David Twohy,en,Mexico,Live Entertainment,6.2,41613.0,3.3464,6.028,826.0,1990s
750,Dr. Strangelove or: How I Learned to Stop Worrying and Love the Bomb (1964),1964,95,Stanley Kubrick,en,United Kingdom,Hawk Films,8.3,551297.0,5.5063,8.122,6121.0,1960s
762,Striptease (1996),1996,115,Andrew Bergman,en,United States of America,Castle Rock Entertainment,4.6,51530.0,4.9245,5.549,1171.0,1990s
778,Trainspotting (1996),1996,93,Danny Boyle,en,United Kingdom,Figment Films,8.1,768719.0,7.9647,7.959,10352.0,1990s
780,Independence Day (a.k.a. ID4) (1996),1996,145,Roland Emmerich,en,United States of America,20th Century Fox,7.0,646505.0,10.596,6.904,10354.0,1990s
783,"Hunchback of Notre Dame, The (1996)",1996,91,Gary Trousdale,en,United States of America,Walt Disney Pictures,7.0,184335.0,7.3998,7.125,5337.0,1990s
784,"Cable Guy, The (1996)",1996,96,Ben Stiller,en,United States of America,Columbia Pictures,6.1,189589.0,5.1936,5.995,2655.0,1990s
785,Kingpin (1996),1996,114,Bobby Farrelly,en,United States of America,Motion Picture Corporation of America,6.9,96607.0,3.0633,6.541,973.0,1990s
786,Eraser (1996),1996,115,Chuck Russell,en,Canada,Kopelson Entertainment,6.2,124112.0,4.8676,6.088,2010.0,1990s
788,"Nutty Professor, The (1996)",1996,95,Tom Shadyac,en,United States of America,Universal Pictures,5.7,130908.0,4.2854,5.64,3104.0,1990s
799,"Frighteners, The (1996)",1996,110,Peter Jackson,en,New Zealand,WingNut Films,7.1,102376.0,3.9684,6.925,1715.0,1990s
802,Phenomenon (1996),1996,123,Jon Turteltaub,en,United States of America,Touchstone Pictures,6.5,89237.0,4.2997,6.48,1325.0,1990s
805,"Time to Kill, A (1996)",1996,149,Joel Schumacher,en,United States of America,Regency Enterprises,7.5,206757.0,5.961,7.391,2930.0,1990s
830,"First Wives Club, The (1996)",1996,103,Hugh Wilson,en,United States of America,Scott Rudin Productions,6.5,60206.0,4.1503,6.708,818.0,1990s
832,Ransom (1996),1996,121,Ron Howard,en,United States of America,Touchstone Pictures,6.7,144156.0,5.2252,6.684,2067.0,1990s
837,Matilda (1996),1996,98,Danny DeVito,en,United States of America,Jersey Films,7.0,195493.0,13.2145,7.174,4782.0,1990s
838,Emma (1996),1996,120,Douglas McGrath,en,United States of America,Miramax,6.6,44074.0,3.1071,6.615,669.0,1990s
849,Escape from L.A. (1996),1996,101,John Carpenter,en,United States of America,Paramount Pictures,5.7,85888.0,4.9418,5.877,1593.0,1990s
852,Tin Cup (1996),1996,135,Ron Shelton,en,United States of America,Regency Enterprises,6.4,56131.0,3.2606,6.065,581.0,1990s
858,"Godfather, The (1972)",1972,175,Francis Ford Coppola,en,United States of America,Paramount Pictures,9.2,2224163.0,39.9109,8.686,22833.0,1970s
866,Bound (1996),1996,109,Lana Wachowski,en,United States of America,The De Laurentiis Company,7.3,67072.0,7.7381,7.219,1076.0,1990s
880,"Island of Dr. Moreau, The (1996)",1996,96,John Frankenheimer,en,United States of America,New Line Cinema,4.6,38134.0,2.8413,4.904,560.0,1990s
898,"Philadelphia Story, The (1940)",1940,112,George Cukor,en,United States of America,Metro-Goldwyn-Mayer,7.8,78550.0,2.9399,7.586,972.0,1940s
899,Singin' in the Rain (1952),1952,103,Stanley Donen,en,United States of America,Metro-Goldwyn-Mayer,8.3,282406.0,6.5742,8.133,3485.0,1950s
902,Breakfast at Tiffany's (1961),1961,115,Blake Edwards,en,United States of America,Paramount Pictures,7.5,204356.0,6.1085,7.624,4463.0,1960s
903,Vertigo (1958),1958,128,Alfred Hitchcock,en,United States of America,Paramount Pictures,8.2,459159.0,7.2073,8.145,6300.0,1950s
904,Rear Window (1954),1954,112,Alfred Hitchcock,en,United States of America,Alfred J. Hitchcock Productions,8.4,568951.0,9.5116,8.339,7123.0,1950s
908,North by Northwest (1959),1959,136,Alfred Hitchcock,en,United States of America,Metro-Goldwyn-Mayer,8.3,369609.0,4.7589,7.966,4492.0,1950s
909,"Apartment, The (1960)",1960,125,Billy Wilder,en,United States of America,The Mirisch Company,8.3,219186.0,6.0661,8.189,2628.0,1960s
910,Some Like It Hot (1959),1959,121,Billy Wilder,en,United States of America,The Mirisch Company,8.2,304760.0,6.8254,8.1,3852.0,1950s
912,Casablanca (1942),1942,102,Michael Curtiz,en,United States of America,Warner Bros. Pictures,8.5,655316.0,7.964,8.142,6015.0,1940s
913,"Maltese Falcon, The (1941)",1941,100,John Huston,en,United States of America,Warner Bros. Pictures,7.9,174205.0,3.9544,7.704,1867.0,1940s
914,My Fair Lady (1964),1964,170,George Cukor,en,United States of America,Warner Bros. Pictures,7.7,107715.0,3.6238,7.506,1420.0,1960s
915,Sabrina (1954),1954,113,Billy Wilder,en,United States of America,Paramount Pictures,7.6,75797.0,4.9966,7.514,1352.0,1950s
916,Roman Holiday (1953),1953,118,William Wyler,en,United States of America,Paramount Pictures,8.0,158495.0,6.3279,7.891,2251.0,1950s
919,"Wizard of Oz, The (1939)",1939,102,Victor Fleming,en,United States of America,Metro-Goldwyn-Mayer,8.1,467334.0,13.6176,7.586,6087.0,1930s
920,Gone with the Wind (1939),1939,238,Victor Fleming,en,United States of America,Selznick International Pictures,8.2,356483.0,10.3528,7.9,4362.0,1930s
922,Sunset Blvd. (a.k.a. Sunset Boulevard) (1950),1950,110,Billy Wilder,en,United States of America,Paramount Pictures,8.4,261054.0,9.5781,8.28,2917.0,1950s
923,Citizen Kane (1941),1941,119,Orson Welles,en,United States of America,Mercury Productions,8.2,493574.0,7.5326,7.977,6020.0,1940s
924,2001: A Space Odyssey (1968),1968,149,Stanley Kubrick,en,United Kingdom,Stanley Kubrick Productions,8.3,783098.0,16.3482,8.053,12520.0,1960s
926,All About Eve (1950),1950,138,Joseph L. Mankiewicz,en,United States of America,20th Century Fox,8.2,149218.0,3.6475,8.1,1686.0,1950s
930,Notorious (1946),1946,102,Alfred Hitchcock,en,United States of America,RKO Radio Pictures,7.9,113831.0,3.3983,7.7,1740.0,1940s
933,To Catch a Thief (1955),1955,106,Alfred Hitchcock,en,United States of America,Paramount Pictures,7.4,86691.0,3.7799,7.268,1659.0,1950s
953,It's a Wonderful Life (1946),1946,130,Frank Capra,en,United States of America,Liberty Films,8.6,554488.0,10.9691,8.281,4869.0,1940s
968,Night of the Living Dead (1968),1968,96,George A. Romero,en,United States of America,Image Ten,7.8,150842.0,4.1451,7.613,2709.0,1960s
969,"African Queen, The (1951)",1951,105,John Huston,en,United Kingdom,Romulus Films,7.7,88838.0,2.8479,7.366,1051.0,1950s
1015,Homeward Bound: The Incredible Journey (1993),1993,84,Duwayne Dunham,en,United States of America,Touchwood Pacific Partners 1,7.0,55476.0,3.8021,6.989,1112.0,1990s
1020,Cool Runnings (1993),1993,98,Jon Turteltaub,en,United States of America,Walt Disney Pictures,7.0,123498.0,4.1235,7.011,2273.0,1990s
1021,Angels in the Outfield (1994),1994,102,William Dear,en,United States of America,Caravan Pictures,6.2,37711.0,2.6113,6.0,474.0,1990s
1022,Cinderella (1950),1950,74,Clyde Geronimi,en,United States of America,Walt Disney Productions,7.3,187094.0,12.1366,7.042,7123.0,1950s
1025,"Sword in the Stone, The (1963)",1963,79,Wolfgang Reitherman,en,United States of America,Walt Disney Productions,7.1,114354.0,4.626,7.22,4084.0,1960s
1027,Robin Hood: Prince of Thieves (1991),1991,143,Kevin Reynolds,en,United States of America,Morgan Creek Entertainment,6.9,221896.0,5.426,6.856,3564.0,1990s
1028,Mary Poppins (1964),1964,139,Robert Stevenson,en,United States of America,Walt Disney Productions,7.8,198629.0,7.8672,7.543,4987.0,1960s
1029,Dumbo (1941),1941,64,Samuel Armstrong,en,United States of America,Walt Disney Productions,7.2,151488.0,6.4891,7.0,5270.0,1940s
1031,Bedknobs and Broomsticks (1971),1971,117,Ward Kimball,en,United States of America,Walt Disney Productions,7.1,43371.0,3.5077,7.031,1024.0,1970s
1032,Alice in Wonderland (1951),1951,75,Clyde Geronimi,en,United States of America,Walt Disney Productions,7.3,166508.0,10.6481,7.2,6248.0,1950s
1033,"Fox and the Hound, The (1981)",1981,83,Ted Berman,en,United States of America,Walt Disney Productions,7.2,110237.0,5.7814,7.137,3457.0,1980s
1035,"Sound of Music, The (1965)",1965,174,Robert Wise,en,United States of America,Robert Wise Productions,8.1,291576.0,8.9616,7.732,3608.0,1960s
1036,Die Hard (1988),1988,132,John McTiernan,en,United States of America,Gordon Company,8.2,1029568.0,11.2392,7.81,12209.0,1980s
1037,"Lawnmower Man, The (1992)",1992,108,Brett Leonard,en,United States of America,Allied Vision,5.5,42219.0,2.6248,5.6,837.0,1990s
1042,That Thing You Do! (1996),1996,108,Tom Hanks,en,United States of America,Clinica Estetico,7.0,78234.0,3.0753,6.873,914.0,1990s
1047,"Long Kiss Goodnight, The (1996)",1996,121,Renny Harlin,en,United States of America,The Steve Tisch Company,6.8,92653.0,3.9644,6.587,1333.0,1990s
1049,"Ghost and the Darkness, The (1996)",1996,110,Stephen Hopkins,en,Germany,Paramount Pictures,6.8,70570.0,3.5107,6.822,1136.0,1990s
1059,William Shakespeare's Romeo + Juliet (1996),1996,120,Baz Luhrmann,en,Australia,20th Century Fox,6.7,260762.0,7.938,6.779,5331.0,1990s
1060,Swingers (1996),1996,96,Doug Liman,en,United States of America,Miramax,7.2,92357.0,2.8542,6.861,803.0,1990s
1061,Sleepers (1996),1996,147,Barry Levinson,en,United States of America,Propaganda Films,7.5,251738.0,8.2638,7.603,3832.0,1990s
1073,Willy Wonka & the Chocolate Factory (1971),1971,100,Mel Stuart,en,United States of America,Wolper Pictures,7.8,245111.0,6.5521,7.482,3931.0,1970s
1077,Sleeper (1973),1973,89,Woody Allen,en,United States of America,United Artists,7.1,46619.0,2.5299,6.874,839.0,1970s
1079,"Fish Called Wanda, A (1988)",1988,108,Charles Crichton,en,United Kingdom,Prominent Features,7.5,165516.0,4.0543,7.205,2411.0,1980s
1080,Monty Python's Life of Brian (1979),1979,94,Terry Jones,en,United Kingdom,Handmade Films,8.0,435113.0,4.8471,7.76,4897.0,1970s
1084,Bonnie and Clyde (1967),1967,111,Arthur Penn,en,United States of America,Tatira-Hiller Productions,7.7,128085.0,5.1492,7.495,1781.0,1960s
1086,Dial M for Murder (1954),1954,105,Alfred Hitchcock,en,United States of America,Warner Bros. Pictures,8.1,204630.0,3.5445,8.002,2841.0,1950s
1088,Dirty Dancing (1987),1987,100,Emile Ardolino,en,United States of America,Great American Films Limited Partnership,7.1,279837.0,8.3582,7.326,6486.0,1980s
1089,Reservoir Dogs (1992),1992,99,Quentin Tarantino,en,United States of America,Live Entertainment,8.3,1170078.0,12.4625,8.114,15383.0,1990s
1090,Platoon (1986),1986,120,Oliver Stone,en,United Kingdom,Hemdale Film Corporation,8.1,472478.0,8.2402,7.744,5070.0,1980s
1091,Weekend at Bernie's (1989),1989,97,Ted Kotcheff,en,United States of America,Gladden Entertainment,6.4,68178.0,3.3135,6.412,1126.0,1980s
1092,Basic Instinct (1992),1992,127,Paul Verhoeven,en,United States of America,Carolco Pictures,7.1,243346.0,10.0117,6.9,4345.0,1990s
1093,"Doors, The (1991)",1991,140,Oliver Stone,en,United States of America,Carolco Pictures,7.2,107064.0,3.9194,7.111,1588.0,1990s
1094,"Crying Game, The (1992)",1992,112,Neil Jordan,en,United Kingdom,Palace Pictures,7.2,63479.0,2.9858,6.849,844.0,1990s
1097,E.T. the Extra-Terrestrial (1982),1982,115,Steven Spielberg,en,United States of America,Universal Pictures,7.9,471629.0,11.8418,7.513,11951.0,1980s
1101,Top Gun (1986),1986,110,Tony Scott,en,United States of America,Paramount Pictures,7.0,551107.0,18.029,7.061,9483.0,1980s
1104,"Streetcar Named Desire, A (1951)",1951,122,Elia Kazan,en,United States of America,Charles K. Feldman Group,7.9,119968.0,3.4772,7.619,1469.0,1950s
1120,"People vs. Larry Flynt, The (1996)",1996,130,Miloš Forman,en,United States of America,Columbia Pictures,7.3,105780.0,3.1388,6.975,1244.0,1990s
1125,"Return of the Pink Panther, The (1975)",1975,113,Blake Edwards,en,United Kingdom,Jewel Productions,7.0,32362.0,2.5912,6.786,675.0,1970s
1127,"Abyss, The (1989)",1989,140,James Cameron,en,United States of America,20th Century Fox,7.5,209345.0,7.3174,7.346,3403.0,1980s
1129,Escape from New York (1981),1981,99,John Carpenter,en,United Kingdom,AVCO Embassy Pictures,7.1,172584.0,5.1212,7.048,3494.0,1980s
1136,Monty Python and the Holy Grail (1975),1975,91,Terry Gilliam,en,United Kingdom,Python (Monty) Pictures,8.1,603432.0,6.3571,7.804,6368.0,1970s
1148,Wallace & Gromit: The Wrong Trousers (1993),1993,,Nick Park,en,United Kingdom,Aardman,8.3,63640.0,2.7993,7.8,1147.0,1990s
1172,Cinema Paradiso (Nuovo cinema Paradiso) (1989),1989,174,Giuseppe Tornatore,it,Italy,Cristaldifilm,8.5,317360.0,11.1017,8.427,4806.0,1980s
1175,Delicatessen (1991),1991,99,Marc Caro,fr,France,Constellation,7.5,94294.0,2.3789,7.315,1617.0,1990s
1179,"Grifters, The (1990)",1990,110,Stephen Frears,en,Canada,Cineplex-Odeon Films,6.8,33403.0,2.3226,6.505,468.0,1990s
1183,"English Patient, The (1996)",1996,162,Anthony Minghella,en,United Kingdom,Miramax,7.4,213542.0,4.7786,7.148,2379.0,1990s
1186,"Sex, Lies, and Videotape (1989)",1989,100,Steven Soderbergh,en,United States of America,Outlaw Productions,7.2,64480.0,24.2163,6.94,1024.0,1980s
1188,Strictly Ballroom (1992),1992,94,Baz Luhrmann,en,Australia,Beyond Films,7.2,30889.0,1.5408,6.571,375.0,1990s
1193,One Flew Over the Cuckoo's Nest (1975),1975,133,Miloš Forman,en,United States of America,Fantasy Films,8.6,1156510.0,13.1891,8.412,11388.0,1970s
1196,Star Wars: Episode V - The Empire Strikes Back (1980),1980,124,Irvin Kershner,en,United States of America,Lucasfilm Ltd.,8.7,1503327.0,12.9438,8.4,18320.0,1980s
1197,"Princess Bride, The (1987)",1987,98,Rob Reiner,en,United States of America,The Princess Bride,8.0,486166.0,11.2704,7.699,5065.0,1980s
1198,Raiders of the Lost Ark (Indiana Jones and the Raiders of the Lost Ark) (1981),1981,115,Steven Spielberg,en,United States of America,Paramount Pictures,8.4,1109574.0,13.8961,7.923,13572.0,1980s
1199,Brazil (1985),1985,132,Terry Gilliam,en,United Kingdom,Embassy International Pictures,7.8,222618.0,5.294,7.667,3675.0,1980s
1200,Aliens (1986),1986,137,James Cameron,en,United States of America,SLM Production Group,8.4,840199.0,14.3866,7.963,10778.0,1980s
1201,"Good, the Bad and the Ugly, The (Buono, il brutto, il cattivo, Il) (1966)",1966,178,Sergio Leone,it,United States of America,United Artists,8.8,890808.0,21.7382,8.468,9584.0,1960s
1203,12 Angry Men (1957),1957,96,Sidney Lumet,en,United States of America,Orion-Nova Productions,9.0,983171.0,21.5875,8.56,9932.0,1950s
1204,Lawrence of Arabia (1962),1962,227,David Lean,en,United Kingdom,Horizon Pictures,8.3,341984.0,7.2337,7.997,3397.0,1960s
1206,"Clockwork Orange, A (1971)",1971,136,Stanley Kubrick,en,United Kingdom,Polaris Productions Limited,8.2,936306.0,11.4908,8.179,13771.0,1970s
1207,To Kill a Mockingbird (1962),1962,129,Robert Mulligan,en,United States of America,Pakula-Mulligan,8.2,351591.0,5.8509,7.997,2844.0,1960s
1208,Apocalypse Now (1979),1979,147,Francis Ford Coppola,en,United States of America,American Zoetrope,8.4,769742.0,14.3458,8.268,9034.0,1970s
1210,Star Wars: Episode VI - Return of the Jedi (1983),1983,131,Richard Marquand,en,United States of America,Lucasfilm Ltd.,8.3,1208470.0,8.4374,7.907,16854.0,1980s
1212,"Third Man, The (1949)",1949,104,Carol Reed,en,United Kingdom,London Films Productions,8.1,195416.0,3.5472,7.902,2087.0,1940s
1213,Goodfellas (1990),1990,145,Martin Scorsese,en,United States of America,Winkler Films,8.7,1390198.0,27.8408,8.453,14262.0,1990s
1214,Alien (1979),1979,117,Ridley Scott,en,United States of America,Brandywine Productions,8.5,1063213.0,22.6232,8.17,16264.0,1970s
1215,Army of Darkness (1993),1993,81,Sam Raimi,en,United States of America,Renaissance Pictures,7.4,208446.0,5.5267,7.263,3494.0,1990s
1219,Psycho (1960),1960,109,Alfred Hitchcock,en,United States of America,Shamley Productions,8.5,784736.0,16.7462,8.414,10947.0,1960s
1220,"Blues Brothers, The (1980)",1980,133,John Landis,en,United States of America,Universal Pictures,7.9,229276.0,5.3537,7.717,4547.0,1980s
1221,"Godfather: Part II, The (1974)",1974,202,Francis Ford Coppola,en,United States of America,Paramount Pictures,9.0,1494076.0,25.4571,8.571,13843.0,1970s
1222,Full Metal Jacket (1987),1987,116,Stanley Kubrick,en,United Kingdom,Natant,8.2,850675.0,10.9408,8.119,11391.0,1980s
1223,"Grand Day Out with Wallace and Gromit, A (1989)",1989,,Nick Park,en,United Kingdom,Aardman,7.7,41511.0,2.2555,7.482,990.0,1980s
1225,Amadeus (1984),1984,160,Miloš Forman,en,United States of America,The Saul Zaentz Company,8.4,467631.0,8.1719,8.023,4732.0,1980s
1228,Raging Bull (1980),1980,129,Martin Scorsese,en,United States of America,United Artists,8.1,410959.0,6.4426,7.904,4735.0,1980s
1230,Annie Hall (1977),1977,93,Woody Allen,en,United States of America,Jack Rollins & Charles H. Joffe Productions,7.9,291036.0,4.9961,7.734,4220.0,1970s
1231,"Right Stuff, The (1983)",1983,193,Philip Kaufman,en,United States of America,The Ladd Company,7.8,69141.0,4.0757,7.409,958.0,1980s
1233,"Boot, Das (Boat, The) (1981)",1981,149,Wolfgang Petersen,de,Germany,Radiant Film,8.3,287797.0,6.3337,8.082,2492.0,1980s
1234,"Sting, The (1973)",1973,129,George Roy Hill,en,United States of America,Universal Pictures,8.2,301041.0,6.7372,8.016,2953.0,1970s
1235,Harold and Maude (1971),1971,91,Hal Ashby,en,United States of America,Paramount Pictures,7.8,86242.0,2.5198,7.601,1199.0,1970s
1240,"Terminator, The (1984)",1984,107,James Cameron,en,United Kingdom,Hemdale,8.1,1004040.0,18.3811,7.679,14508.0,1980s
1242,Glory (1989),1989,122,Edward Zwick,en,United States of America,Freddie Fields Productions,7.8,153895.0,5.4967,7.476,1797.0,1980s
1244,Manhattan (1979),1979,96,Woody Allen,en,United States of America,United Artists,7.8,153959.0,3.0695,7.719,2606.0,1970s
1245,Miller's Crossing (1990),1990,115,Joel Coen,en,United States of America,Circle Films,7.7,149310.0,3.8115,7.452,1831.0,1990s
1246,Dead Poets Society (1989),1989,128,Peter Weir,en,United States of America,A Steven Haft Production,8.1,651499.0,14.5139,8.3,12524.0,1980s
1247,"Graduate, The (1967)",1967,106,Mike Nichols,en,United States of America,AVCO Embassy Pictures,8.0,303021.0,5.7967,7.633,3655.0,1960s
1249,"Femme Nikita, La (Nikita) (1990)",1990,117,Luc Besson,fr,France,Gaumont,7.2,81547.0,4.1975,7.108,2145.0,1990s
1250,"Bridge on the River Kwai, The (1957)",1957,161,David Lean,en,United Kingdom,Horizon Pictures,8.1,248609.0,3.7332,7.8,2358.0,1950s
1252,Chinatown (1974),1974,130,Roman Polanski,en,United States of America,Paramount Pictures,8.1,376950.0,6.3378,7.91,4235.0,1970s
1253,"Day the Earth Stood Still, The (1951)",1951,92,Robert Wise,en,United States of America,20th Century Fox,7.7,89916.0,3.1378,7.461,1231.0,1950s
1256,Duck Soup (1933),1933,69,Leo McCarey,en,United States of America,Paramount Pictures,7.7,65398.0,2.2158,7.319,855.0,1930s
1257,Better Off Dead... (1985),1985,97,Savage Steve Holland,en,United States of America,A&M Films,7.1,53781.0,2.5902,6.582,547.0,1980s
1258,"Shining, The (1980)",1980,146,Stanley Kubrick,en,United Kingdom,Warner Bros. Pictures,8.4,1224456.0,13.7078,8.2,18839.0,1980s
1259,Stand by Me (1986),1986,89,Rob Reiner,en,United States of America,Act III Productions,8.1,487586.0,8.7924,7.838,6481.0,1980s
1261,Evil Dead II (Dead by Dawn) (1987),1987,84,Sam Raimi,en,United States of America,Rosebud Releasing Corporation,7.7,196168.0,6.2868,7.544,3453.0,1980s
1262,"Great Escape, The (1963)",1963,172,John Sturges,en,United States of America,The Mirisch Company,8.2,277630.0,6.4259,7.926,2825.0,1960s
1263,"Deer Hunter, The (1978)",1978,183,Michael Cimino,en,United Kingdom,Universal Pictures,8.1,386803.0,7.2894,7.975,4213.0,1970s
1265,Groundhog Day (1993),1993,101,Harold Ramis,en,United States of America,Columbia Pictures,8.0,736897.0,7.8786,7.628,8839.0,1990s
1266,Unforgiven (1992),1992,130,Clint Eastwood,en,United States of America,Warner Bros. Pictures,8.2,468688.0,8.2005,7.906,4919.0,1990s
1267,"Manchurian Candidate, The (1962)",1962,126,John Frankenheimer,en,United States of America,MC Productions,7.9,84681.0,3.2432,7.514,802.0,1960s
1269,Arsenic and Old Lace (1944),1944,118,Frank Capra,en,United States of America,Warner Bros. Pictures,7.9,78789.0,2.529,7.6,1037.0,1940s
1270,Back to the Future (1985),1985,116,Robert Zemeckis,en,United States of America,Universal Pictures,8.5,1451745.0,21.3315,8.325,21691.0,1980s
1271,Fried Green Tomatoes (1991),1991,130,Jon Avnet,en,United States of America,Universal Pictures,7.7,91246.0,5.5453,7.7,1462.0,1990s
1272,Patton (1970),1970,172,Franklin J. Schaffner,en,United States of America,20th Century Fox,7.9,114420.0,3.6284,7.465,1207.0,1970s
1274,Akira (1988),1988,124,Katsuhiro Ôtomo,ja,Japan,MBS,8.0,226741.0,10.1462,7.9,4739.0,1980s
1275,Highlander (1986),1986,110,Russell Mulcahy,en,United Kingdom,Davis-Panzer Productions,7.0,158727.0,8.7293,6.862,2889.0,1980s
1276,Cool Hand Luke (1967),1967,127,Stuart Rosenberg,en,United States of America,Warner Bros.-Seven Arts,8.0,197467.0,6.6578,7.743,1606.0,1960s
1278,Young Frankenstein (1974),1974,106,Mel Brooks,en,United States of America,Crossbow Productions,8.0,181195.0,5.8312,7.853,3377.0,1970s
1282,Fantasia (1940),1940,124,James Algar,en,United States of America,Walt Disney Productions,7.7,111204.0,4.8104,7.34,3303.0,1940s
1285,Heathers (1989),1989,103,Michael Lehmann,en,United States of America,New World Pictures,7.1,127097.0,4.439,7.271,1858.0,1980s
1287,Ben-Hur (1959),1959,212,William Wyler,en,United States of America,Metro-Goldwyn-Mayer,8.1,271986.0,10.0002,7.885,3119.0,1950s
1288,This Is Spinal Tap (1984),1984,82,Rob Reiner,en,United States of America,Spinal Tap Prod.,7.9,161143.0,3.0171,7.418,1621.0,1980s
1291,Indiana Jones and the Last Crusade (1989),1989,127,Steven Spielberg,en,United States of America,Paramount Pictures,8.2,863348.0,8.87,7.851,11011.0,1980s
1292,Being There (1979),1979,130,Hal Ashby,en,United States of America,Northstar Media,7.9,83052.0,2.839,7.593,1121.0,1970s
1293,Gandhi (1982),1982,191,Richard Attenborough,en,India,Goldcrest,8.0,247273.0,5.5358,7.562,2495.0,1980s
1297,Real Genius (1985),1985,108,Martha Coolidge,en,United States of America,Tri-Star-Delphi III Productions,6.9,41406.0,3.227,6.649,494.0,1980s
1298,Pink Floyd: The Wall (1982),1982,95,Alan Parker,en,United Kingdom,Goldcrest,8.0,89797.0,3.4619,7.93,1630.0,1980s
1299,"Killing Fields, The (1984)",1984,141,Roland Joffé,en,United Kingdom,Goldcrest,7.8,63674.0,2.7683,7.465,823.0,1980s
1302,Field of Dreams (1989),1989,107,Phil Alden Robinson,en,United States of America,Universal Pictures,7.5,138956.0,4.6393,7.112,1657.0,1980s
1304,Butch Cassidy and the Sundance Kid (1969),1969,110,George Roy Hill,en,United States of America,Campanile Productions,8.0,239316.0,4.0879,7.613,2447.0,1960s
1307,When Harry Met Sally... (1989),1989,95,Rob Reiner,en,United States of America,Castle Rock Entertainment,7.7,272582.0,6.2519,7.403,4565.0,1980s
1320,Alien³ (a.k.a. Alien 3) (1992),1992,114,David Fincher,en,United States of America,20th Century Fox,6.4,352243.0,7.1774,6.4,6322.0,1990s
1321,"American Werewolf in London, An (1981)",1981,97,John Landis,en,United Kingdom,Lyncanthrope Films,7.5,134463.0,4.3032,7.395,2684.0,1980s
1333,"Birds, The (1963)",1963,119,Alfred Hitchcock,en,United States of America,Alfred J. Hitchcock Productions,7.6,219995.0,4.4804,7.515,4448.0,1960s
1339,Dracula (Bram Stoker's Dracula) (1992),1992,128,Francis Ford Coppola,en,United States of America,American Zoetrope,7.4,269085.0,10.0791,7.449,5730.0,1990s
1343,Cape Fear (1991),1991,128,Martin Scorsese,en,United States of America,Amblin Entertainment,7.3,242807.0,6.1462,7.261,3833.0,1990s
1345,Carrie (1976),1976,98,Brian De Palma,en,United States of America,United Artists,7.4,228362.0,6.6284,7.332,4274.0,1970s
1347,"Nightmare on Elm Street, A (1984)",1984,91,Wes Craven,en,United States of America,New Line Cinema,7.4,290776.0,10.1629,7.345,5689.0,1980s
1350,"Omen, The (1976)",1976,111,Richard Donner,en,United States of America,Mace Neufeld Productions,7.5,146120.0,4.9193,7.4,2373.0,1970s
1356,Star Trek: First Contact (1996),1996,111,Jonathan Frakes,en,United States of America,Paramount Pictures,7.6,137853.0,3.9715,7.297,1941.0,1990s
1357,Shine (1996),1996,105,Scott Hicks,en,Australia,Fine Line Features,7.6,59003.0,2.5569,7.365,706.0,1990s
1358,Sling Blade (1996),1996,135,Billy Bob Thornton,en,United States of America,Miramax,8.0,105085.0,3.0605,7.544,859.0,1990s
1367,101 Dalmatians (1996),1996,103,Stephen Herek,en,United Kingdom,Great Oaks Entertainment,5.8,124501.0,8.1915,5.942,3618.0,1990s
1370,Die Hard 2 (1990),1990,124,Renny Harlin,en,United States of America,Gordon Company,7.2,407111.0,7.3815,6.972,6369.0,1990s
1371,Star Trek: The Motion Picture (1979),1979,143,Robert Wise,en,United States of America,Paramount Pictures,6.4,102412.0,4.5399,6.483,1917.0,1970s
1372,Star Trek VI: The Undiscovered Country (1991),1991,110,Nicholas Meyer,en,United States of America,Paramount Pictures,7.3,85158.0,3.0498,7.041,1410.0,1990s
1373,Star Trek V: The Final Frontier (1989),1989,107,William Shatner,en,United States of America,Paramount Pictures,5.5,67946.0,3.9748,5.7,1298.0,1980s
1374,Star Trek II: The Wrath of Khan (1982),1982,113,Nicholas Meyer,en,United States of America,Paramount Pictures,7.7,135793.0,3.6024,7.448,2116.0,1980s
1375,Star Trek III: The Search for Spock (1984),1984,105,Leonard Nimoy,en,United States of America,Paramount Pictures,6.7,90705.0,2.6648,6.586,1506.0,1980s
1376,Star Trek IV: The Voyage Home (1986),1986,119,Leonard Nimoy,en,United States of America,Paramount Pictures,7.3,96670.0,4.4555,7.175,1642.0,1980s
1377,Batman Returns (1992),1992,126,Tim Burton,en,United States of America,Warner Bros. Pictures,7.1,350222.0,7.7204,6.947,7052.0,1990s
1378,Young Guns (1988),1988,107,Christopher Cain,en,United States of America,Morgan Creek Entertainment,6.8,73770.0,5.629,6.677,1025.0,1980s
1380,Grease (1978),1978,110,Randal Kleiser,en,United States of America,Paramount Pictures,7.2,325883.0,10.367,7.371,7644.0,1970s
1385,Under Siege (1992),1992,103,Andrew Davis,en,France,Regency Enterprises,6.5,102542.0,4.6715,6.309,1710.0,1990s
1387,Jaws (1975),1975,124,Steven Spielberg,en,United States of America,The Zanuck/Brown Company,8.1,736730.0,15.1623,7.682,11474.0,1970s
1391,Mars Attacks! (1996),1996,106,Tim Burton,en,United States of America,Warner Bros. Pictures,6.4,258377.0,6.6613,6.423,5850.0,1990s
1393,Jerry Maguire (1996),1996,139,Cameron Crowe,en,United States of America,TriStar Pictures,7.3,311381.0,7.6929,6.983,3681.0,1990s
1394,Raising Arizona (1987),1987,94,Joel Coen,en,United States of America,Circle Films,7.3,160724.0,3.6406,7.053,2318.0,1980s
1396,Sneakers (1992),1992,126,Phil Alden Robinson,en,United States of America,Universal Pictures,7.1,68137.0,6.7743,6.915,1047.0,1990s
1405,Beavis and Butt-Head Do America (1996),1996,81,Geoffrey Johnson,en,United States of America,Paramount Pictures,6.8,62909.0,2.3605,6.643,776.0,1990s
1407,Scream (1996),1996,111,Wes Craven,en,United States of America,Dimension Films,7.4,445593.0,14.1384,7.43,7886.0,1990s
1408,"Last of the Mohicans, The (1992)",1992,112,Michael Mann,en,United States of America,Morgan Creek Entertainment,7.6,206639.0,7.4644,7.4,3397.0,1990s
1409,Michael (1996),1996,105,Nora Ephron,en,United States of America,Alphaville Films,5.7,46969.0,6.3803,5.718,681.0,1990s
1429,First Strike (Police Story 4: First Strike) (Ging chaat goo si 4: Ji gaan daan yam mo) (1996),1996,107,Stanley Tong,cn,Hong Kong,Orange Sky Golden Harvest,6.6,24213.0,3.8086,6.489,532.0,1990s
1438,Dante's Peak (1997),1997,108,Roger Donaldson,en,United States of America,Pacific Western,6.1,107775.0,4.8365,6.225,2054.0,1990s
1449,Waiting for Guffman (1996),1996,84,Christopher Guest,en,United States of America,Pale Morning Dun,7.4,33823.0,2.0064,7.024,272.0,1990s
1466,Donnie Brasco (1997),1997,127,Mike Newell,en,United States of America,Mark Johnson Productions,7.7,356162.0,8.0408,7.539,4832.0,1990s
1476,Private Parts (1997),1997,109,Betty Thomas,en,United States of America,Rysher Entertainment,6.9,40516.0,3.3359,6.487,376.0,1990s
1479,"Saint, The (1997)",1997,116,Phillip Noyce,en,United States of America,Paramount Pictures,6.2,77955.0,3.2973,6.103,1234.0,1990s
1485,Liar Liar (1997),1997,86,Tom Shadyac,en,United States of America,Universal Pictures,6.9,362615.0,6.5142,6.708,6192.0,1990s
1499,Anaconda (1997),1997,89,Luis Llosa,en,Brazil,St. Tropez Films,5.0,125300.0,6.6122,5.269,2782.0,1990s
1500,Grosse Pointe Blank (1997),1997,107,George Armitage,en,United States of America,Caravan Pictures,7.3,105010.0,3.1369,6.966,1018.0,1990s
1513,Romy and Michele's High School Reunion (1997),1997,92,David Mirkin,en,United States of America,Touchstone Pictures,6.4,57909.0,2.7579,6.241,583.0,1990s
1517,Austin Powers: International Man of Mystery (1997),1997,89,Jay Roach,en,Germany,New Line Cinema,7.0,273401.0,5.6561,6.594,3765.0,1990s
1527,"Fifth Element, The (1997)",1997,126,Luc Besson,fr,France,Gaumont,7.6,544601.0,12.6331,7.566,11618.0,1990s
1544,"Lost World: Jurassic Park, The (1997)",1997,129,Steven Spielberg,en,United States of America,Universal Pictures,6.6,478086.0,0.6184,6.6,9183.0,1990s
1552,Con Air (1997),1997,115,Simon West,en,United States of America,Touchstone Pictures,6.9,339102.0,8.119,6.77,4656.0,1990s
1562,Batman & Robin (1997),1997,125,Joel Schumacher,en,United States of America,Warner Bros. Pictures,3.8,282315.0,9.4395,4.391,5379.0,1990s
1566,Hercules (1997),1997,93,Ron Clements,en,United States of America,Walt Disney Feature Animation,7.3,279368.0,13.9509,7.491,7889.0,1990s
1569,My Best Friend's Wedding (1997),1997,105,P.J. Hogan,en,United States of America,Zucker Brothers Productions,6.4,166648.0,2.8161,6.563,2873.0,1990s
1573,Face/Off (1997),1997,138,John Woo,en,United States of America,WCG Entertainment Productions,7.3,426720.0,8.8455,7.1,5851.0,1990s
1580,Men in Black (a.k.a. MIB) (1997),1997,98,Barry Sonnenfeld,en,United States of America,Columbia Pictures,7.3,663498.0,13.1572,7.22,14765.0,1990s
1584,Contact (1997),1997,150,Robert Zemeckis,en,United States of America,South Side Amusement Company,7.5,313036.0,8.774,7.441,4956.0,1990s
1586,G.I. Jane (1997),1997,125,Ridley Scott,en,United Kingdom,Caravan Pictures,6.1,92965.0,5.3949,6.468,1835.0,1990s
1587,Conan the Barbarian (1982),1982,129,John Milius,en,United States of America,The De Laurentiis Company,6.9,173681.0,6.5589,6.803,2771.0,1980s
1588,George of the Jungle (1997),1997,92,Sam Weisman,en,United States of America,Mandeville Films,5.6,90111.0,6.3097,5.659,2239.0,1990s
1590,Event Horizon (1997),1997,96,Paul W.S. Anderson,en,United Kingdom,Impact Pictures,6.6,214902.0,6.949,6.6,3250.0,1990s
1591,Spawn (1997),1997,96,Mark A.Z. Dippé,en,United States of America,New Line Cinema,5.2,76562.0,4.3873,5.434,1468.0,1990s
1597,Conspiracy Theory (1997),1997,135,Richard Donner,en,United States of America,Silver Pictures,6.7,114267.0,3.6788,6.62,1625.0,1990s
1608,Air Force One (1997),1997,124,Wolfgang Petersen,en,United States of America,Radiant Productions,6.5,223740.0,5.7474,6.472,3292.0,1990s
1610,"Hunt for Red October, The (1990)",1990,135,John McTiernan,en,United States of America,Paramount Pictures,7.5,230688.0,6.6527,7.382,3601.0,1990s
1614,In & Out (1997),1997,90,Frank Oz,en,United States of America,Paramount Pictures,6.4,46577.0,2.8861,6.46,741.0,1990s
1616,"Peacemaker, The (1997)",1997,124,Mimi Leder,en,United States of America,DreamWorks Pictures,6.0,66468.0,3.8762,6.048,1114.0,1990s
1617,L.A. Confidential (1997),1997,138,Curtis Hanson,en,United States of America,Regency Enterprises,8.2,658930.0,8.1182,7.8,5505.0,1990s
1625,"Game, The (1997)",1997,129,David Fincher,en,United States of America,PolyGram Filmed Entertainment,7.7,470432.0,8.1241,7.571,7284.0,1990s
1639,Chasing Amy (1997),1997,113,Kevin Smith,en,United States of America,View Askew Productions,7.2,148346.0,3.4169,6.762,1531.0,1990s
1641,"Full Monty, The (1997)",1997,91,Peter Cattaneo,en,United Kingdom,Redwave Films,7.2,119829.0,3.2793,6.992,1780.0,1990s
1644,I Know What You Did Last Summer (1997),1997,101,Jim Gillespie,en,United States of America,Mandalay Entertainment,5.9,180777.0,5.7066,6.002,3240.0,1990s
1645,The Devil's Advocate (1997),1997,144,Taylor Hackford,en,Germany,Monarchy Enterprises B.V.,7.5,444388.0,13.8847,7.469,6735.0,1990s
1653,Gattaca (1997),1997,106,Andrew Niccol,en,United States of America,Jersey Films,7.7,346878.0,8.876,7.565,6889.0,1990s
1663,Stripes (1981),1981,106,Ivan Reitman,en,United States of America,Columbia Pictures,6.8,85989.0,4.1834,6.568,1027.0,1980s
1673,Boogie Nights (1997),1997,155,Paul Thomas Anderson,en,United States of America,New Line Cinema,7.9,305586.0,7.2722,7.63,3537.0,1990s
1674,Witness (1985),1985,112,Peter Weir,en,United States of America,Paramount Pictures,7.3,113887.0,3.967,7.1,1875.0,1980s
1676,Starship Troopers (1997),1997,129,Paul Verhoeven,en,United States of America,TriStar Pictures,7.3,346031.0,8.1206,7.1,5444.0,1990s
1680,Sliding Doors (1998),1998,99,Peter Howitt,en,United Kingdom,Intermedia Films,6.7,75784.0,3.6796,6.566,1409.0,1990s
1682,"Truman Show, The (1998)",1998,103,Peter Weir,en,United States of America,Paramount Pictures,8.2,1371118.0,16.9822,8.151,20094.0,1990s
1688,Anastasia (1997),1997,94,Don Bluth,en,United States of America,Fox Animation Studios,7.2,146865.0,8.253,7.608,5596.0,1990s
1690,Alien: Resurrection (1997),1997,109,Jean-Pierre Jeunet,en,United States of America,20th Century Fox,6.2,292058.0,9.2049,6.2,5512.0,1990s
1704,Good Will Hunting (1997),1997,126,Gus Van Sant,en,United States of America,Lawrence Bender Productions,8.4,1215478.0,14.6266,8.161,13756.0,1990s
1711,Midnight in the Garden of Good and Evil (1997),1997,155,Clint Eastwood,en,United States of America,Warner Bros. Pictures,6.6,43784.0,2.2272,6.352,625.0,1990s
1717,Scream 2 (1997),1997,120,Wes Craven,en,United States of America,Dimension Films,6.3,236428.0,8.1997,6.5,4697.0,1990s
1721,Titanic (1997),1997,194,James Cameron,en,United States of America,Paramount Pictures,8.0,1391261.0,31.3919,7.902,27060.0,1990s
1722,Tomorrow Never Dies (1997),1997,119,Roger Spottiswoode,en,United Kingdom,EON Productions,6.5,216001.0,6.0951,6.378,3421.0,1990s
1729,Jackie Brown (1997),1997,154,Quentin Tarantino,en,United States of America,Miramax,7.5,404007.0,5.7899,7.357,6904.0,1990s
1732,"Big Lebowski, The (1998)",1998,117,Joel Coen,en,United Kingdom,PolyGram Filmed Entertainment,8.1,916548.0,9.629,7.84,12114.0,1990s
1747,Wag the Dog (1997),1997,97,Barry Levinson,en,United States of America,New Line Cinema,7.1,93381.0,3.5248,6.942,1052.0,1990s
1748,Dark City (1998),1998,100,Alex Proyas,en,Australia,New Line Cinema,7.5,226132.0,5.1116,7.3,3170.0,1990s
1777,"Wedding Singer, The (1998)",1998,97,Frank Coraci,en,United States of America,Robert Simonds Productions,6.9,173351.0,3.6405,6.773,1905.0,1990s
1779,Sphere (1998),1998,134,Barry Levinson,en,United States of America,Warner Bros. Pictures,6.1,118552.0,3.8952,6.129,1798.0,1990s
1784,As Good as It Gets (1997),1997,139,James L. Brooks,en,United States of America,TriStar Pictures,7.7,338611.0,5.0515,7.402,4102.0,1990s
1792,U.S. Marshals (1998),1998,131,Stuart Baird,en,United States of America,Kopelson Entertainment,6.6,120549.0,4.8639,6.538,1784.0,1990s
1801,"Man in the Iron Mask, The (1998)",1998,132,Randall Wallace,en,United States of America,United Artists,6.5,190678.0,5.2371,6.648,4110.0,1990s
1805,Wild Things (1998),1998,108,John McNaughton,en,United States of America,Mandalay Entertainment,6.6,141565.0,5.9703,6.373,1963.0,1990s
1831,Lost in Space (1998),1998,130,Stephen Hopkins,en,United States of America,Saltire Entertainment,5.2,77732.0,6.3795,5.4,1306.0,1990s
1876,Deep Impact (1998),1998,120,Mimi Leder,en,United States of America,Paramount Pictures,6.3,205219.0,6.4311,6.232,3290.0,1990s
1882,Godzilla (1998),1998,139,Roland Emmerich,en,United States of America,TriStar Pictures,5.5,213157.0,6.3913,5.649,4205.0,1990s
1883,Bulworth (1998),1998,108,Warren Beatty,en,United States of America,20th Century Fox,6.8,28246.0,2.804,6.3,267.0,1990s
1884,Fear and Loathing in Las Vegas (1998),1998,118,Terry Gilliam,en,United States of America,Summit Entertainment,7.4,319243.0,5.0233,7.207,4996.0,1990s
1907,Mulan (1998),1998,87,Tony Bancroft,en,United States of America,Walt Disney Feature Animation,7.7,345937.0,15.1827,7.9,10365.0,1990s
1909,"X-Files: Fight the Future, The (1998)",1998,121,Rob Bowman,en,United States of America,Ten Thirteen Productions,7.0,114754.0,5.1828,6.903,1790.0,1990s
1911,Dr. Dolittle (1998),1998,85,Betty Thomas,en,United States of America,20th Century Fox,5.4,107756.0,5.3669,5.717,3270.0,1990s
1912,Out of Sight (1998),1998,123,Steven Soderbergh,en,United States of America,Universal Pictures,7.0,105676.0,4.5069,6.684,1399.0,1990s
1917,Armageddon (1998),1998,151,Michael Bay,en,United States of America,Touchstone Pictures,6.7,479152.0,8.9562,6.83,8526.0,1990s
1918,Lethal Weapon 4 (1998),1998,127,Richard Donner,en,United States of America,Silver Pictures,6.6,180550.0,4.7366,6.604,2921.0,1990s
1921,Pi (1998),1998,84,Darren Aronofsky,en,United States of America,Harvest Filmworks,7.3,192864.0,3.5159,7.119,2473.0,1990s
1923,There's Something About Mary (1998),1998,119,Bobby Farrelly,en,United States of America,20th Century Fox,7.1,348472.0,6.9451,6.629,5314.0,1990s
1945,On the Waterfront (1954),1954,108,Elia Kazan,en,United States of America,Columbia Pictures,8.1,177738.0,3.4526,7.873,1764.0,1950s
1947,West Side Story (1961),1961,153,Jerome Robbins,en,United States of America,Seven Arts Productions,7.6,127623.0,3.1852,7.231,2029.0,1960s
1952,Midnight Cowboy (1969),1969,113,John Schlesinger,en,United States of America,Florin Productions,7.8,131693.0,3.454,7.519,1585.0,1960s
1953,"French Connection, The (1971)",1971,104,William Friedkin,en,United States of America,D'Antoni Productions,7.7,150437.0,4.4014,7.5,2115.0,1970s
1954,Rocky (1976),1976,120,John G. Avildsen,en,United States of America,Winkler Films,8.1,688098.0,11.5355,7.795,8564.0,1970s
1958,Terms of Endearment (1983),1983,132,James L. Brooks,en,United States of America,Paramount Pictures,7.4,70514.0,3.5371,7.127,822.0,1980s
1960,"Last Emperor, The (1987)",1987,163,Bernardo Bertolucci,en,China,Soprofilms,7.7,119524.0,4.6691,7.581,1909.0,1980s
1961,Rain Man (1988),1988,133,Barry Levinson,en,United States of America,United Artists,8.0,585455.0,7.8501,7.751,7058.0,1980s
1962,Driving Miss Daisy (1989),1989,99,Bruce Beresford,en,United States of America,Warner Bros. Pictures,7.3,124404.0,3.6722,7.235,1769.0,1980s
1965,Repo Man (1984),1984,92,Alex Cox,en,United States of America,Edge City Productions,6.8,45334.0,2.3899,6.666,666.0,1980s
1967,Labyrinth (1986),1986,101,Jim Henson,en,United Kingdom,Henson Associates,7.3,164398.0,7.4946,7.275,2719.0,1980s
1968,"Breakfast Club, The (1985)",1985,97,John Hughes,en,United States of America,Universal Pictures,7.8,472315.0,7.5999,7.7,8502.0,1980s
1982,Halloween (1978),1978,91,John Carpenter,en,United States of America,Compass International Pictures,7.7,338725.0,13.4149,7.556,6146.0,1970s
1994,Poltergeist (1982),1982,114,Tobe Hooper,en,United States of America,Metro-Goldwyn-Mayer,7.3,194779.0,6.0299,7.156,3307.0,1980s
1997,"Exorcist, The (1973)",1973,122,William Friedkin,en,United States of America,Hoya Productions,8.1,498551.0,12.0353,7.742,8588.0,1970s
2000,Lethal Weapon (1987),1987,109,Richard Donner,en,United States of America,Silver Pictures,7.6,295782.0,7.5404,7.292,5011.0,1980s
2001,Lethal Weapon 2 (1989),1989,114,Richard Donner,en,United States of America,Silver Pictures,7.3,201269.0,5.7218,7.034,3721.0,1980s
2002,Lethal Weapon 3 (1992),1992,118,Richard Donner,en,United States of America,Silver Pictures,6.7,188485.0,4.7008,6.714,3213.0,1990s
2003,Gremlins (1984),1984,106,Joe Dante,en,United States of America,Amblin Entertainment,7.3,274225.0,7.942,7.142,6949.0,1980s
2005,"Goonies, The (1985)",1985,114,Richard Donner,en,United States of America,Amblin Entertainment,7.7,326395.0,11.959,7.516,6200.0,1980s
2006,"Mask of Zorro, The (1998)",1998,136,Martin Campbell,en,United States of America,TriStar Pictures,6.8,210053.0,6.0675,6.582,4312.0,1990s
2010,Metropolis (1927),1927,153,Fritz Lang,de,Germany,UFA,8.2,201139.0,4.8088,8.09,3078.0,1920s
2011,Back to the Future Part II (1989),1989,108,Robert Zemeckis,en,United States of America,Universal Pictures,7.8,621153.0,9.22,7.8,13857.0,1980s
2012,Back to the Future Part III (1990),1990,118,Robert Zemeckis,en,United States of America,Universal Pictures,7.5,519721.0,7.2136,7.492,11463.0,1990s
2013,"Poseidon Adventure, The (1972)",1972,117,Ronald Neame,en,United States of America,Kent Productions,7.1,53940.0,4.2969,7.137,998.0,1970s
2018,Bambi (1942),1942,69,James Algar,en,United States of America,Walt Disney Productions,7.3,165116.0,6.9187,7.01,6001.0,1940s
2019,Seven Samurai (Shichinin no samurai) (1954),1954,207,Akira Kurosawa,ja,Japan,TOHO,8.6,401473.0,21.3963,8.45,4207.0,1950s
2020,Dangerous Liaisons (1988),1988,119,Stephen Frears,en,United States of America,Lorimar Film Entertainment,7.5,79967.0,4.934,7.19,1262.0,1980s
2021,Dune (1984),1984,137,David Lynch,en,United States of America,The De Laurentiis Company,6.2,192670.0,8.3524,6.182,3400.0,1980s
2023,"Godfather: Part III, The (1990)",1990,162,Francis Ford Coppola,en,United States of America,Paramount Pictures,7.5,455342.0,10.7874,7.42,6817.0,1990s
2028,Saving Private Ryan (1998),1998,169,Steven Spielberg,en,United States of America,DreamWorks Pictures,8.6,1637246.0,15.6938,8.223,17122.0,1990s
2046,Flight of the Navigator (1986),1986,90,Randal Kleiser,en,United States of America,New Star Entertainment,6.9,55326.0,3.2165,6.959,937.0,1980s
2052,Hocus Pocus (1993),1993,96,Kenny Ortega,en,United States of America,Walt Disney Pictures,6.9,172488.0,6.8038,7.038,3276.0,1990s
2053,"Honey, I Blew Up the Kid (1992)",1992,89,Randal Kleiser,en,United States of America,Walt Disney Pictures,4.9,49450.0,2.7731,5.278,1271.0,1990s
2054,"Honey, I Shrunk the Kids (1989)",1989,93,Joe Johnston,en,United States of America,Walt Disney Pictures,6.4,177094.0,4.0476,6.318,3309.0,1980s
2058,"Negotiator, The (1998)",1998,140,F. Gary Gray,en,Germany,Regency Enterprises,7.3,168229.0,6.1444,7.109,2360.0,1990s
2064,Roger & Me (1989),1989,91,Michael Moore,en,United States of America,Dog Eat Dog Films,7.5,28260.0,0.9182,7.093,317.0,1980s
2067,Doctor Zhivago (1965),1965,197,David Lean,en,Italy,Metro-Goldwyn-Mayer,7.9,87216.0,4.9362,7.55,1261.0,1960s
2076,Blue Velvet (1986),1986,120,David Lynch,en,United States of America,DEG,7.7,245242.0,6.5991,7.607,3803.0,1980s
2078,"Jungle Book, The (1967)",1967,78,Wolfgang Reitherman,en,United States of America,Walt Disney Productions,7.6,213225.0,7.7742,7.278,6643.0,1960s
2080,Lady and the Tramp (1955),1955,76,Clyde Geronimi,en,United States of America,Walt Disney Productions,7.3,161722.0,6.4908,7.1,5622.0,1950s
2081,"Little Mermaid, The (1989)",1989,83,Ron Clements,en,United States of America,Silver Screen Partners IV,7.6,311780.0,12.1899,7.4,8372.0,1980s
2082,"Mighty Ducks, The (1992)",1992,104,Stephen Herek,en,United States of America,Avnet/Kerner Productions,6.6,76774.0,3.3186,6.577,972.0,1990s
2085,101 Dalmatians (One Hundred and One Dalmatians) (1961),1961,79,Clyde Geronimi,en,United States of America,Walt Disney Productions,7.3,196502.0,6.5717,7.173,6647.0,1960s
2087,Peter Pan (1953),1953,77,Clyde Geronimi,en,United States of America,Walt Disney Productions,7.2,165461.0,8.9651,7.189,5722.0,1950s
2094,"Rocketeer, The (1991)",1991,108,Joe Johnston,en,United States of America,Walt Disney Pictures,6.6,65707.0,3.3407,6.468,1034.0,1990s
2096,Sleeping Beauty (1959),1959,75,Les Clark,en,United States of America,Walt Disney Productions,7.2,172139.0,10.0303,6.941,5456.0,1950s
2100,Splash (1984),1984,111,Ron Howard,en,United States of America,Touchstone Pictures,6.3,89149.0,5.1419,6.261,1477.0,1980s
2105,Tron (1982),1982,96,Steven Lisberger,en,United States of America,Lisberger/Kushner Productions,6.7,146135.0,5.3641,6.6,2725.0,1980s
2108,L.A. Story (1991),1991,95,Mick Jackson,en,United States of America,L.A. Films,6.7,35953.0,2.2661,6.51,381.0,1990s
2109,"Jerk, The (1979)",1979,94,Carl Reiner,en,United States of America,Universal Pictures,7.1,68537.0,2.2411,6.9,897.0,1970s
2115,Indiana Jones and the Temple of Doom (1984),1984,118,Steven Spielberg,en,United States of America,Paramount Pictures,7.5,567710.0,8.9676,7.308,10070.0,1980s
2124,"Addams Family, The (1991)",1991,99,Barry Sonnenfeld,en,United States of America,Paramount Pictures,7.0,201080.0,6.7012,7.067,5019.0,1990s
2125,Ever After: A Cinderella Story (1998),1998,121,Andy Tennant,en,United States of America,20th Century Fox,7.1,86249.0,4.2074,7.43,1555.0,1990s
2133,Adventures in Babysitting (1987),1987,102,Chris Columbus,en,United States of America,Silver Screen Partners III,6.9,54050.0,3.7275,6.852,746.0,1980s
2134,Weird Science (1985),1985,94,John Hughes,en,United States of America,Universal Pictures,6.6,105688.0,5.0671,6.545,1535.0,1980s
2137,Charlotte's Web (1973),1973,94,Charles Nichols,en,United States of America,Hanna-Barbera Cartoons,6.9,24134.0,1.6905,6.842,406.0,1970s
2139,"Secret of NIMH, The (1982)",1982,82,Don Bluth,en,United States of America,United Artists,7.5,49933.0,3.1536,7.5,933.0,1980s
2140,"Dark Crystal, The (1982)",1982,93,Jim Henson,en,United Kingdom,ITC Entertainment,7.1,77076.0,4.1629,7.136,1246.0,1980s
2144,Sixteen Candles (1984),1984,93,John Hughes,en,United States of America,Universal Pictures,7.0,135385.0,4.7692,6.757,2203.0,1980s
2145,Pretty in Pink (1986),1986,97,Howard Deutch,en,United States of America,Paramount Pictures,6.7,95457.0,4.5144,6.696,1198.0,1980s
2150,"Gods Must Be Crazy, The (1980)",1980,109,Jamie Uys,en,South Africa,CAT Films,7.3,63052.0,6.8124,7.256,1304.0,1980s
2160,Rosemary's Baby (1968),1968,137,Roman Polanski,en,United States of America,William Castle Productions,8.0,257779.0,5.8171,7.819,4347.0,1960s
2161,"NeverEnding Story, The (1984)",1984,102,Wolfgang Petersen,de,Germany,Constantin Film,7.3,170208.0,6.8356,7.218,4355.0,1980s
2167,Blade (1998),1998,120,Stephen Norrington,en,United States of America,New Line Cinema,7.1,330104.0,11.1906,6.8,6652.0,1990s
2174,Beetlejuice (1988),1988,92,Tim Burton,en,United States of America,Geffen Pictures,7.4,418134.0,8.9968,7.369,8408.0,1980s
2186,Strangers on a Train (1951),1951,101,Alfred Hitchcock,en,United States of America,Warner Bros. Pictures,7.9,149065.0,3.1197,7.667,1868.0,1950s
2193,Willow (1988),1988,126,Ron Howard,en,United States of America,Metro-Goldwyn-Mayer,7.2,139335.0,5.7918,7.0,2147.0,1980s
2194,"Untouchables, The (1987)",1987,119,Brian De Palma,en,United States of America,Paramount Pictures,7.8,354074.0,6.773,7.755,6138.0,1980s
2231,Rounders (1998),1998,121,John Dahl,en,United States of America,Miramax,7.3,170361.0,4.5907,7.0,1915.0,1990s
2232,Cube (1997),1997,90,Vincenzo Natali,en,Canada,Cube Libre,7.1,261262.0,3.8764,6.819,5186.0,1990s
2243,Broadcast News (1987),1987,133,James L. Brooks,en,United States of America,Amercent Films,7.3,36846.0,2.6655,6.766,461.0,1980s
2245,Working Girl (1988),1988,113,Mike Nichols,en,United States of America,20th Century Fox,6.8,67835.0,3.8603,6.606,1050.0,1980s
2248,Say Anything... (1989),1989,100,Cameron Crowe,en,United States of America,Gracie Films,7.3,102080.0,6.285,7.013,1097.0,1980s
2253,Toys (1992),1992,118,Barry Levinson,en,United States of America,20th Century Fox,5.1,35237.0,2.7279,5.292,583.0,1990s
2268,"Few Good Men, A (1992)",1992,138,Rob Reiner,en,United States of America,David Brown Productions,7.7,317129.0,7.1901,7.5,4118.0,1990s
2273,Rush Hour (1998),1998,98,Brett Ratner,en,United States of America,New Line Cinema,7.1,328761.0,13.1031,7.1,5610.0,1990s
2278,Ronin (1998),1998,122,John Frankenheimer,en,United Kingdom,United Artists,7.2,207793.0,4.7553,6.961,2647.0,1990s
2288,"Thing, The (1982)",1982,109,John Carpenter,en,United States of America,Universal Pictures,8.2,526044.0,12.0465,8.07,7865.0,1980s
2289,"Player, The (1992)",1992,124,Robert Altman,en,United States of America,Avenue Pictures,7.5,72132.0,5.5687,7.194,942.0,1990s
2291,Edward Scissorhands (1990),1990,105,Tim Burton,en,United States of America,20th Century Fox,7.8,564822.0,10.5039,7.72,13717.0,1990s
2294,Antz (1998),1998,83,Eric Darnell,en,United States of America,Pacific Data Images,6.5,171163.0,6.0797,6.182,4717.0,1990s
2300,"Producers, The (1968)",1968,88,Mel Brooks,en,United States of America,Crossbow Productions,7.5,64941.0,2.8343,7.066,896.0,1960s
2302,My Cousin Vinny (1992),1992,120,Jonathan Lynn,en,United States of America,Palo Vista Productions,7.6,158497.0,4.7641,7.501,1863.0,1990s
2321,Pleasantville (1998),1998,124,Gary Ross,en,United States of America,New Line Cinema,7.5,143304.0,3.9338,7.269,1861.0,1990s
2324,Life Is Beautiful (La Vita è bella) (1997),1997,116,Roberto Benigni,it,Italy,Mario e Vittorio Cecchi Gori - C.E.I.A.D.,8.6,812214.0,13.3889,8.439,13939.0,1990s
2329,American History X (1998),1998,119,Tony Kaye,en,United States of America,New Line Cinema,8.5,1272331.0,10.759,8.327,12505.0,1990s
2335,"Waterboy, The (1998)",1998,90,Frank Coraci,en,United States of America,Touchstone Pictures,6.2,191952.0,3.9307,6.055,2006.0,1990s
2336,Elizabeth (1998),1998,124,Shekhar Kapur,en,United Kingdom,PolyGram Filmed Entertainment,7.4,110196.0,4.2983,7.165,1497.0,1990s
2340,Meet Joe Black (1998),1998,178,Martin Brest,en,United States of America,Universal Pictures,7.2,299961.0,9.6592,7.358,5712.0,1990s
2352,"Big Chill, The (1983)",1983,105,Lawrence Kasdan,en,United States of America,Carson Productions,7.1,45501.0,2.8544,6.842,649.0,1980s
2353,Enemy of the State (1998),1998,132,Tony Scott,en,United Kingdom,Touchstone Pictures,7.3,274777.0,5.2669,7.062,4224.0,1990s
2355,"Bug's Life, A (1998)",1998,95,John Lasseter,en,United States of America,Pixar,7.2,337923.0,10.6768,6.974,9687.0,1990s
2359,Waking Ned Devine (a.k.a. Waking Ned) (1998),1998,91,Kirk Jones,en,France,Tomboy Films,7.3,29800.0,1.6867,7.062,338.0,1990s
2366,King Kong (1933),1933,100,Merian C. Cooper,en,United States of America,RKO Radio Pictures,7.9,95920.0,4.7995,7.596,1606.0,1930s
2369,Desperately Seeking Susan (1985),1985,104,Susan Seidelman,en,United States of America,Orion Pictures,6.2,28855.0,2.4682,6.071,503.0,1980s
2371,Fletch (1985),1985,98,Michael Ritchie,en,United States of America,Universal Pictures,6.9,61402.0,3.3836,6.749,762.0,1980s
2375,"Money Pit, The (1986)",1986,90,Richard Benjamin,en,United States of America,Amblin Entertainment,6.4,66943.0,3.9685,6.511,1230.0,1980s
2376,"View to a Kill, A (1985)",1985,131,John Glen,en,United Kingdom,EON Productions,6.3,112824.0,4.7446,6.249,2185.0,1980s
2378,Police Academy (1984),1984,96,Hugh Wilson,en,United States of America,The Ladd Company,6.7,149006.0,7.5904,6.7,2973.0,1980s
2384,Babe: Pig in the City (1998),1998,97,George Miller,en,Australia,Kennedy Miller Productions,5.9,37533.0,3.562,5.67,1319.0,1990s
2391,"Simple Plan, A (1998)",1998,121,Sam Raimi,en,United States of America,Paramount Pictures,7.5,83641.0,3.4902,7.212,1069.0,1990s
2393,Star Trek: Insurrection (1998),1998,103,Jonathan Frakes,en,United States of America,Paramount Pictures,6.4,83135.0,3.7729,6.444,1340.0,1990s
2394,"Prince of Egypt, The (1998)",1998,99,Brenda Chapman,en,United States of America,DreamWorks Pictures,7.2,162163.0,9.0723,7.305,4280.0,1990s
2395,Rushmore (1998),1998,93,Wes Anderson,en,United States of America,Touchstone Pictures,7.6,208327.0,3.8942,7.398,2711.0,1990s
2396,Shakespeare in Love (1998),1998,123,John Madden,en,United States of America,Miramax,7.1,243033.0,4.2275,6.836,3195.0,1990s
2403,First Blood (Rambo: First Blood) (1982),1982,93,Ted Kotcheff,en,United States of America,Carolco Pictures,7.7,301062.0,11.424,7.505,6846.0,1980s
2405,"Jewel of the Nile, The (1985)",1985,106,Lewis Teague,en,United States of America,SLM Production Group,6.1,66206.0,3.4267,6.2,1266.0,1980s
2406,Romancing the Stone (1984),1984,106,Robert Zemeckis,en,United States of America,SLM Production Group,6.9,111946.0,4.7339,6.8,2028.0,1980s
2407,Cocoon (1985),1985,117,Ron Howard,en,United States of America,SLM Production Group,6.7,73257.0,3.7828,6.638,1397.0,1980s
2409,Rocky II (1979),1979,119,Sylvester Stallone,en,United States of America,United Artists,7.3,249423.0,5.7684,7.288,4763.0,1970s
2410,Rocky III (1982),1982,99,Sylvester Stallone,en,United States of America,United Artists,6.9,228113.0,6.7116,6.899,4469.0,1980s
2411,Rocky IV (1985),1985,91,Sylvester Stallone,en,United States of America,United Artists,6.9,244863.0,6.3626,7.082,4785.0,1980s
2420,"Karate Kid, The (1984)",1984,126,John G. Avildsen,en,United States of America,Columbia Pictures,7.3,271073.0,8.2788,7.217,4682.0,1980s
2421,"Karate Kid, Part II, The (1986)",1986,113,John G. Avildsen,en,United States of America,Columbia Pictures,6.2,109510.0,8.3712,6.335,2460.0,1980s
2423,Christmas Vacation (National Lampoon's Christmas Vacation) (1989),1989,97,Jeremiah S. Chechik,en,United States of America,Hughes Entertainment,7.5,247163.0,5.8199,7.234,2685.0,1980s
2424,You've Got Mail (1998),1998,119,Nora Ephron,en,United States of America,Warner Bros. Pictures,6.7,245725.0,5.4969,6.702,3618.0,1990s
2427,"Thin Red Line, The (1998)",1998,170,Terrence Malick,en,United States of America,Fox 2000 Pictures,7.6,212953.0,5.4985,7.441,3276.0,1990s
2428,"Faculty, The (1998)",1998,104,Robert Rodriguez,en,United States of America,Los Hooligans Productions,6.6,147592.0,8.0203,6.56,2226.0,1990s
2431,Patch Adams (1998),1998,115,Tom Shadyac,en,United States of America,Universal Pictures,6.9,129990.0,5.2989,7.309,3431.0,1990s
2455,"Fly, The (1986)",1986,96,David Cronenberg,en,Canada,SLM Production Group,7.6,224066.0,9.981,7.43,4939.0,1980s
2470,Crocodile Dundee (1986),1986,97,Peter Faiman,en,Australia,Rimfire Films,6.7,124233.0,5.7192,6.442,2104.0,1980s
2471,Crocodile Dundee II (1988),1988,111,John Cornell,en,Australia,Rimfire Films,5.7,64393.0,3.3903,5.881,1215.0,1980s
2478,¡Three Amigos! (1986),1986,104,John Landis,en,United States of America,L.A. Films,6.5,92296.0,4.431,6.321,1141.0,1980s
2485,She's All That (1999),1999,95,Robert Iscove,en,United States of America,Tapestry Films,6.0,113268.0,4.4747,6.312,2234.0,1990s
2490,Payback (1999),1999,100,Brian Helgeland,en,United States of America,Icon Productions,7.0,153650.0,5.8095,6.821,1985.0,1990s
2496,Blast from the Past (1999),1999,112,Hugh Wilson,en,United States of America,Midnight Sun Pictures,6.7,77462.0,4.9109,6.772,1211.0,1990s
2501,October Sky (1999),1999,108,Joe Johnston,en,United States of America,Universal Pictures,7.8,111891.0,4.0804,7.673,1419.0,1990s
2502,Office Space (1999),1999,89,Mike Judge,en,United States of America,20th Century Fox,7.6,308464.0,4.9254,7.372,3362.0,1990s
2528,Logan's Run (1976),1976,119,Michael Anderson,en,United States of America,Metro-Goldwyn-Mayer,6.8,65577.0,2.6569,6.608,1030.0,1970s
2529,Planet of the Apes (1968),1968,112,Franklin J. Schaffner,en,United States of America,APJAC Productions,8.0,210732.0,9.5867,7.7,3930.0,1960s
2539,Analyze This (1999),1999,103,Harold Ramis,en,United States of America,Warner Bros. Pictures,6.7,169350.0,3.7347,6.513,2115.0,1990s
2541,Cruel Intentions (1999),1999,97,Roger Kumble,en,United States of America,Newmarket Capital Group,6.8,220286.0,14.9752,6.798,3544.0,1990s
2542,"Lock, Stock & Two Smoking Barrels (1998)",1998,107,Guy Ritchie,en,United Kingdom,The Steve Tisch Company,8.1,649994.0,3.0362,8.094,7160.0,1990s
2571,"Matrix, The (1999)",1999,136,Lana Wachowski,en,United States of America,Village Roadshow Pictures,8.7,2245353.0,33.3681,8.243,27750.0,1990s
2572,10 Things I Hate About You (1999),1999,97,Gil Junger,en,United States of America,Mad Chance,7.4,449433.0,14.8887,7.589,8865.0,1990s
2580,Go (1999),1999,102,Doug Liman,en,United States of America,Banner Entertainment,7.2,79882.0,4.1278,6.991,811.0,1990s
2581,Never Been Kissed (1999),1999,107,Raja Gosnell,en,United States of America,Fox 2000 Pictures,6.0,103046.0,3.5423,6.162,1573.0,1990s
2598,Pushing Tin (1999),1999,124,Mike Newell,en,Germany,Taurus Film,6.0,31733.0,2.2978,5.871,433.0,1990s
2599,Election (1999),1999,103,Alexander Payne,en,United States of America,Paramount Pictures,7.2,111514.0,3.1714,6.86,1179.0,1990s
2600,eXistenZ (1999),1999,97,David Cronenberg,en,Canada,Alliance Atlantis,6.8,113669.0,4.6774,6.786,2157.0,1990s
2605,Entrapment (1999),1999,113,Jon Amiel,en,United Kingdom,Fountainbridge Films,6.3,129768.0,3.8314,6.236,2215.0,1990s
2616,Dick Tracy (1990),1990,105,Warren Beatty,en,United States of America,Touchstone Pictures,6.2,70023.0,2.832,6.154,1037.0,1990s
2617,"Mummy, The (1999)",1999,124,Stephen Sommers,en,United States of America,Alphaville Films,7.1,501561.0,20.6927,6.967,9924.0,1990s
2628,Star Wars: Episode I - The Phantom Menace (1999),1999,136,George Lucas,en,United States of America,Lucasfilm Ltd.,6.5,925537.0,11.3148,6.573,15750.0,1990s
2640,Superman (1978),1978,143,Richard Donner,en,United Kingdom,Dovemead Films,7.4,207548.0,8.7857,7.161,4243.0,1970s
2641,Superman II (1980),1980,127,Richard Lester,en,United Kingdom,Dovemead Films,6.8,124549.0,6.0446,6.752,2504.0,1980s
2642,Superman III (1983),1983,125,Richard Lester,en,United States of America,Dovemead Films,5.0,81297.0,3.9673,5.507,1865.0,1980s
2657,"Rocky Horror Picture Show, The (1975)",1975,100,Jim Sharman,en,United Kingdom,20th Century Fox,7.4,183506.0,5.2332,7.4,3116.0,1970s
2671,Notting Hill (1999),1999,124,Roger Michell,en,United Kingdom,Working Title Films,7.2,384195.0,8.0461,7.267,6690.0,1990s
2683,Austin Powers: The Spy Who Shagged Me (1999),1999,95,Jay Roach,en,United States of America,New Line Cinema,6.7,262542.0,5.9622,6.305,3652.0,1990s
2687,Tarzan (1999),1999,88,Chris Buck,en,United States of America,Walt Disney Pictures,7.3,268698.0,10.635,7.397,7291.0,1990s
2692,Run Lola Run (Lola rennt) (1998),1998,80,Tom Tykwer,de,Germany,X Filme Creative Pool,7.6,217930.0,3.9179,7.297,2544.0,1990s
2694,Big Daddy (1999),1999,93,Dennis Dugan,en,United States of America,Columbia Pictures,6.5,251605.0,5.0789,6.492,3524.0,1990s
2699,Arachnophobia (1990),1990,109,Frank Marshall,en,United States of America,Amblin Entertainment,6.5,80657.0,2.03,6.447,1515.0,1990s
2700,"South Park: Bigger, Longer and Uncut (1999)",1999,81,Trey Parker,en,United States of America,Paramount Pictures,7.7,224579.0,4.1016,7.28,2930.0,1990s
2701,Wild Wild West (1999),1999,106,Barry Sonnenfeld,en,United States of America,Warner Bros. Pictures,4.9,173438.0,4.7836,5.321,3566.0,1990s
2706,American Pie (1999),1999,95,Paul Weitz,en,United States of America,Zide-Perry Productions,7.0,468214.0,17.769,6.604,8255.0,1990s
2707,Arlington Road (1999),1999,117,Mark Pellington,en,United States of America,Lakeshore Entertainment,7.2,98620.0,4.9516,7.041,1236.0,1990s
2710,"Blair Witch Project, The (1999)",1999,81,Daniel Myrick,en,United States of America,Haxan Films,6.5,316675.0,7.219,6.364,5393.0,1990s
2712,Eyes Wide Shut (1999),1999,159,Stanley Kubrick,en,United Kingdom,Warner Bros. Pictures,7.5,428561.0,12.9388,7.486,6982.0,1990s
2716,Ghostbusters (a.k.a. Ghost Busters) (1984),1984,105,Ivan Reitman,en,United States of America,Columbia Pictures,7.8,487076.0,10.1421,7.495,9699.0,1980s
2717,Ghostbusters II (1989),1989,108,Ivan Reitman,en,United States of America,Columbia Pictures,6.6,239678.0,5.139,6.597,4820.0,1980s
2720,Inspector Gadget (1999),1999,78,David Kellogg,en,United States of America,DiC Entertainment,4.2,53868.0,3.2671,4.502,1311.0,1990s
2722,Deep Blue Sea (1999),1999,105,Renny Harlin,en,Australia,Riche-Ludwig Productions,5.9,151432.0,5.3349,5.994,2640.0,1990s
2723,Mystery Men (1999),1999,121,Kinka Usher,en,United States of America,Universal Pictures,6.1,73895.0,4.2122,5.842,906.0,1990s
2724,Runaway Bride (1999),1999,116,Garry Marshall,en,United States of America,Paramount Pictures,5.6,110553.0,4.8375,6.107,2159.0,1990s
2746,Little Shop of Horrors (1986),1986,94,Frank Oz,en,United States of America,Geffen Pictures,7.1,94630.0,4.7254,6.964,1617.0,1980s
2761,"Iron Giant, The (1999)",1999,86,Brad Bird,en,United States of America,Warner Bros. Feature Animation,8.1,260144.0,7.0034,7.952,6122.0,1990s
2762,"Sixth Sense, The (1999)",1999,107,M. Night Shyamalan,en,United States of America,Spyglass Entertainment,8.2,1143652.0,11.7658,7.951,12791.0,1990s
2763,"Thomas Crown Affair, The (1999)",1999,113,John McTiernan,en,United States of America,United Artists,6.9,109184.0,4.8167,6.749,1344.0,1990s
2770,Bowfinger (1999),1999,97,Frank Oz,en,United States of America,Universal Pictures,6.5,77741.0,3.2801,6.179,940.0,1990s
2788,Monty Python's And Now for Something Completely Different (1971),1971,88,Ian MacNaughton,en,United Kingdom,Kettledrum Films,7.5,32690.0,1.5491,7.215,579.0,1970s
2791,Airplane! (1980),1980,88,Jim Abrahams,en,United States of America,Paramount Pictures,7.7,287694.0,9.3307,7.307,5033.0,1980s
2795,National Lampoon's Vacation (1983),1983,98,Harold Ramis,en,United States of America,Warner Bros. Pictures,7.3,128361.0,5.5629,7.099,1721.0,1980s
2797,Big (1988),1988,104,Penny Marshall,en,United States of America,American Entertainment Partners II L.P.,7.3,260238.0,6.9138,7.185,4016.0,1980s
2804,"Christmas Story, A (1983)",1983,93,Bob Clark,en,United States of America,Metro-Goldwyn-Mayer,7.9,180729.0,3.1409,7.23,1412.0,1980s
2805,Mickey Blue Eyes (1999),1999,102,Kelly Makin,en,United Kingdom,Castle Rock Entertainment,5.9,39622.0,2.489,5.695,595.0,1990s
2826,"13th Warrior, The (1999)",1999,102,John McTiernan,en,United States of America,Touchstone Pictures,6.6,139315.0,4.772,6.7,2022.0,1990s
2840,Stigmata (1999),1999,103,Rupert Wainwright,en,United States of America,FGM Entertainment,6.2,77340.0,3.7648,6.292,1231.0,1990s
2858,American Beauty (1999),1999,122,Sam Mendes,en,United States of America,DreamWorks Pictures,8.3,1279189.0,8.9877,8.0,12984.0,1990s
2871,Deliverance (1972),1972,109,John Boorman,en,United States of America,Warner Bros. Pictures,7.6,128793.0,3.8696,7.322,1795.0,1970s
2872,Excalibur (1981),1981,140,John Boorman,en,United Kingdom,Orion Pictures,7.3,73370.0,4.7106,6.95,1142.0,1980s
2890,Three Kings (1999),1999,114,David O. Russell,en,United States of America,Village Roadshow Pictures,7.1,187558.0,4.2499,6.647,2279.0,1990s
2908,Boys Don't Cry (1999),1999,118,Kimberly Peirce,en,United States of America,Fox Searchlight Pictures,7.5,107700.0,3.4166,7.42,1455.0,1990s
2915,Risky Business (1983),1983,99,Paul Brickman,en,United States of America,Geffen Pictures,6.8,108136.0,4.1681,6.587,1449.0,1980s
2916,Total Recall (1990),1990,113,Paul Verhoeven,en,United States of America,Carolco Pictures,7.5,380949.0,8.431,7.318,6419.0,1990s
2918,Ferris Bueller's Day Off (1986),1986,103,John Hughes,en,United States of America,Paramount Pictures,7.8,415689.0,6.1679,7.57,5348.0,1980s
2944,"Dirty Dozen, The (1967)",1967,150,Robert Aldrich,en,United Kingdom,Seven Arts Pictures,7.7,84023.0,5.0914,7.6,1307.0,1960s
2947,Goldfinger (1964),1964,110,Guy Hamilton,en,United Kingdom,EON Productions,7.7,217636.0,6.3099,7.354,3948.0,1960s
2948,From Russia with Love (1963),1963,115,Terence Young,en,United Kingdom,EON Productions,7.3,158753.0,6.0943,7.059,3342.0,1960s
2949,Dr. No (1962),1962,110,Terence Young,en,United Kingdom,EON Productions,7.2,195523.0,8.394,6.987,4024.0,1960s
2951,"Fistful of Dollars, A (Per un pugno di dollari) (1964)",1964,99,Sergio Leone,it,Germany,Jolly Film,7.9,253460.0,9.2053,7.825,4679.0,1960s
2953,Home Alone 2: Lost in New York (1992),1992,120,Chris Columbus,en,United States of America,20th Century Fox,6.9,455668.0,16.6432,6.785,10568.0,1990s
2959,Fight Club (1999),1999,139,David Fincher,en,Germany,Fox 2000 Pictures,8.8,2604651.0,26.1601,8.4,31901.0,1990s
2968,Time Bandits (1981),1981,110,Terry Gilliam,en,United Kingdom,Handmade Films,6.9,74158.0,3.3561,6.624,1143.0,1980s
2985,RoboCop (1987),1987,102,Paul Verhoeven,en,United States of America,Orion Pictures,7.6,308591.0,8.063,7.356,5693.0,1980s
2986,RoboCop 2 (1990),1990,117,Irvin Kershner,en,United States of America,Orion Pictures,5.8,99924.0,5.3148,6.031,2110.0,1990s
2987,Who Framed Roger Rabbit? (1988),1988,104,Robert Zemeckis,en,United States of America,Amblin Entertainment,7.7,233477.0,7.7057,7.537,6145.0,1980s
2989,For Your Eyes Only (1981),1981,127,John Glen,en,United Kingdom,EON Productions,6.7,116455.0,5.1189,6.539,2068.0,1980s
2990,Licence to Kill (1989),1989,133,John Glen,en,Mexico,EON Productions,6.7,120487.0,4.6721,6.428,2145.0,1980s
2991,Live and Let Die (1973),1973,121,Guy Hamilton,en,United Kingdom,EON Productions,6.7,124697.0,4.6674,6.502,2274.0,1970s
2993,Thunderball (1965),1965,130,Terence Young,en,United Kingdom,EON Productions,6.9,137788.0,6.0496,6.667,2617.0,1960s
2997,Being John Malkovich (1999),1999,113,Spike Jonze,en,United States of America,Propaganda Films,7.7,369741.0,4.5459,7.418,4763.0,1990s
3000,Princess Mononoke (Mononoke-hime) (1997),1997,133,Hayao Miyazaki,ja,Japan,Studio Ghibli,8.3,483354.0,13.9684,8.322,8923.0,1990s
3005,"Bone Collector, The (1999)",1999,118,Phillip Noyce,en,United States of America,Universal Pictures,6.7,200390.0,6.963,6.8,3845.0,1990s
3006,"Insider, The (1999)",1999,157,Michael Mann,en,United States of America,Touchstone Pictures,7.8,192425.0,4.4693,7.46,2055.0,1990s
3033,Spaceballs (1987),1987,96,Mel Brooks,en,United States of America,Metro-Goldwyn-Mayer,7.1,226948.0,8.8571,6.866,3372.0,1980s
3034,Robin Hood (1973),1973,83,Wolfgang Reitherman,en,United States of America,Walt Disney Productions,7.5,150009.0,6.1212,7.304,4632.0,1970s
3037,Little Big Man (1970),1970,139,Arthur Penn,en,United States of America,Cinema Center Films,7.5,40358.0,2.5129,7.45,714.0,1970s
3039,Trading Places (1983),1983,116,John Landis,en,United States of America,Cinema Group Ventures,7.5,182449.0,16.4162,7.228,3636.0,1980s
3052,Dogma (1999),1999,130,Kevin Smith,en,United States of America,View Askew Productions,7.3,240623.0,4.9774,6.931,2825.0,1990s
3070,"Adventures of Buckaroo Banzai Across the 8th Dimension, The (1984)",1984,103,W.D. Richter,en,United States of America,Sherwood Productions,6.2,32856.0,5.0016,5.964,486.0,1980s
3072,Moonstruck (1987),1987,102,Norman Jewison,en,United States of America,Star Partners,7.2,78973.0,4.9228,6.853,1088.0,1980s
3081,Sleepy Hollow (1999),1999,105,Tim Burton,en,United States of America,Paramount Pictures,7.3,412829.0,7.2861,7.189,7320.0,1990s
3082,"World Is Not Enough, The (1999)",1999,128,Michael Apted,en,United Kingdom,EON Productions,6.4,220618.0,7.0923,6.287,3245.0,1990s
3087,Scrooged (1988),1988,101,Richard Donner,en,United States of America,Paramount Pictures,6.9,128947.0,3.6045,6.788,1689.0,1980s
3098,"Natural, The (1984)",1984,138,Barry Levinson,en,United States of America,TriStar Pictures,7.4,57622.0,3.4933,6.901,658.0,1980s
3100,"River Runs Through It, A (1992)",1992,123,Robert Redford,en,United Kingdom,Allied Filmmakers,7.2,71057.0,4.797,7.025,1182.0,1990s
3101,Fatal Attraction (1987),1987,119,Adrian Lyne,en,United States of America,Paramount Pictures,6.9,111310.0,4.767,6.846,1680.0,1980s
3104,Midnight Run (1988),1988,126,Martin Brest,en,United States of America,Universal Pictures,7.5,103693.0,3.4992,7.183,1266.0,1980s
3105,Awakenings (1990),1990,121,Penny Marshall,en,United States of America,Parkes/Lasker productions,7.8,176713.0,6.0694,7.774,2843.0,1990s
3107,Backdraft (1991),1991,137,Ron Howard,en,United States of America,Trilogy Entertainment Group,6.7,93602.0,4.3836,6.661,1553.0,1990s
3108,"Fisher King, The (1991)",1991,137,Terry Gilliam,en,United States of America,TriStar Pictures,7.5,96676.0,3.8626,7.318,1456.0,1990s
3114,Toy Story 2 (1999),1999,92,John Lasseter,en,United States of America,Pixar,7.9,669350.0,16.2881,7.6,14814.0,1990s
3147,"Green Mile, The (1999)",1999,189,Frank Darabont,en,United States of America,Castle Rock Entertainment,8.6,1560024.0,28.0945,8.504,19163.0,1990s
3148,"Cider House Rules, The (1999)",1999,126,Lasse Hallström,en,United States of America,Miramax,7.4,109476.0,6.2324,7.087,1286.0,1990s
3160,Magnolia (1999),1999,188,Paul Thomas Anderson,en,United States of America,New Line Cinema,8.0,350635.0,6.32,7.731,3980.0,1990s
3168,Easy Rider (1969),1969,95,Dennis Hopper,en,United States of America,Columbia Pictures,7.2,123613.0,3.9278,7.05,2144.0,1960s
3174,Man on the Moon (1999),1999,118,Miloš Forman,en,United States of America,Mutual Film Company,7.4,143472.0,3.6628,7.241,1974.0,1990s
3175,Galaxy Quest (1999),1999,102,Dean Parisot,en,United States of America,DreamWorks Pictures,7.4,191494.0,4.588,7.082,2502.0,1990s
3176,"Talented Mr. Ripley, The (1999)",1999,139,Anthony Minghella,en,United States of America,Mirage Enterprises,7.4,271836.0,11.1186,7.2,4124.0,1990s
3186,"Girl, Interrupted (1999)",1999,127,James Mangold,en,United States of America,Red Wagon Entertainment,7.3,234621.0,10.4453,7.6,4128.0,1990s
3210,Fast Times at Ridgemont High (1982),1982,90,Amy Heckerling,en,United States of America,Refugee Films,7.1,124885.0,5.4103,6.803,1365.0,1980s
3247,Sister Act (1992),1992,100,Emile Ardolino,en,United States of America,Touchstone Pictures,6.6,118380.0,6.4036,6.825,3428.0,1990s
3252,Scent of a Woman (1992),1992,156,Martin Brest,en,United States of America,Universal Pictures,8.0,371455.0,8.7043,7.786,3911.0,1990s
3253,Wayne's World (1992),1992,94,Penelope Spheeris,en,United States of America,Paramount Pictures,7.0,182095.0,4.6138,6.687,2461.0,1990s
3254,Wayne's World 2 (1993),1993,95,Stephen Surjik,en,United States of America,Paramount Pictures,6.2,92141.0,3.2483,6.091,1159.0,1990s
3255,"League of Their Own, A (1992)",1992,128,Penny Marshall,en,United States of America,Columbia Pictures,7.4,130382.0,5.9427,7.205,1527.0,1990s
3256,Patriot Games (1992),1992,117,Phillip Noyce,en,United States of America,Paramount Pictures,6.8,128298.0,4.361,6.681,1803.0,1990s
3257,"Bodyguard, The (1992)",1992,129,Mick Jackson,en,United States of America,Kasdan Pictures,6.4,159472.0,6.482,6.706,3224.0,1990s
3263,White Men Can't Jump (1992),1992,115,Ron Shelton,en,United States of America,20th Century Fox,6.8,104881.0,2.672,6.647,1513.0,1990s
3264,Buffy the Vampire Slayer (1992),1992,86,Fran Rubel Kuzui,en,United States of America,Kuzui Enterprises,5.7,53752.0,3.364,5.622,907.0,1990s
3269,Forever Young (1992),1992,102,Steve Miner,en,United States of America,Warner Bros. Pictures,6.4,52752.0,2.7426,6.499,964.0,1990s
3273,Scream 3 (2000),2000,116,Wes Craven,en,United States of America,Dimension Films,5.7,185125.0,7.2644,6.01,4019.0,2000s
3275,"Boondock Saints, The (2000)",2000,108,Troy Duffy,en,Canada,Franchise Pictures,7.6,262305.0,4.3599,7.254,2674.0,2000s
3285,"Beach, The (2000)",2000,119,Danny Boyle,en,United Kingdom,Figment Films,6.6,268742.0,8.4086,6.5,4688.0,2000s
3298,Boiler Room (2000),2000,120,Ben Younger,en,United States of America,New Line Cinema,7.0,60187.0,3.614,6.7,735.0,2000s
3300,Pitch Black (2000),2000,109,David Twohy,en,United States of America,Interscope Communications,7.0,263746.0,2.7262,6.861,4768.0,2000s
3301,"Whole Nine Yards, The (2000)",2000,98,Jonathan Lynn,en,United States of America,Rational Packaging,6.7,136556.0,3.9795,6.465,2060.0,2000s
3317,Wonder Boys (2000),2000,107,Curtis Hanson,en,Germany,Paramount Pictures,7.2,69060.0,2.9127,6.837,657.0,2000s
3354,Mission to Mars (2000),2000,114,Brian De Palma,en,United States of America,Touchstone Pictures,5.7,79705.0,3.2079,6.024,1565.0,2000s
3360,Hoosiers (a.k.a. Best Shot) (1986),1986,114,David Anspaugh,en,United States of America,De Haven Productions,7.4,57004.0,2.7421,7.051,583.0,1980s
3361,Bull Durham (1988),1988,108,Ron Shelton,en,United States of America,The Mount Company,7.0,64115.0,2.8663,6.624,672.0,1980s
3362,Dog Day Afternoon (1975),1975,125,Sidney Lumet,en,United States of America,Artists Entertainment Complex,8.0,292508.0,5.8308,7.844,3344.0,1970s
3363,American Graffiti (1973),1973,110,George Lucas,en,United States of America,Lucasfilm Ltd.,7.4,105373.0,3.9237,7.0,1568.0,1970s
3386,JFK (1991),1991,189,Oliver Stone,en,United States of America,Warner Bros. Pictures,8.0,182188.0,6.5519,7.603,2398.0,1990s
3396,"Muppet Movie, The (1979)",1979,95,James Frawley,en,United Kingdom,ITC Entertainment,7.6,42632.0,4.0839,7.211,691.0,1970s
3408,Erin Brockovich (2000),2000,131,Steven Soderbergh,en,United States of America,Jersey Films,7.5,246066.0,6.7051,7.435,3626.0,2000s
3409,Final Destination (2000),2000,98,James Wong,en,United States of America,Zide-Perry Productions,6.7,334726.0,7.7058,6.635,6620.0,2000s
3418,Thelma & Louise (1991),1991,130,Ridley Scott,en,United Kingdom,Scott Free Productions,7.6,192925.0,6.0983,7.601,3840.0,1990s
3421,Animal House (1978),1978,109,John Landis,en,United States of America,Universal Pictures,7.4,136084.0,4.7406,6.972,1654.0,1970s
3424,Do the Right Thing (1989),1989,120,Spike Lee,en,United States of America,Universal Pictures,7.9,123944.0,3.8668,7.766,1975.0,1980s
3438,Teenage Mutant Ninja Turtles (1990),1990,93,Steve Barron,en,Hong Kong,Orange Sky Golden Harvest,6.8,112526.0,5.477,6.712,1947.0,1990s
3448,"Good Morning, Vietnam (1987)",1987,121,Barry Levinson,en,United States of America,Touchstone Pictures,7.3,165316.0,4.4428,7.302,2991.0,1980s
3450,Grumpy Old Men (1993),1993,103,Donald Petrie,en,United States of America,John Davis,7.0,57522.0,3.4224,6.664,742.0,1990s
3462,Modern Times (1936),1936,87,Charles Chaplin,en,United States of America,Charles Chaplin Productions,8.5,285112.0,6.74,8.3,4063.0,1930s
3471,Close Encounters of the Third Kind (1977),1977,138,Steven Spielberg,en,United Kingdom,Julia/Michael Phillips Productions,7.6,233057.0,5.7671,7.35,4612.0,1970s
3476,Jacob's Ladder (1990),1990,113,Adrian Lyne,en,United States of America,Carolco Pictures,7.4,129051.0,5.5388,7.371,1876.0,1990s
3481,High Fidelity (2000),2000,113,Stephen Frears,en,United Kingdom,Touchstone Pictures,7.4,199104.0,3.591,7.138,2182.0,2000s
3489,Hook (1991),1991,142,Steven Spielberg,en,United States of America,Amblin Entertainment,6.8,291247.0,8.9257,6.841,5705.0,1990s
3499,Misery (1990),1990,107,Rob Reiner,en,United States of America,Castle Rock Entertainment,7.8,265957.0,6.6747,7.747,5201.0,1990s
3504,Network (1976),1976,121,Sidney Lumet,en,United States of America,Metro-Goldwyn-Mayer,8.1,186706.0,5.5208,7.805,2009.0,1970s
3510,Frequency (2000),2000,118,Gregory Hoblit,en,United States of America,New Line Cinema,7.4,123477.0,5.3635,7.273,1996.0,2000s
3527,Predator (1987),1987,107,John McTiernan,en,United States of America,20th Century Fox,7.8,500400.0,20.5109,7.547,9033.0,1980s
3534,28 Days (2000),2000,103,Betty Thomas,en,United States of America,Columbia Pictures,6.1,57742.0,3.5894,6.154,1075.0,2000s
3535,American Psycho (2000),2000,102,Mary Harron,en,Canada,Lionsgate,7.6,836924.0,11.3287,7.408,12208.0,2000s
3536,Keeping the Faith (2000),2000,128,Edward Norton,en,United States of America,Spyglass Entertainment,6.4,54400.0,2.0181,6.09,661.0,2000s
3552,Caddyshack (1980),1980,98,Harold Ramis,en,United States of America,Orion Pictures,7.2,134414.0,4.677,6.603,1290.0,1980s
3555,U-571 (2000),2000,116,Jonathan Mostow,en,United States of America,Universal Pictures,6.6,91881.0,3.7668,6.523,1346.0,2000s
3556,"Virgin Suicides, The (1999)",1999,97,Sofia Coppola,en,United States of America,American Zoetrope,7.2,186204.0,5.5855,7.1,3585.0,1990s
3578,Gladiator (2000),2000,155,Ridley Scott,en,United Kingdom,Universal Pictures,8.5,1847783.0,21.1175,8.225,20787.0,2000s
3608,Pee-wee's Big Adventure (1985),1985,91,Tim Burton,en,United States of America,Aspen Film Society,7.1,63687.0,2.6391,6.5,842.0,1980s
3617,Road Trip (2000),2000,93,Todd Phillips,en,United States of America,DreamWorks Pictures,6.5,188722.0,5.2874,6.237,2169.0,2000s
3623,Mission: Impossible II (2000),2000,123,John Woo,en,United States of America,Paramount Pictures,6.1,413943.0,7.2695,6.144,7528.0,2000s
3624,Shanghai Noon (2000),2000,110,Tom Dey,en,United States of America,Touchstone Pictures,6.6,142266.0,4.2199,6.4,2749.0,2000s
3638,Moonraker (1979),1979,126,Lewis Gilbert,en,France,EON Productions,6.3,117605.0,5.4857,6.183,2204.0,1970s
3671,Blazing Saddles (1974),1974,93,Mel Brooks,en,United States of America,Crossbow Productions,7.7,164586.0,5.0048,7.24,2061.0,1970s
3681,For a Few Dollars More (Per qualche dollaro in più) (1965),1965,132,Sergio Leone,it,Germany,PEA,8.2,300036.0,7.0973,8.017,4408.0,1960s
3697,Predator 2 (1990),1990,108,Stephen Hopkins,en,United States of America,Davis Entertainment,6.3,202040.0,9.3785,6.304,3800.0,1990s
3698,"Running Man, The (1987)",1987,101,Paul Michael Glaser,en,United States of America,Braveworld Productions,6.6,190846.0,6.8945,6.5,2817.0,1980s
3702,Mad Max (1979),1979,88,George Miller,en,Australia,Kennedy Miller Productions,6.8,244744.0,6.6633,6.677,4927.0,1970s
3703,"Road Warrior, The (Mad Max 2) (1981)",1981,96,George Miller,en,Australia,Kennedy Miller Productions,7.6,213138.0,7.0236,7.385,4151.0,1980s
3704,Mad Max Beyond Thunderdome (1985),1985,107,George Miller,en,Australia,Kennedy Miller Productions,6.2,162170.0,5.4554,6.223,3249.0,1980s
3717,Gone in 60 Seconds (2000),2000,118,Dominic Sena,en,United States of America,Touchstone Pictures,6.5,309968.0,6.765,6.458,4841.0,2000s
3740,Big Trouble in Little China (1986),1986,99,John Carpenter,en,United States of America,Taft Entertainment Pictures,7.2,167102.0,5.4796,7.206,3305.0,1980s
3745,Titan A.E. (2000),2000,94,Don Bluth,en,United States of America,David Kirschner Productions,6.6,66658.0,4.1376,6.619,1174.0,2000s
3751,Chicken Run (2000),2000,84,Peter Lord,en,France,Aardman,7.1,224874.0,7.6776,6.839,5383.0,2000s
3752,"Me, Myself & Irene (2000)",2000,116,Bobby Farrelly,en,United States of America,Conundrum Entertainment,6.6,265085.0,7.2509,6.613,4217.0,2000s
3753,"Patriot, The (2000)",2000,165,Roland Emmerich,en,Germany,Columbia Pictures,7.2,312466.0,7.464,7.186,4272.0,2000s
3755,"Perfect Storm, The (2000)",2000,130,Wolfgang Petersen,en,United States of America,Radiant Productions,6.5,188326.0,5.2464,6.481,2540.0,2000s
3785,Scary Movie (2000),2000,88,Keenen Ivory Wayans,en,United States of America,Brad Grey Pictures,6.3,325594.0,14.5984,6.39,7702.0,2000s
3793,X-Men (2000),2000,104,Bryan Singer,en,United States of America,The Donners' Company,7.3,691447.0,0.5137,7.012,12129.0,2000s
3798,What Lies Beneath (2000),2000,130,Robert Zemeckis,en,United States of America,DreamWorks Pictures,6.6,145519.0,5.5027,6.436,2015.0,2000s
3809,What About Bob? (1991),1991,99,Frank Oz,en,United States of America,Touchstone Pictures,7.0,78916.0,2.3674,6.884,896.0,1990s
3825,Coyote Ugly (2000),2000,100,David McNally,en,United States of America,Touchstone Pictures,5.8,128625.0,7.0142,6.263,2265.0,2000s
3826,Hollow Man (2000),2000,112,Paul Verhoeven,en,Germany,Columbia Pictures,5.9,147368.0,6.8112,5.96,2750.0,2000s
3827,Space Cowboys (2000),2000,130,Clint Eastwood,en,United States of America,Village Roadshow Pictures,6.5,91169.0,3.8967,6.393,1514.0,2000s
3863,"Cell, The (2000)",2000,107,Tarsem Singh,en,United States of America,Caro-McLeod,6.4,115992.0,5.1092,6.267,1696.0,2000s
3868,"Naked Gun: From the Files of Police Squad!, The (1988)",1988,85,David Zucker,en,United States of America,Paramount Pictures,7.6,222118.0,9.4598,7.275,4466.0,1980s
3869,"Naked Gun 2 1/2: The Smell of Fear, The (1991)",1991,85,David Zucker,en,United States of America,Paramount Pictures,6.9,141247.0,5.8014,6.811,2735.0,1990s
3882,Bring It On (2000),2000,98,Peyton Reed,en,United States of America,Universal Pictures,6.2,114279.0,4.2221,6.26,1839.0,2000s
3897,Almost Famous (2000),2000,122,Cameron Crowe,en,United States of America,DreamWorks Pictures,7.9,315344.0,5.7369,7.5,3083.0,2000s
3910,Dancer in the Dark (2000),2000,135,Lars von Trier,en,Denmark,Zentropa Entertainments,7.9,123971.0,3.5302,7.849,1992.0,2000s
3911,Best in Show (2000),2000,90,Christopher Guest,en,United States of America,Castle Rock Entertainment,7.5,75471.0,4.2815,6.881,664.0,2000s
3916,Remember the Titans (2000),2000,113,Boaz Yakin,en,United States of America,Jerry Bruckheimer Films,7.8,249625.0,7.3748,7.641,2916.0,2000s
3948,Meet the Parents (2000),2000,108,Jay Roach,en,United States of America,Universal Pictures,7.0,378223.0,7.2716,6.694,6357.0,2000s
3949,Requiem for a Dream (2000),2000,102,Darren Aronofsky,en,United States of America,Artisan Entertainment,8.3,972801.0,6.3079,8.012,10904.0,2000s
3967,Billy Elliot (2000),2000,110,Stephen Daldry,en,France,StudioCanal,7.7,151987.0,4.9436,7.592,4067.0,2000s
3968,Bedazzled (2000),2000,93,Harold Ramis,en,Germany,KirchMedia,6.1,119241.0,6.1501,6.102,2099.0,2000s
3969,Pay It Forward (2000),2000,123,Mimi Leder,en,United States of America,Bel Air Entertainment,7.2,128801.0,5.2971,7.358,1986.0,2000s
3977,Charlie's Angels (2000),2000,98,McG,en,United States of America,Columbia Pictures,5.7,207568.0,9.3253,5.853,4490.0,2000s
3979,Little Nicky (2000),2000,90,Steven Brill,en,United States of America,New Line Cinema,5.3,119500.0,4.5687,5.843,1967.0,2000s
3984,Diamonds Are Forever (1971),1971,120,Guy Hamilton,en,United Kingdom,EON Productions,6.5,123285.0,4.2077,6.402,2358.0,1970s
3986,"6th Day, The (2000)",2000,123,Roger Spottiswoode,en,United States of America,Phoenix Pictures,6.0,133919.0,4.0803,6.001,2246.0,2000s
3988,How the Grinch Stole Christmas (a.k.a. The Grinch) (2000),2000,104,Ron Howard,en,United States of America,Universal Pictures,6.4,333004.0,8.3011,6.779,8247.0,2000s
3994,Unbreakable (2000),2000,106,M. Night Shyamalan,en,United States of America,Barry Mendel Productions,7.3,467562.0,6.8546,7.143,9886.0,2000s
3996,"Crouching Tiger, Hidden Dragon (Wo hu cang long) (2000)",2000,120,Ang Lee,zh,Hong Kong,Sony Pictures Classics,7.9,294635.0,6.2516,7.434,3541.0,2000s
4002,"Planes, Trains & Automobiles (1987)",1987,93,John Hughes,en,United States of America,Paramount Pictures,7.6,180646.0,4.23,7.254,2184.0,1980s
4007,Wall Street (1987),1987,126,Oliver Stone,en,United States of America,20th Century Fox,7.3,174600.0,4.835,7.166,2241.0,1980s
4011,Snatch (2000),2000,102,Guy Ritchie,en,United Kingdom,SKA Films,8.2,976492.0,10.1353,7.8,9920.0,2000s
4014,Chocolat (2000),2000,121,Lasse Hallström,en,United States of America,Miramax,7.2,210327.0,5.6101,6.974,3493.0,2000s
4015,"Dude, Where's My Car? (2000)",2000,83,Danny Leiner,en,United States of America,20th Century Fox,5.5,152749.0,3.7663,5.53,2068.0,2000s
4016,"Emperor's New Groove, The (2000)",2000,78,Mark Dindal,en,United States of America,Walt Disney Feature Animation,7.4,248750.0,12.0153,7.559,7258.0,2000s
4018,What Women Want (2000),2000,127,Nancy Meyers,en,United States of America,Paramount Pictures,6.5,239466.0,7.0532,6.452,4359.0,2000s
4019,Finding Forrester (2000),2000,136,Gus Van Sant,en,United States of America,Laurence Mark Productions,7.3,93173.0,2.5739,7.123,1195.0,2000s
4022,Cast Away (2000),2000,143,Robert Zemeckis,en,United States of America,20th Century Fox,7.8,689204.0,9.2132,7.661,12212.0,2000s
4023,"Family Man, The (2000)",2000,125,Brett Ratner,en,United States of America,Beacon Pictures,6.9,130883.0,4.697,6.814,2193.0,2000s
4025,Miss Congeniality (2000),2000,109,Donald Petrie,en,United States of America,Village Roadshow Pictures,6.4,248061.0,5.4915,6.523,4207.0,2000s
4027,"O Brother, Where Art Thou? (2000)",2000,107,Joel Coen,en,France,Touchstone Pictures,7.7,351541.0,5.4929,7.329,4569.0,2000s
4034,Traffic (2000),2000,147,Steven Soderbergh,en,United States of America,USA Films,7.5,230436.0,5.9166,7.086,2397.0,2000s
4069,"Wedding Planner, The (2001)",2001,103,Adam Shankman,en,Germany,Tapestry Films,5.4,92869.0,4.2367,5.928,1811.0,2000s
4085,Beverly Hills Cop (1984),1984,105,Martin Brest,en,United States of America,Paramount Pictures,7.4,232157.0,5.7816,7.206,4572.0,1980s
4105,"Evil Dead, The (1981)",1981,85,Sam Raimi,en,United States of America,Renaissance Pictures,7.3,251152.0,7.8865,7.274,4438.0,1980s
4128,"Lost Boys, The (1987)",1987,97,Joel Schumacher,en,United States of America,Warner Bros. Pictures,7.2,177364.0,5.437,7.091,2271.0,1980s
4148,Hannibal (2001),2001,131,Ridley Scott,en,United Kingdom,The De Laurentiis Company,6.8,313605.0,1.5469,6.775,5169.0,2000s
4161,"Mexican, The (2001)",2001,123,Gore Verbinski,en,United States of America,Newmarket Films,6.1,121111.0,3.8099,5.954,1595.0,2000s
4223,Enemy at the Gates (2001),2001,131,Jean-Jacques Annaud,en,United States of America,Paramount Pictures,7.5,293273.0,8.1779,7.417,4010.0,2000s
4226,Memento (2000),2000,113,Christopher Nolan,en,United States of America,Newmarket Films,8.4,1434192.0,11.921,8.177,16138.0,2000s
4232,Spy Kids (2001),2001,88,Robert Rodriguez,en,United States of America,Troublemaker Studios,5.6,135891.0,6.7662,5.817,3694.0,2000s
4235,Amores Perros (Love's a Bitch) (2000),2000,154,Alejandro G. Iñárritu,es,Mexico,Altavista Films,8.0,272385.0,4.8689,7.636,2898.0,2000s
4239,Blow (2001),2001,124,Ted Demme,en,United States of America,New Line Cinema,7.5,287335.0,5.4515,7.353,4576.0,2000s
4246,Bridget Jones's Diary (2001),2001,97,Sharon Maguire,en,Ireland,Universal Pictures,6.8,286719.0,4.9343,6.74,5467.0,2000s
4247,Joe Dirt (2001),2001,91,Dennie Gordon,en,United States of America,Columbia Pictures,6.0,65510.0,4.4998,5.631,800.0,2000s
4262,Scarface (1983),1983,170,Brian De Palma,en,United States of America,Universal Pictures,8.3,1014690.0,21.173,8.156,12942.0,1980s
4270,"Mummy Returns, The (2001)",2001,130,Stephen Sommers,en,United States of America,Universal Pictures,6.4,367607.0,14.9951,6.398,7620.0,2000s
4299,"Knight's Tale, A (2001)",2001,132,Brian Helgeland,en,United States of America,Columbia Pictures,7.0,219678.0,7.3281,6.873,3367.0,2000s
4306,Shrek (2001),2001,90,Andrew Adamson,en,United States of America,Pacific Data Images,7.9,810154.0,27.115,7.759,18640.0,2000s
4308,Moulin Rouge (2001),2001,127,Baz Luhrmann,en,Australia,20th Century Fox,7.5,314389.0,5.5582,7.529,4826.0,2000s
4310,Pearl Harbor (2001),2001,183,Michael Bay,en,United States of America,Touchstone Pictures,6.3,369456.0,9.3575,6.936,6966.0,2000s
4321,City Slickers (1991),1991,113,Ron Underwood,en,United States of America,Castle Rock Entertainment,6.8,67720.0,3.0563,6.462,861.0,1990s
4343,Evolution (2001),2001,101,Ivan Reitman,en,United States of America,DreamWorks Pictures,6.1,143057.0,5.4897,6.105,2467.0,2000s
4344,Swordfish (2001),2001,99,Dominic Sena,en,United States of America,Village Roadshow Pictures,6.5,203361.0,6.1072,6.259,2927.0,2000s
4361,Tootsie (1982),1982,116,Sydney Pollack,en,United States of America,Mirage Enterprises,7.4,122180.0,3.7728,7.201,1915.0,1980s
4367,Lara Croft: Tomb Raider (2001),2001,100,Simon West,en,United Kingdom,Paramount Pictures,5.8,230818.0,7.0922,5.909,6486.0,2000s
4369,"Fast and the Furious, The (2001)",2001,106,Rob Cohen,en,Germany,Ardustry Entertainment,6.8,457019.0,1.0008,7.002,10769.0,2000s
4370,A.I. Artificial Intelligence (2001),2001,146,Steven Spielberg,en,United Kingdom,Warner Bros. Pictures,7.2,339000.0,8.6136,7.054,6623.0,2000s
4388,Scary Movie 2 (2001),2001,83,Keenen Ivory Wayans,en,United States of America,Brad Grey Pictures,5.4,193839.0,11.4378,5.815,5116.0,2000s
4446,Final Fantasy: The Spirits Within (2001),2001,106,Hironobu Sakaguchi,en,Japan,Chris Lee Productions,6.4,86108.0,3.4365,6.195,1582.0,2000s
4447,Legally Blonde (2001),2001,96,Robert Luketic,en,United States of America,Metro-Goldwyn-Mayer,6.5,284550.0,10.3178,6.806,4509.0,2000s
4448,"Score, The (2001)",2001,124,Frank Oz,en,Germany,Horseshoe Bay Productions,6.8,143707.0,4.7245,6.698,1839.0,2000s
4489,Coming to America (1988),1988,117,John Landis,en,United States of America,Eddie Murphy Productions,7.1,240001.0,7.8392,6.878,4717.0,1980s
4545,Short Circuit (1986),1986,98,John Badham,en,United States of America,TriStar Pictures,6.6,70607.0,4.2157,6.643,1607.0,1980s
4571,Bill & Ted's Excellent Adventure (1989),1989,90,Stephen Herek,en,United States of America,DEG,6.9,149388.0,3.3459,6.9,2082.0,1980s
4623,Major League (1989),1989,107,David S. Ward,en,United States of America,Mirage Enterprises,7.2,83079.0,3.5342,6.887,868.0,1980s
4638,Jurassic Park III (2001),2001,92,Joe Johnston,en,United States of America,Universal Pictures,6.0,370380.0,0.4936,6.171,7803.0,2000s
4641,Ghost World (2001),2001,111,Terry Zwigoff,en,United Kingdom,Mr. Mudd,7.3,132148.0,2.4422,7.093,1567.0,2000s
4643,Planet of the Apes (2001),2001,120,Tim Burton,en,United States of America,20th Century Fox,5.7,241860.0,6.5019,5.769,4394.0,2000s
4700,"Princess Diaries, The (2001)",2001,115,Garry Marshall,en,United States of America,Bottom of the Ninth Productions,6.4,181910.0,8.9356,6.962,5252.0,2000s
4701,Rush Hour 2 (2001),2001,90,Brett Ratner,en,United States of America,New Line Cinema,6.7,260321.0,11.9814,6.758,4560.0,2000s
4718,American Pie 2 (2001),2001,108,J.B. Rogers,en,United States of America,Universal Pictures,6.5,286811.0,7.4092,6.251,5277.0,2000s
4720,"Others, The (2001)",2001,104,Alejandro Amenábar,en,Spain,Cruise/Wagner Productions,7.6,427005.0,9.1576,7.618,7126.0,2000s
4734,Jay and Silent Bob Strike Back (2001),2001,104,Kevin Smith,en,United States of America,Dimension Films,6.8,166457.0,10.8335,6.434,1727.0,2000s
4776,Training Day (2001),2001,122,Antoine Fuqua,en,United States of America,WV Films II,7.8,516891.0,8.226,7.518,6545.0,2000s
4816,Zoolander (2001),2001,90,Ben Stiller,en,United States of America,Paramount Pictures,6.5,316601.0,5.3676,6.22,4889.0,2000s
4823,Serendipity (2001),2001,90,Peter Chelsom,en,United States of America,Tapestry Films,6.8,131747.0,5.6775,7.0,2131.0,2000s
4848,Mulholland Drive (2001),2001,147,David Lynch,en,France,StudioCanal,7.9,428093.0,9.3911,7.801,6992.0,2000s
4855,Dirty Harry (1971),1971,102,Don Siegel,en,United States of America,Malpaso Productions,7.7,180801.0,5.726,7.449,2719.0,1970s
4865,From Hell (2001),2001,122,Albert Hughes,en,United States of America,Underworld Pictures,6.7,171874.0,3.7037,6.698,2996.0,2000s
4874,K-PAX (2001),2001,120,Iain Softley,en,Germany,Intermedia Films,7.4,202593.0,4.8074,7.207,2728.0,2000s
4878,Donnie Darko (2001),2001,113,Richard Kelly,en,United States of America,Flower Films,8.0,911436.0,8.4882,7.764,13348.0,2000s
4886,"Monsters, Inc. (2001)",2001,92,Pete Docter,en,United States of America,Pixar,8.1,1074103.0,23.4682,7.848,19684.0,2000s
4890,Shallow Hal (2001),2001,114,Bobby Farrelly,en,United States of America,20th Century Fox,6.0,154228.0,6.7124,6.167,3134.0,2000s
4896,Harry Potter and the Sorcerer's Stone (a.k.a. Harry Potter and the Philosopher's Stone) (2001),2001,152,Chris Columbus,en,United Kingdom,Warner Bros. Pictures,7.7,951578.0,28.1069,7.898,29449.0,2000s
4901,Spy Game (2001),2001,126,Tony Scott,en,France,TOHO,7.1,177873.0,3.8308,6.921,2344.0,2000s
4958,Behind Enemy Lines (2001),2001,106,John Moore,en,United States of America,Davis Entertainment,6.4,119365.0,4.3085,6.42,1634.0,2000s
4963,Ocean's Eleven (2001),2001,116,Steven Soderbergh,en,United States of America,Warner Bros. Pictures,7.7,673227.0,12.3126,7.458,12480.0,2000s
4973,"Amelie (Fabuleux destin d'Amélie Poulain, Le) (2001)",2001,122,Jean-Pierre Jeunet,fr,France,Victoires Productions,8.3,839568.0,10.1358,7.919,12348.0,2000s
4975,Vanilla Sky (2001),2001,136,Cameron Crowe,en,United States of America,Paramount Pictures,6.9,308544.0,6.0951,6.82,4626.0,2000s
4979,"Royal Tenenbaums, The (2001)",2001,110,Wes Anderson,en,United States of America,Touchstone Pictures,7.6,334897.0,6.0432,7.458,4992.0,2000s
4980,Bill & Ted's Bogus Journey (1991),1991,93,Peter Hewitt,en,United States of America,Nelson Entertainment,6.3,84984.0,2.6688,6.29,1346.0,1990s
4993,"Lord of the Rings: The Fellowship of the Ring, The (2001)",2001,178,Peter Jackson,en,New Zealand,New Line Cinema,8.9,2204505.0,30.1269,8.433,27404.0,2000s
4995,"Beautiful Mind, A (2001)",2001,135,Ron Howard,en,United States of America,Universal Pictures,8.2,1052815.0,8.3702,7.854,11028.0,2000s
5010,Black Hawk Down (2001),2001,144,Ridley Scott,en,United Kingdom,Jerry Bruckheimer Films,7.7,454465.0,9.2178,7.392,6326.0,2000s
5013,Gosford Park (2001),2001,137,Robert Altman,en,Italy,Sandcastle 5,7.2,102208.0,3.8411,6.818,1230.0,2000s
5060,M*A*S*H (a.k.a. MASH) (1970),1970,116,Robert Altman,en,United States of America,Ingo Preminger Productions,7.3,82686.0,4.1004,6.949,1148.0,1970s
5064,The Count of Monte Cristo (2002),2002,131,Kevin Reynolds,en,Ireland,Touchstone Pictures,7.7,159917.0,8.33,7.672,2005.0,2000s
5103,"Sandlot, The (1993)",1993,101,David Mickey Evans,en,United States of America,Island World,7.8,114768.0,4.7715,7.543,1306.0,1990s
5110,Super Troopers (2001),2001,100,Jay Chandrasekhar,en,United States of America,Fox Searchlight Pictures,7.0,118711.0,3.3858,6.561,1215.0,2000s
5171,"Time Machine, The (2002)",2002,96,Simon Wells,en,United States of America,DreamWorks Pictures,6.0,135926.0,5.7353,6.305,2519.0,2000s
5218,Ice Age (2002),2002,81,Chris Wedge,en,United States of America,Blue Sky Studios,7.5,564261.0,17.52,7.37,14218.0,2000s
5219,Resident Evil (2002),2002,100,Paul W.S. Anderson,en,Canada,Impact Pictures,6.6,310510.0,6.0006,6.651,6877.0,2000s
5225,And Your Mother Too (Y tu mamá también) (2001),2001,106,Alfonso Cuarón,es,Mexico,Bésame Mucho Pictures,7.7,141047.0,7.5319,7.416,1737.0,2000s
5254,Blade II (2002),2002,117,Guillermo del Toro,en,United States of America,New Line Cinema,6.7,252416.0,7.0977,6.6,5171.0,2000s
5266,Panic Room (2002),2002,112,David Fincher,en,United States of America,Columbia Pictures,6.8,314445.0,5.6202,6.79,5378.0,2000s
5283,National Lampoon's Van Wilder (2002),2002,92,Walt Becker,en,United States of America,Tapestry Films,6.4,120710.0,4.7075,6.026,1941.0,2000s
5299,My Big Fat Greek Wedding (2002),2002,95,Joel Zwick,en,United States of America,Gold Circle Films,6.6,151247.0,3.8778,6.501,2281.0,2000s
5313,The Scorpion King (2002),2002,92,Chuck Russell,en,United States of America,Universal Pictures,5.5,151706.0,5.6161,5.593,3360.0,2000s
5349,Spider-Man (2002),2002,121,Sam Raimi,en,United States of America,Marvel Enterprises,7.4,967521.0,22.5146,7.326,20556.0,2000s
5377,About a Boy (2002),2002,101,Chris Weitz,en,United Kingdom,Universal Pictures,7.1,200111.0,4.4167,6.696,2383.0,2000s
5378,Star Wars: Episode II - Attack of the Clones (2002),2002,142,George Lucas,en,United States of America,Lucasfilm Ltd.,6.6,819668.0,8.3878,6.6,14265.0,2000s
5388,Insomnia (2002),2002,118,Christopher Nolan,en,United States of America,Alcon Entertainment,7.2,342464.0,4.9969,6.958,5259.0,2000s
5418,"Bourne Identity, The (2002)",2002,119,Doug Liman,en,United States of America,Universal Pictures,7.8,613209.0,10.4125,7.476,10034.0,2000s
5444,Lilo & Stitch (2002),2002,85,Dean DeBlois,en,United States of America,Walt Disney Pictures,7.4,243694.0,10.6814,7.558,7052.0,2000s
5445,Minority Report (2002),2002,145,Steven Spielberg,en,United States of America,Digital Image Associates,7.6,621131.0,7.6588,7.353,9567.0,2000s
5449,Mr. Deeds (2002),2002,96,Steven Brill,en,United States of America,Columbia Pictures,5.8,163817.0,4.5511,5.918,2509.0,2000s
5459,Men in Black II (a.k.a. MIIB) (a.k.a. MIB 2) (2002),2002,88,Barry Sonnenfeld,en,United States of America,Columbia Pictures,6.2,431415.0,7.8898,6.384,10600.0,2000s
5464,Road to Perdition (2002),2002,117,Sam Mendes,en,United States of America,DreamWorks Pictures,7.6,300583.0,5.8889,7.352,3970.0,2000s
5481,Austin Powers in Goldmember (2002),2002,94,Jay Roach,en,United States of America,Eric's Boy,6.3,234614.0,5.5803,6.018,3409.0,2000s
5502,Signs (2002),2002,106,M. Night Shyamalan,en,United States of America,Touchstone Pictures,6.8,414032.0,7.6556,6.698,6221.0,2000s
5507,xXx (2002),2002,124,Rob Cohen,en,United States of America,Revolution Studios,5.9,193699.0,62.2358,5.987,4876.0,2000s
5574,"Transporter, The (2002)",2002,92,Louis Leterrier,en,United States of America,TF1 Films Production,6.8,338158.0,8.7374,6.72,5785.0,2000s
5617,Secretary (2002),2002,107,Steven Shainberg,en,United States of America,Slough Pond,6.9,109562.0,24.1811,6.791,1884.0,2000s
5618,Spirited Away (Sen to Chihiro no kamikakushi) (2001),2001,124,Hayao Miyazaki,ja,Japan,Studio Ghibli,8.6,965828.0,32.5404,8.534,18222.0,2000s
5620,Sweet Home Alabama (2002),2002,108,Andy Tennant,en,United States of America,Touchstone Pictures,6.2,134792.0,4.9072,6.418,1691.0,2000s
5630,Red Dragon (2002),2002,124,Brett Ratner,en,Germany,Universal Pictures,7.2,311506.0,1.7426,7.042,4703.0,2000s
5669,Bowling for Columbine (2002),2002,120,Michael Moore,en,Canada,Vif Babelsberger Filmproduktion,7.9,152429.0,11.5092,7.512,1682.0,2000s
5673,Punch-Drunk Love (2002),2002,95,Paul Thomas Anderson,en,United States of America,Revolution Studios,7.3,198590.0,5.0344,7.102,2723.0,2000s
5679,"Ring, The (2002)",2002,115,Gore Verbinski,en,United States of America,DreamWorks Pictures,7.1,402077.0,9.2521,6.699,6638.0,2000s
5810,8 Mile (2002),2002,110,Curtis Hanson,en,Germany,Mikona Productions,7.2,351392.0,7.9962,7.142,7781.0,2000s
5816,Harry Potter and the Chamber of Secrets (2002),2002,161,Chris Columbus,en,United Kingdom,Warner Bros. Pictures,7.5,766066.0,18.8512,7.703,23479.0,2000s
5872,Die Another Day (2002),2002,133,Lee Tamahori,en,United Kingdom,EON Productions,6.1,240655.0,7.4169,5.998,3866.0,2000s
5881,Solaris (2002),2002,99,Steven Soderbergh,en,United States of America,20th Century Fox,6.2,89185.0,3.354,5.947,1437.0,2000s
5902,Adaptation (2002),2002,115,Spike Jonze,en,United States of America,Columbia Pictures,7.6,214082.0,4.2013,7.339,2757.0,2000s
5903,Equilibrium (2002),2002,107,Kurt Wimmer,en,United States of America,Dimension Films,7.3,362195.0,5.5021,7.047,4983.0,2000s
5945,About Schmidt (2002),2002,125,Alexander Payne,en,United States of America,Avery Pix,7.2,138135.0,2.9834,6.9,1361.0,2000s
5952,"Lord of the Rings: The Two Towers, The (2002)",2002,179,Peter Jackson,en,New Zealand,New Line Cinema,8.8,1955366.0,22.6205,8.416,23763.0,2000s
5954,25th Hour (2002),2002,135,Spike Lee,en,United States of America,Touchstone Pictures,7.6,191595.0,3.6454,7.323,2555.0,2000s
5956,Gangs of New York (2002),2002,167,Martin Scorsese,en,United States of America,Miramax,7.5,505333.0,7.6454,7.316,7172.0,2000s
5971,My Neighbor Totoro (Tonari no Totoro) (1988),1988,86,Hayao Miyazaki,ja,Japan,Studio Ghibli,8.1,430878.0,12.0447,8.062,8760.0,1980s
5989,Catch Me If You Can (2002),2002,141,Steven Spielberg,en,United States of America,Kemp Company,8.1,1236456.0,14.7019,7.977,17003.0,2000s
5991,Chicago (2002),2002,113,Rob Marshall,en,United States of America,Miramax,7.2,256462.0,5.0673,7.128,2891.0,2000s
5995,"Pianist, The (2002)",2002,150,Roman Polanski,en,France,R.P. Productions,8.5,1011492.0,13.0998,8.374,10089.0,2000s
6016,City of God (Cidade de Deus) (2002),2002,130,Fernando Meirelles,pt,Brazil,O2 Filmes,8.6,870247.0,15.0009,8.43,8138.0,2000s
6155,How to Lose a Guy in 10 Days (2003),2003,116,Donald Petrie,en,United States of America,Paramount Pictures,6.5,321436.0,8.7971,6.9,4441.0,2000s
6157,Daredevil (2003),2003,103,Mark Steven Johnson,en,Switzerland,Marvel Enterprises,5.3,240950.0,7.1674,5.293,5435.0,2000s
6188,Old School (2003),2003,88,Todd Phillips,en,United States of America,The Montecito Picture Company,7.0,257239.0,8.4241,6.629,2094.0,2000s
6218,Bend It Like Beckham (2002),2002,112,Gurinder Chadha,en,Germany,Kintop Pictures,6.7,122907.0,4.0716,6.325,2011.0,2000s
6281,Phone Booth (2002),2002,81,Joel Schumacher,en,United States of America,Fox 2000 Pictures,7.1,301703.0,4.763,6.9,4127.0,2000s
6283,Cowboy Bebop: The Movie (Cowboy Bebop: Tengoku no Tobira) (2001),2001,115,Shin'ichirô Watanabe,ja,Japan,TriStar Pictures,7.8,57305.0,3.721,7.723,1023.0,2000s
6287,Anger Management (2003),2003,106,Peter Segal,en,United States of America,Columbia Pictures,6.3,242022.0,4.899,6.161,3420.0,2000s
6297,Holes (2003),2003,117,Andrew Davis,en,United States of America,Phoenix Pictures,7.0,109655.0,4.4186,6.901,1532.0,2000s
6323,Identity (2003),2003,90,James Mangold,en,United States of America,Konrad Pictures,7.3,292590.0,10.8701,7.177,4316.0,2000s
6333,X2: X-Men United (2003),2003,134,Bryan Singer,en,United States of America,The Donners' Company,7.4,611495.0,0.4947,7.036,10844.0,2000s
6350,Laputa: Castle in the Sky (Tenkû no shiro Rapyuta) (1986),1986,124,Hayao Miyazaki,ja,Japan,Studio Ghibli,8.0,197933.0,7.1684,7.969,4658.0,1980s
6365,"Matrix Reloaded, The (2003)",2003,138,Lana Wachowski,en,United States of America,Village Roadshow Pictures,7.2,669964.0,10.2518,7.073,11884.0,2000s
6373,Bruce Almighty (2003),2003,101,Tom Shadyac,en,United States of America,Pit Bull Productions,6.8,469824.0,8.3468,6.725,11441.0,2000s
6377,Finding Nemo (2003),2003,100,Andrew Stanton,en,United States of America,Pixar,8.2,1206572.0,20.4996,7.818,20470.0,2000s
6378,"Italian Job, The (2003)",2003,111,F. Gary Gray,en,France,De Line Pictures,7.0,407078.0,7.5647,6.787,5976.0,2000s
6502,28 Days Later (2002),2002,113,Danny Boyle,en,United Kingdom,DNA Films,7.5,546838.0,12.0803,7.242,8425.0,2000s
6503,Charlie's Angels: Full Throttle (2003),2003,106,McG,en,United States of America,Wonderland Sound and Vision,5.0,138990.0,4.8387,5.486,3272.0,2000s
6534,Hulk (2003),2003,138,Ang Lee,en,United States of America,Marvel Enterprises,5.7,292596.0,8.7914,5.579,6234.0,2000s
6537,Terminator 3: Rise of the Machines (2003),2003,109,Jonathan Mostow,en,Germany,Intermedia Films,6.3,436959.0,8.5363,6.187,7201.0,2000s
6539,Pirates of the Caribbean: The Curse of the Black Pearl (2003),2003,143,Gore Verbinski,en,United States of America,Walt Disney Pictures,8.1,1323984.0,18.9628,7.821,22121.0,2000s
6541,"League of Extraordinary Gentlemen, The (a.k.a. LXG) (2003)",2003,110,Stephen Norrington,en,Germany,20th Century Fox,5.8,191926.0,5.4381,5.976,4322.0,2000s
6593,Freaky Friday (2003),2003,97,Mark Waters,en,United States of America,Casual Friday Productions,6.4,177333.0,5.9327,6.58,4244.0,2000s
6708,Matchstick Men (2003),2003,116,Ridley Scott,en,United Kingdom,Warner Bros. Pictures,7.3,145458.0,2.8399,7.003,1964.0,2000s
6711,Lost in Translation (2003),2003,102,Sofia Coppola,en,United Kingdom,American Zoetrope,7.7,529680.0,7.8487,7.4,8042.0,2000s
6754,Underworld (2003),2003,121,Len Wiseman,en,United States of America,Screen Gems,7.0,300614.0,6.6703,6.8,6559.0,2000s
6773,"Triplets of Belleville, The (Les triplettes de Belleville) (2003)",2003,80,Sylvain Chomet,fr,France,Les Armateurs,7.7,59440.0,2.1743,7.4,1036.0,2000s
6787,All the President's Men (1976),1976,138,Alan J. Pakula,en,United States of America,Wildwood Enterprises,7.9,138535.0,4.9438,7.661,2060.0,1970s
6807,Monty Python's The Meaning of Life (1983),1983,107,Terry Jones,en,United Kingdom,Celandine Films,7.5,130083.0,3.4209,7.3,2091.0,1980s
6863,School of Rock (2003),2003,109,Richard Linklater,en,United States of America,Paramount Pictures,7.2,358035.0,7.5639,7.082,6146.0,2000s
6870,Mystic River (2003),2003,138,Clint Eastwood,en,United States of America,Warner Bros. Pictures,7.9,522560.0,6.2818,7.743,7408.0,2000s
6873,Intolerable Cruelty (2003),2003,100,Joel Coen,en,United States of America,Universal Pictures,6.3,105819.0,3.3144,5.955,1656.0,2000s
6874,Kill Bill: Vol. 1 (2003),2003,111,Quentin Tarantino,en,United States of America,Miramax,8.2,1306415.0,12.6109,7.97,18835.0,2000s
6888,Scary Movie 3 (2003),2003,84,David Zucker,en,United States of America,Brad Grey Pictures,5.6,172287.0,7.7476,5.963,4447.0,2000s
6934,"Matrix Revolutions, The (2003)",2003,129,Lana Wachowski,en,United States of America,Village Roadshow Pictures,6.7,574848.0,9.0224,6.75,10745.0,2000s
6936,Elf (2003),2003,97,Jon Favreau,en,United States of America,New Line Cinema,7.1,346598.0,6.1482,6.666,4516.0,2000s
6942,Love Actually (2003),2003,135,Richard Curtis,en,France,Working Title Films,7.5,580267.0,7.9181,7.096,7358.0,2000s
6947,Master and Commander: The Far Side of the World (2003),2003,138,Peter Weir,en,United States of America,20th Century Fox,7.5,255619.0,5.1027,7.19,3498.0,2000s
6953,21 Grams (2003),2003,124,Alejandro G. Iñárritu,en,United States of America,This is that,7.6,253511.0,4.3137,7.322,3379.0,2000s
6957,Bad Santa (2003),2003,92,Terry Zwigoff,en,United States of America,Mike Zoss Productions,7.0,167666.0,4.4725,6.569,2377.0,2000s
6979,WarGames (1983),1983,114,John Badham,en,United States of America,Sherwood Productions,7.1,121402.0,5.3196,7.069,2138.0,1980s
7022,Battle Royale (Batoru rowaiaru) (2000),2000,114,Kinji Fukasaku,ja,Japan,Toei Company,7.5,207129.0,5.0116,7.3,3791.0,2000s
7090,Hero (Ying xiong) (2002),2002,94,Yimou Zhang,zh,Hong Kong,Beijing New Picture Film Co. Ltd.,7.9,194200.0,7.5113,7.509,2480.0,2000s
7099,Nausicaä of the Valley of the Wind (Kaze no tani no Naushika) (1984),1984,117,Hayao Miyazaki,ja,Japan,Topcraft,8.0,196998.0,6.2778,7.949,4044.0,1980s
7143,"Last Samurai, The (2003)",2003,154,Edward Zwick,en,United States of America,Radar Pictures,7.8,504662.0,11.0221,7.604,7493.0,2000s
7147,Big Fish (2003),2003,125,Tim Burton,en,United States of America,Columbia Pictures,7.9,478356.0,9.4063,7.758,7729.0,2000s
7153,"Lord of the Rings: The Return of the King, The (2003)",2003,201,Peter Jackson,en,New Zealand,New Line Cinema,9.0,2162614.0,34.5875,8.5,26404.0,2000s
7173,Along Came Polly (2004),2004,90,John Hamburg,en,United States of America,Jersey Films,6.0,151064.0,5.3051,6.029,3006.0,2000s
7254,The Butterfly Effect (2004),2004,113,Eric Bress,en,Canada,FilmEngine,7.6,555917.0,7.0955,7.575,8179.0,2000s
7293,50 First Dates (2004),2004,99,Peter Segal,en,United States of America,Columbia Pictures,6.8,414536.0,9.0103,6.871,7685.0,2000s
7323,"Good bye, Lenin! (2003)",2003,121,Wolfgang Becker,de,Germany,WDR,7.7,159729.0,3.1249,7.542,2615.0,2000s
7325,Starsky & Hutch (2004),2004,101,Todd Phillips,en,United States of America,Warner Bros. Pictures,6.1,161690.0,4.0848,5.825,2508.0,2000s
7346,"Girl Next Door, The (2004)",2004,109,Luke Greenfield,en,Switzerland,Epsilon Motion Pictures,6.7,263014.0,13.9748,6.736,3976.0,2000s
7361,Eternal Sunshine of the Spotless Mind (2004),2004,108,Michel Gondry,en,United States of America,Focus Features,8.3,1182004.0,23.8908,8.09,16260.0,2000s
7371,Dogville (2003),2003,171,Lars von Trier,en,Denmark,Zentropa Entertainments,8.0,168619.0,5.4467,7.754,2672.0,2000s
7373,Hellboy (2004),2004,122,Guillermo del Toro,en,United States of America,Revolution Studios,6.9,370433.0,6.2074,6.674,7386.0,2000s
7387,Dawn of the Dead (1978),1978,127,George A. Romero,en,Italy,Dawn Associates,7.8,136508.0,4.905,7.487,2282.0,1970s
7438,Kill Bill: Vol. 2 (2004),2004,137,Quentin Tarantino,en,United States of America,Super Cool ManChu,8.0,869862.0,9.4923,7.878,14990.0,2000s
7444,13 Going on 30 (2004),2004,98,Gary Winick,en,United States of America,Revolution Studios,6.3,247353.0,8.0369,6.8,5513.0,2000s
7445,Man on Fire (2004),2004,146,Tony Scott,en,Switzerland,Fox 2000 Pictures,7.7,419692.0,18.9198,7.461,5632.0,2000s
7451,Mean Girls (2004),2004,97,Mark Waters,en,United States of America,Broadway Video,7.1,486214.0,15.6178,7.223,9407.0,2000s
7454,Van Helsing (2004),2004,131,Stephen Sommers,en,Czech Republic,Universal Pictures,6.1,306935.0,24.5112,6.401,6590.0,2000s
7458,Troy (2004),2004,163,Wolfgang Petersen,en,United Kingdom,Warner Bros. Pictures,7.3,615058.0,19.5007,7.168,10979.0,2000s
8360,Shrek 2 (2004),2004,93,Andrew Adamson,en,United States of America,DreamWorks Animation,7.4,555004.0,13.6731,7.311,13360.0,2000s
8361,"Day After Tomorrow, The (2004)",2004,124,Roland Emmerich,en,United States of America,20th Century Fox,6.5,511738.0,7.5559,6.6,8801.0,2000s
8368,Harry Potter and the Prisoner of Azkaban (2004),2004,142,Alfonso Cuarón,en,United Kingdom,Warner Bros. Pictures,7.9,766919.0,20.6987,8.008,23050.0,2000s
8371,"Chronicles of Riddick, The (2004)",2004,119,David Twohy,en,United States of America,Radar Pictures,6.6,251556.0,2.9311,6.55,4462.0,2000s
8376,Napoleon Dynamite (2004),2004,96,Jared Hess,en,United States of America,Napoleon Pictures,7.0,255889.0,3.9401,6.786,2140.0,2000s
8464,Super Size Me (2004),2004,100,Morgan Spurlock,en,United States of America,The Con,7.2,116704.0,1.6666,6.723,1768.0,2000s
8528,Dodgeball: A True Underdog Story (2004),2004,92,Rawson Marshall Thurber,en,United States of America,20th Century Fox,6.7,285956.0,5.4203,6.363,3803.0,2000s
8529,"Terminal, The (2004)",2004,128,Steven Spielberg,en,United States of America,DreamWorks Pictures,7.4,535109.0,6.5797,7.352,8645.0,2000s
8533,"Notebook, The (2004)",2004,123,Nick Cassavetes,en,United States of America,New Line Cinema,7.8,688368.0,21.3009,7.888,12476.0,2000s
8622,Fahrenheit 9/11 (2004),2004,122,Michael Moore,en,Italy,Fellowship Adventure Group,7.5,135061.0,3.0762,7.084,1516.0,2000s
8636,Spider-Man 2 (2004),2004,127,Sam Raimi,en,United States of America,Marvel Enterprises,7.5,784284.0,9.0594,7.304,16260.0,2000s
8641,Anchorman: The Legend of Ron Burgundy (2004),2004,94,Adam McKay,en,United States of America,DreamWorks Pictures,7.1,401317.0,4.7954,6.702,4563.0,2000s
8644,"I, Robot (2004)",2004,115,Alex Proyas,en,United States of America,Davis Entertainment,7.1,614256.0,9.8265,6.961,12590.0,2000s
8665,"Bourne Supremacy, The (2004)",2004,108,Paul Greengrass,en,United States of America,Universal Pictures,7.7,512812.0,7.4897,7.329,8110.0,2000s
8783,"Village, The (2004)",2004,108,M. Night Shyamalan,en,United States of America,Touchstone Pictures,6.6,296533.0,5.4822,6.482,4557.0,2000s
8784,Garden State (2004),2004,102,Zach Braff,en,United States of America,Camelot Pictures,7.4,228986.0,3.1323,7.08,2037.0,2000s
8798,Collateral (2004),2004,120,Michael Mann,en,United States of America,Paramount Pictures,7.5,467183.0,6.8194,7.2,6230.0,2000s
8807,Harold and Kumar Go to White Castle (2004),2004,88,Danny Leiner,en,United States of America,Senator International,7.0,216099.0,4.195,6.6,2255.0,2000s
8873,"Motorcycle Diaries, The (Diarios de motocicleta) (2004)",2004,126,Walter Salles,es,Argentina,Film4 Productions,7.7,109034.0,3.0853,7.418,1421.0,2000s
8874,Shaun of the Dead (2004),2004,99,Edgar Wright,en,United Kingdom,WT² Productions,7.8,638734.0,7.6893,7.542,9280.0,2000s
8910,I Heart Huckabees (2004),2004,107,David O. Russell,en,Germany,Fox Searchlight Pictures,6.5,67622.0,3.2352,6.295,699.0,2000s
8917,Team America: World Police (2004),2004,98,Trey Parker,en,United States of America,Paramount Pictures,7.2,185027.0,3.0905,6.734,2036.0,2000s
8949,Sideways (2004),2004,127,Alexander Payne,en,United States of America,Fox Searchlight Pictures,7.5,216934.0,4.1329,7.118,1873.0,2000s
8950,The Machinist (2004),2004,101,Brad Anderson,en,Spain,Castelao Productions,7.6,441631.0,4.9914,7.5,6110.0,2000s
8957,Saw (2004),2004,103,James Wan,en,United States of America,Twisted Pictures,7.6,509619.0,11.0181,7.421,10002.0,2000s
8961,"Incredibles, The (2004)",2004,115,Brad Bird,en,United States of America,Pixar,8.0,899848.0,16.0014,7.7,18807.0,2000s
8969,Bridget Jones: The Edge of Reason (2004),2004,108,Beeban Kidron,en,United Kingdom,StudioCanal,6.0,133062.0,3.1808,6.228,3017.0,2000s
8970,Finding Neverland (2004),2004,106,Marc Forster,en,United States of America,Miramax,7.6,217279.0,3.744,7.318,3726.0,2000s
8972,National Treasure (2004),2004,131,Jon Turteltaub,en,United States of America,Walt Disney Pictures,6.9,376804.0,7.2221,6.651,6824.0,2000s
8983,House of Flying Daggers (Shi mian mai fu) (2004),2004,119,Yimou Zhang,zh,China,China Film Co-Production,7.5,119708.0,4.1842,7.264,1783.0,2000s
8984,Ocean's Twelve (2004),2004,125,Steven Soderbergh,en,United States of America,Warner Bros. Pictures,6.5,438443.0,6.9413,6.566,7850.0,2000s
27660,"Animatrix, The (2003)",2003,,Peter Chung,en,Japan,Warner Bros. Pictures,7.3,91047.0,4.9947,7.216,1759.0,2000s
27706,Lemony Snicket's A Series of Unfortunate Events (2004),2004,108,Brad Silberling,en,United States of America,Paramount Pictures,6.8,231320.0,5.9683,6.819,5262.0,2000s
27773,Old Boy (2003),2003,120,Park Chan-wook,ko,South Korea,Show East,8.3,717846.0,19.0948,8.2,9778.0,2000s
27904,"Scanner Darkly, A (2006)",2006,100,Richard Linklater,en,United States of America,Warner Independent Pictures,7.0,121929.0,3.5582,6.798,1933.0,2000s
30707,Million Dollar Baby (2004),2004,132,Clint Eastwood,en,Switzerland,Lakeshore Entertainment,8.1,765666.0,7.5253,7.954,10309.0,2000s
30749,Hotel Rwanda (2004),2004,121,Terry George,en,United States of America,United Artists,8.1,391873.0,4.1318,7.719,3151.0,2000s
30793,Charlie and the Chocolate Factory (2005),2005,115,Tim Burton,en,United Kingdom,Warner Bros. Pictures,6.7,570960.0,11.5146,7.038,16060.0,2000s
30810,"Life Aquatic with Steve Zissou, The (2004)",2004,119,Wes Anderson,en,United States of America,American Empirical Pictures,7.2,221008.0,3.8228,7.074,3148.0,2000s
30812,"Aviator, The (2004)",2004,170,Martin Scorsese,en,Germany,Warner Bros. Pictures,7.5,408305.0,7.1753,7.217,5811.0,2000s
30825,Meet the Fockers (2004),2004,115,Jay Roach,en,United States of America,Universal Pictures,6.4,302331.0,6.9922,6.254,5130.0,2000s
31410,"Downfall (Untergang, Der) (2004)",2004,156,Oliver Hirschbiegel,de,Austria,NDR,8.2,400227.0,5.8193,7.9,4277.0,2000s
31658,Howl's Moving Castle (Hauru no ugoku shiro) (2004),2004,119,Hayao Miyazaki,ja,Japan,Studio Ghibli,8.2,511513.0,22.6675,8.386,11000.0,2000s
31685,Hitch (2005),2005,118,Andy Tennant,en,United States of America,Columbia Pictures,6.6,349145.0,5.598,6.579,6196.0,2000s
31696,Constantine (2005),2005,121,Francis Lawrence,en,Germany,Village Roadshow Pictures,7.0,407447.0,12.2312,7.122,7955.0,2000s
32587,Sin City (2005),2005,124,Frank Miller,en,United States of America,Dimension Films,8.0,820344.0,6.8374,7.464,8788.0,2000s
33004,"Hitchhiker's Guide to the Galaxy, The (2005)",2005,109,Garth Jennings,en,United Kingdom,Spyglass Entertainment,6.7,217123.0,6.7213,6.684,4212.0,2000s
33166,Crash (2004),2004,112,Paul Haggis,en,United States of America,Blackfriars Bridge Films,7.7,462213.0,5.8415,7.216,3850.0,2000s
33493,Star Wars: Episode III - Revenge of the Sith (2005),2005,140,George Lucas,en,United States of America,Lucasfilm Ltd.,7.7,920517.0,10.1774,7.5,14858.0,2000s
33615,Madagascar (2005),2005,86,Eric Darnell,en,United States of America,Pacific Data Images,6.9,479621.0,15.8565,6.922,11675.0,2000s
33679,Mr. & Mrs. Smith (2005),2005,120,Doug Liman,en,Switzerland,Regency Enterprises,6.5,592941.0,17.2435,6.691,11164.0,2000s
33794,Batman Begins (2005),2005,140,Christopher Nolan,en,United Kingdom,Warner Bros. Pictures,8.2,1712065.0,14.9364,7.723,22499.0,2000s
34048,War of the Worlds (2005),2005,117,Steven Spielberg,en,United States of America,Paramount Pictures,6.6,506807.0,10.5579,6.536,9118.0,2000s
34150,Fantastic Four (2005),2005,106,Tim Story,en,Germany,Kumar Mobiliengesellschaft mbH & Co. Projekt Nr. 3 KG,5.7,373666.0,7.4645,5.8,9944.0,2000s
34162,Wedding Crashers (2005),2005,119,David Dobkin,en,United States of America,Avery Pix,7.0,397979.0,6.3198,6.497,4680.0,2000s
34319,"Island, The (2005)",2005,136,Michael Bay,en,United States of America,DreamWorks Pictures,6.8,342201.0,6.6772,6.693,5848.0,2000s
34405,Serenity (2005),2005,119,Joss Whedon,en,United States of America,Universal Pictures,7.8,315338.0,6.9509,7.361,3844.0,2000s
34437,Broken Flowers (2005),2005,106,Jim Jarmusch,en,United States of America,Focus Features,7.1,110266.0,2.9817,6.941,1471.0,2000s
35836,"40-Year-Old Virgin, The (2005)",2005,116,Judd Apatow,en,United States of America,Universal Pictures,7.1,501057.0,7.1962,6.421,7185.0,2000s
36401,"Brothers Grimm, The (2005)",2005,118,Terry Gilliam,en,United Kingdom,Summit Entertainment,5.9,132042.0,4.2544,5.852,2942.0,2000s
36529,Lord of War (2005),2005,122,Andrew Niccol,en,France,Endgame Entertainment,7.6,358880.0,6.7006,7.343,5301.0,2000s
37386,Aeon Flux (2005),2005,93,Karyn Kusama,en,United States of America,Paramount Pictures,5.4,137022.0,4.6655,5.635,2439.0,2000s
37729,Corpse Bride (2005),2005,77,Tim Burton,en,United Kingdom,Tim Burton Productions,7.4,327973.0,9.6453,7.6,10128.0,2000s
37733,"History of Violence, A (2005)",2005,96,David Cronenberg,en,Germany,New Line Cinema,7.4,272686.0,13.1118,7.163,3699.0,2000s
37741,Capote (2005),2005,114,Bennett Miller,en,United States of America,United Artists,7.3,149313.0,3.0057,6.979,1631.0,2000s
38038,Wallace & Gromit in The Curse of the Were-Rabbit (2005),2005,85,Steve Box,en,United Kingdom,Aardman,7.5,157402.0,5.5449,7.118,3060.0,2000s
38061,Kiss Kiss Bang Bang (2005),2005,103,Shane Black,en,United States of America,Silver Pictures,7.4,249530.0,3.6916,7.162,2991.0,2000s
39183,Brokeback Mountain (2005),2005,134,Ang Lee,en,Canada,Focus Features,7.7,416805.0,10.4018,7.785,7513.0,2000s
39292,"Good Night, and Good Luck. (2005)",2005,93,George Clooney,en,France,Warner Independent Pictures,7.4,105202.0,3.5955,7.069,1099.0,2000s
40629,Pride & Prejudice (2005),2005,129,Joe Wright,en,France,StudioCanal,7.8,376278.0,14.6295,8.049,8718.0,2000s
40815,Harry Potter and the Goblet of Fire (2005),2005,157,Mike Newell,en,United Kingdom,Warner Bros. Pictures,7.7,752479.0,19.4481,7.801,22057.0,2000s
40819,Walk the Line (2005),2005,136,James Mangold,en,Germany,Mars Media Beteiligungs,7.8,280296.0,5.1133,7.497,3123.0,2000s
41566,"Chronicles of Narnia: The Lion, the Witch and the Wardrobe, The (2005)",2005,143,Andrew Adamson,en,United Kingdom,Walt Disney Pictures,6.9,457719.0,14.7845,7.135,11444.0,2000s
41569,King Kong (2005),2005,187,Peter Jackson,en,United States of America,Universal Pictures,7.2,470467.0,10.6579,6.888,8459.0,2000s
41997,Munich (2005),2005,164,Steven Spielberg,en,United States of America,Universal Pictures,7.5,253375.0,4.7747,7.134,2982.0,2000s
44022,Ice Age 2: The Meltdown (2006),2006,91,Carlos Saldanha,en,United States of America,20th Century Fox Animation,6.8,317996.0,11.489,6.717,10308.0,2000s
44191,V for Vendetta (2006),2006,132,James McTeigue,en,Germany,Virtual Studios,8.1,1245809.0,8.4097,7.899,15492.0,2000s
44195,Thank You for Smoking (2006),2006,92,Jason Reitman,en,United Kingdom,ContentFilm,7.5,235678.0,2.9735,7.196,2393.0,2000s
44199,Inside Man (2006),2006,129,Spike Lee,en,United States of America,40 Acres and a Mule Filmworks,7.6,424553.0,6.5797,7.404,6318.0,2000s
44555,"Lives of Others, The (Das leben der Anderen) (2006)",2006,137,Florian Henckel von Donnersmarck,de,Germany,Creado Film,8.4,442994.0,4.6124,8.038,4098.0,2000s
44665,Lucky Number Slevin (2006),2006,110,Paul McGuigan,en,Canada,FilmEngine,7.7,338864.0,5.8982,7.477,4430.0,2000s
45186,Mission: Impossible III (2006),2006,126,J.J. Abrams,en,United States of America,Paramount Pictures,6.9,424796.0,7.8243,6.762,7575.0,2000s
45447,"Da Vinci Code, The (2006)",2006,149,Ron Howard,en,United States of America,Imagine Entertainment,6.7,485767.0,7.8832,6.725,10012.0,2000s
45499,X-Men: The Last Stand (2006),2006,104,Brett Ratner,en,United States of America,The Donners' Company,6.6,572000.0,0.4852,6.418,10330.0,2000s
45517,Cars (2006),2006,116,John Lasseter,en,United States of America,Pixar,7.3,535200.0,17.3519,7.025,15040.0,2000s
45672,Click (2006),2006,107,Frank Coraci,en,United States of America,Original Film,6.4,387075.0,9.1005,6.304,7525.0,2000s
45720,"Devil Wears Prada, The (2006)",2006,109,David Frankel,en,United States of America,Fox 2000 Pictures,7.0,539611.0,247.6948,7.389,13140.0,2000s
45722,Pirates of the Caribbean: Dead Man's Chest (2006),2006,151,Gore Verbinski,en,United States of America,Walt Disney Pictures,7.4,825480.0,19.5346,7.375,17061.0,2000s
46530,Superman Returns (2006),2006,154,Bryan Singer,en,United States of America,Warner Bros. Pictures,6.1,302933.0,6.6037,5.804,4535.0,2000s
46578,Little Miss Sunshine (2006),2006,101,Jonathan Dayton,en,United States of America,Big Beach,7.8,557940.0,5.081,7.691,7804.0,2000s
46723,Babel (2006),2006,143,Alejandro G. Iñárritu,en,France,Central Films,7.4,329005.0,5.8619,7.17,4052.0,2000s
46970,Talladega Nights: The Ballad of Ricky Bobby (2006),2006,108,Adam McKay,en,United States of America,Apatow Productions,6.6,213860.0,3.4918,6.371,1881.0,2000s
46972,Night at the Museum (2006),2006,108,Shawn Levy,en,United States of America,1492 Pictures,6.5,409599.0,9.8301,6.599,10911.0,2000s
46976,Stranger than Fiction (2006),2006,113,Marc Forster,en,United Kingdom,Three Strange Angels,7.5,245245.0,3.1219,7.287,2517.0,2000s
47099,"Pursuit of Happyness, The (2006)",2006,117,Gabriele Muccino,en,United States of America,Escape Artists,8.0,620645.0,10.7021,7.9,10544.0,2000s
47610,"Illusionist, The (2006)",2006,110,Neil Burger,en,United States of America,Contagious Entertainment,7.5,404315.0,4.2747,7.297,5291.0,2000s
48385,Borat: Cultural Learnings of America for Make Benefit Glorious Nation of Kazakhstan (2006),2006,84,Larry Charles,en,United Kingdom,20th Century Fox,7.4,476545.0,5.0338,6.785,5928.0,2000s
48394,"Pan's Labyrinth (Laberinto del fauno, El) (2006)",2006,118,Guillermo del Toro,es,Mexico,Estudios Picasso,8.2,746341.0,10.4849,7.762,11392.0,2000s
48516,"Departed, The (2006)",2006,151,Martin Scorsese,en,Hong Kong,Warner Bros. Pictures,8.5,1552848.0,13.8754,8.2,16109.0,2000s
48738,"Last King of Scotland, The (2006)",2006,123,Kevin Macdonald,en,United States of America,Fox Searchlight Pictures,7.6,205860.0,3.7496,7.4,2352.0,2000s
48774,Children of Men (2006),2006,109,Alfonso Cuarón,en,United Kingdom,Universal Pictures,7.9,565678.0,9.0524,7.609,7796.0,2000s
48780,"Prestige, The (2006)",2006,130,Christopher Nolan,en,United Kingdom,Warner Bros. Pictures,8.5,1585927.0,13.0174,8.206,17490.0,2000s
49272,Casino Royale (2006),2006,144,Martin Campbell,en,United Kingdom,Metro-Goldwyn-Mayer,8.0,744245.0,10.3033,7.569,11630.0,2000s
49278,Déjà Vu (Deja Vu) (2006),2006,126,Tony Scott,en,United States of America,Touchstone Pictures,7.1,345286.0,6.6395,6.881,5247.0,2000s
49286,"Holiday, The (2006)",2006,136,Nancy Meyers,en,United States of America,Relativity Media,7.0,367135.0,7.9439,7.098,5612.0,2000s
49530,Blood Diamond (2006),2006,143,Edward Zwick,en,Germany,Virtual Studios,8.0,625555.0,7.8083,7.556,8279.0,2000s
50872,Ratatouille (2007),2007,111,Brad Bird,en,United States of America,Pixar,8.1,942582.0,18.0867,7.839,18388.0,2000s
51255,Hot Fuzz (2007),2007,121,Edgar Wright,en,France,Big Talk Studios,7.8,566566.0,7.8938,7.563,8280.0,2000s
51540,Zodiac (2007),2007,157,David Fincher,en,United States of America,Paramount Pictures,7.7,672559.0,10.6487,7.528,11491.0,2000s
51662,300 (2007),2007,117,Zack Snyder,en,United States of America,Virtual Studios,7.6,911904.0,10.4825,7.197,14658.0,2000s
51935,Shooter (2007),2007,124,Antoine Fuqua,en,United States of America,Paramount Pictures,7.2,375854.0,12.6019,7.118,5410.0,2000s
52281,Grindhouse (2007),2007,191,Robert Rodriguez,,,,7.5,196915.0,,,,2000s
52722,Spider-Man 3 (2007),2007,139,Sam Raimi,en,United States of America,Laura Ziskin Productions,6.3,699807.0,16.4155,6.455,15133.0,2000s
52973,Knocked Up (2007),2007,129,Judd Apatow,en,United States of America,Apatow Productions,6.9,398990.0,7.1956,6.305,4251.0,2000s
53000,28 Weeks Later (2007),2007,100,Juan Carlos Fresnadillo,en,United Kingdom,DNA Films,6.8,362670.0,8.6156,6.606,5512.0,2000s
53121,Shrek the Third (2007),2007,93,Chris Miller,en,United States of America,DreamWorks Animation,6.1,360375.0,9.3399,6.306,9731.0,2000s
53125,Pirates of the Caribbean: At World's End (2007),2007,169,Gore Verbinski,en,United States of America,Jerry Bruckheimer Films,7.2,743456.0,15.6142,7.266,15377.0,2000s
53322,Ocean's Thirteen (2007),2007,122,Steven Soderbergh,en,United States of America,Warner Bros. Pictures,6.9,387090.0,5.8671,6.726,6849.0,2000s
53464,Fantastic Four: Rise of the Silver Surfer (2007),2007,92,Tim Story,en,Germany,1492 Pictures,5.6,299010.0,6.1864,5.632,8362.0,2000s
53519,Death Proof (2007),2007,127,Quentin Tarantino,en,United States of America,Dimension Films,7.0,333767.0,5.5061,6.84,5591.0,2000s
53953,1408 (2007),2007,104,Mikael Håfström,en,United States of America,Dimension Films,6.8,314058.0,6.1477,6.698,4858.0,2000s
53972,Live Free or Die Hard (2007),2007,128,Len Wiseman,en,United Kingdom,Dune Entertainment,7.1,435741.0,7.07,6.642,6308.0,2000s
53996,Transformers (2007),2007,144,Michael Bay,en,United States of America,DreamWorks Pictures,7.1,718201.0,4.1186,6.823,12137.0,2000s
54001,Harry Potter and the Order of the Phoenix (2007),2007,138,David Yates,en,United Kingdom,Warner Bros. Pictures,7.5,699563.0,18.6281,7.672,20711.0,2000s
54259,Stardust (2007),2007,127,Matthew Vaughn,en,Iceland,Paramount Pictures,7.6,298487.0,8.5481,7.3,4418.0,2000s
54272,"Simpsons Movie, The (2007)",2007,87,David Silverman,en,United States of America,Gracie Films,7.3,363355.0,7.4197,7.0,8510.0,2000s
54286,"Bourne Ultimatum, The (2007)",2007,115,Paul Greengrass,en,United States of America,Universal Pictures,8.0,683824.0,7.6901,7.436,8320.0,2000s
54503,Superbad (2007),2007,113,Greg Mottola,en,United States of America,Columbia Pictures,7.6,693090.0,10.8669,7.26,8025.0,2000s
54995,Planet Terror (2007),2007,105,Robert Rodriguez,en,United States of America,Dimension Films,7.0,233194.0,4.7885,6.7,3803.0,2000s
54997,3:10 to Yuma (2007),2007,122,James Mangold,en,United States of America,Lionsgate,7.6,350923.0,5.3227,7.2,3997.0,2000s
55247,Into the Wild (2007),2007,148,Sean Penn,en,United States of America,River Road Entertainment,8.0,695161.0,7.3407,7.798,10091.0,2000s
55269,"Darjeeling Limited, The (2007)",2007,91,Wes Anderson,en,United States of America,Fox Searchlight Pictures,7.2,234489.0,3.4465,7.1,3936.0,2000s
55290,Gone Baby Gone (2007),2007,114,Ben Affleck,en,United States of America,Miramax,7.6,310728.0,5.501,7.3,4163.0,2000s
55765,American Gangster (2007),2007,157,Ridley Scott,en,United States of America,Film Rites,7.8,486260.0,9.0202,7.6,5993.0,2000s
55820,No Country for Old Men (2007),2007,122,Ethan Coen,en,United States of America,Miramax,8.2,1188376.0,12.0667,7.951,13221.0,2000s
56174,I Am Legend (2007),2007,101,Francis Lawrence,en,United States of America,Warner Bros. Pictures,7.2,876682.0,12.6818,7.21,16752.0,2000s
56367,Juno (2007),2007,96,Jason Reitman,en,United States of America,Mandate Pictures,7.4,572254.0,6.0246,7.059,7603.0,2000s
56757,Sweeney Todd: The Demon Barber of Fleet Street (2007),2007,116,Tim Burton,en,United Kingdom,DreamWorks Pictures,7.3,406383.0,5.7915,7.177,6308.0,2000s
56775,National Treasure: Book of Secrets (2007),2007,124,Jon Turteltaub,en,United States of America,Walt Disney Pictures,6.5,266990.0,6.0741,6.374,5517.0,2000s
56782,There Will Be Blood (2007),2007,158,Paul Thomas Anderson,en,United States of America,Paramount Vantage,8.2,707800.0,10.6467,8.077,7389.0,2000s
56949,27 Dresses (2008),2008,111,Anne Fletcher,en,United States of America,Fox 2000 Pictures,6.1,189776.0,6.9718,6.454,3397.0,2000s
57368,Cloverfield (2008),2008,85,Matt Reeves,en,United States of America,Bad Robot,7.0,443835.0,6.6586,6.709,7736.0,2000s
57669,In Bruges (2008),2008,107,Martin McDonagh,en,United Kingdom,Twins Financing,7.9,493305.0,5.7127,7.502,5730.0,2000s
58559,"Dark Knight, The (2008)",2008,152,Christopher Nolan,en,United Kingdom,Warner Bros. Pictures,9.1,3164142.0,36.2439,8.529,35607.0,2000s
58998,Forgetting Sarah Marshall (2008),2008,111,Nicholas Stoller,en,United States of America,Universal Pictures,7.1,319782.0,5.1257,6.507,3671.0,2000s
59315,Iron Man (2008),2008,126,Jon Favreau,en,United States of America,Marvel Studios,7.9,1223753.0,23.16,7.7,28019.0,2000s
59369,Taken (2008),2008,90,Pierre Morel,en,France,EuropaCorp,7.7,671529.0,10.1923,7.4,12034.0,2000s
59615,Indiana Jones and the Kingdom of the Crystal Skull (2008),2008,122,Steven Spielberg,en,United States of America,Paramount Pictures,6.2,513569.0,6.7819,6.023,8981.0,2000s
59784,Kung Fu Panda (2008),2008,92,Mark Osborne,en,United States of America,DreamWorks Animation,7.6,579367.0,18.3444,7.319,12564.0,2000s
60040,"Incredible Hulk, The (2008)",2008,112,Louis Leterrier,en,United States of America,Marvel Studios,6.6,564251.0,12.0112,6.235,12626.0,2000s
60069,WALL·E (2008),2008,98,Andrew Stanton,en,United States of America,Pixar,8.4,1319523.0,18.3747,8.11,20169.0,2000s
60072,Wanted (2008),2008,110,Timur Bekmambetov,en,United States of America,Kickstart Entertainment,6.7,428416.0,9.1554,6.53,7556.0,2000s
60074,Hancock (2008),2008,92,Peter Berg,en,United States of America,Columbia Pictures,6.4,539040.0,6.843,6.354,10203.0,2000s
60684,Watchmen (2009),2009,162,Zack Snyder,en,United States of America,Warner Bros. Pictures,7.6,610632.0,8.9823,7.353,9936.0,2000s
60756,Step Brothers (2008),2008,98,Adam McKay,en,United States of America,Columbia Pictures,6.9,341058.0,5.487,6.556,3383.0,2000s
61024,Pineapple Express (2008),2008,111,David Gordon Green,en,United States of America,Columbia Pictures,6.9,372988.0,5.4324,6.642,4163.0,2000s
61132,Tropic Thunder (2008),2008,107,Ben Stiller,en,United States of America,DreamWorks Pictures,7.1,489368.0,7.5845,6.711,6913.0,2000s
61323,Burn After Reading (2008),2008,96,Ethan Coen,en,United States of America,Focus Features,7.0,375974.0,5.079,6.673,5194.0,2000s
62434,Zack and Miri Make a Porno (2008),2008,101,Kevin Smith,en,United States of America,Blue Askew,6.5,186633.0,6.4784,6.343,2648.0,2000s
63082,Slumdog Millionaire (2008),2008,120,Danny Boyle,en,United Kingdom,Celador Films,8.0,909944.0,6.8036,7.731,11273.0,2000s
63113,Quantum of Solace (2008),2008,106,Marc Forster,en,United Kingdom,EON Productions,6.5,497347.0,7.5251,6.336,8497.0,2000s
63131,Role Models (2008),2008,99,David Wain,en,United States of America,Universal Pictures,6.8,252030.0,4.5115,6.487,2132.0,2000s
63992,Twilight (2008),2008,122,Catherine Hardwicke,en,United Kingdom,Summit Entertainment,5.4,526318.0,16.0601,6.28,14344.0,2000s
64614,Gran Torino (2008),2008,116,Clint Eastwood,en,United States of America,Matten Productions,8.1,861553.0,7.2621,7.989,11502.0,2000s
64839,"Wrestler, The (2008)",2008,109,Darren Aronofsky,en,United States of America,Wild Bunch,7.9,331153.0,4.6695,7.536,3991.0,2000s
64957,"Curious Case of Benjamin Button, The (2008)",2008,166,David Fincher,en,United States of America,Paramount Pictures,7.8,744951.0,8.2511,7.598,13660.0,2000s
64969,Yes Man (2008),2008,104,Peyton Reed,en,United Kingdom,Warner Bros. Pictures,6.8,404726.0,5.9551,6.7,7343.0,2000s
66097,Coraline (2009),2009,100,Henry Selick,en,United States of America,LAIKA,7.8,299942.0,27.6982,7.901,8894.0,2000s
66934,Dr. Horrible's Sing-Along Blog (2008),2008,,Joss Whedon,,,,8.4,45074.0,,,,2000s
67255,"Girl with the Dragon Tattoo, The (Män som hatar kvinnor) (2009)",2009,152,Niels Arden Oplev,sv,Denmark,Det Danske Filminstitut,7.8,230572.0,4.4258,7.533,3207.0,2000s
68157,Inglourious Basterds (2009),2009,153,Quentin Tarantino,en,Germany,Universal Pictures,8.4,1781381.0,17.421,8.217,24063.0,2000s
68237,Moon (2009),2009,97,Duncan Jones,en,United Kingdom,Lunar Industries,7.8,394922.0,5.6024,7.567,6235.0,2000s
68319,X-Men Origins: Wolverine (2009),2009,107,Gavin Hood,en,United States of America,The Donners' Company,6.5,567566.0,0.872,6.287,11193.0,2000s
68358,Star Trek (2009),2009,127,J.J. Abrams,en,United States of America,Paramount Pictures,7.9,638168.0,8.2362,7.43,10445.0,2000s
68954,Up (2009),2009,96,Pete Docter,en,United States of America,Pixar,8.3,1234760.0,19.5726,7.958,21582.0,2000s
69122,"Hangover, The (2009)",2009,100,Todd Phillips,en,United States of America,Legendary Pictures,7.7,929116.0,17.2131,7.331,18016.0,2000s
69481,"Hurt Locker, The (2008)",2008,131,Kathryn Bigelow,en,United States of America,First Light,7.5,496377.0,6.3056,7.255,6135.0,2000s
69526,Transformers: Revenge of the Fallen (2009),2009,149,Michael Bay,en,United States of America,DreamWorks Pictures,6.0,454002.0,3.2961,6.209,9112.0,2000s
69757,(500) Days of Summer (2009),2009,95,Marc Webb,en,United States of America,Fox Searchlight Pictures,7.6,617930.0,7.5244,7.301,10980.0,2000s
69844,Harry Potter and the Half-Blood Prince (2009),2009,153,David Yates,en,United Kingdom,Warner Bros. Pictures,7.6,659785.0,16.8379,7.681,20689.0,2000s
70286,District 9 (2009),2009,112,Neill Blomkamp,en,New Zealand,TriStar Pictures,7.9,752202.0,8.1388,7.464,10269.0,2000s
71535,Zombieland (2009),2009,88,Ruben Fleischer,en,United States of America,Columbia Pictures,7.5,667231.0,7.6982,7.26,13108.0,2000s
72011,Up in the Air (2009),2009,109,Jason Reitman,en,United States of America,Paramount Pictures,7.4,360659.0,4.364,6.893,3967.0,2000s
72378,2012 (2009),2009,158,Roland Emmerich,en,United States of America,Columbia Pictures,5.9,421776.0,12.8803,5.874,12681.0,2000s
72641,"Blind Side, The  (2009)",2009,129,John Lee Hancock,en,United States of America,Alcon Entertainment,7.6,386723.0,18.9675,7.665,6807.0,2000s
72998,Avatar (2009),2009,162,James Cameron,en,United States of America,Dune Entertainment,7.9,1496499.0,28.7787,7.602,33857.0,2000s
73017,Sherlock Holmes (2009),2009,128,Guy Ritchie,en,United States of America,Warner Bros. Pictures,7.5,706408.0,8.2846,7.219,14719.0,2000s
74458,Shutter Island (2010),2010,138,Martin Scorsese,en,United States of America,Paramount Pictures,8.2,1645216.0,15.8898,8.198,25726.0,2010s
74789,Alice in Wonderland (2010),2010,108,Tim Burton,en,United States of America,Walt Disney Pictures,6.4,467546.0,12.7002,6.639,14740.0,2010s
76093,How to Train Your Dragon (2010),2010,98,Dean DeBlois,en,United States of America,DreamWorks Animation,8.1,892926.0,14.2922,7.858,14295.0,2010s
76251,Kick-Ass (2010),2010,117,Matthew Vaughn,en,United Kingdom,Plan B Entertainment,7.6,620663.0,6.8555,7.124,12334.0,2010s
77561,Iron Man 2 (2010),2010,124,Jon Favreau,en,United States of America,Marvel Studios,6.9,936905.0,26.4834,6.851,22292.0,2010s
78499,Toy Story 3 (2010),2010,103,Lee Unkrich,en,United States of America,Pixar,8.3,968938.0,16.4106,7.804,15653.0,2010s
79091,Despicable Me (2010),2010,95,Pierre Coffin,en,United States of America,Illumination,7.6,632174.0,17.1081,7.257,16003.0,2010s
79132,Inception (2010),2010,148,Christopher Nolan,en,United Kingdom,Legendary Pictures,8.8,2813777.0,32.5346,8.372,39111.0,2010s
79592,"Other Guys, The (2010)",2010,107,Adam McKay,en,United States of America,Columbia Pictures,6.7,309427.0,6.5805,6.33,4552.0,2010s
79702,Scott Pilgrim vs. the World (2010),2010,112,Edgar Wright,en,Japan,Marc Platt Productions,7.5,496369.0,7.6441,7.485,8529.0,2010s
80463,"Social Network, The (2010)",2010,120,David Fincher,en,United States of America,Columbia Pictures,7.8,819098.0,11.0115,7.373,13095.0,2010s
80489,"Town, The (2010)",2010,125,Ben Affleck,en,United States of America,Legendary Pictures,7.5,447518.0,7.4052,7.2,5602.0,2010s
80549,Easy A (2010),2010,92,Will Gluck,en,United States of America,Screen Gems,7.0,443440.0,6.8711,6.805,7346.0,2010s
81229,Red (2010),2010,111,Robert Schwentke,en,United States of America,di Bonaventura Pictures,7.0,338682.0,8.7078,6.706,7116.0,2010s
81564,Megamind (2010),2010,95,Tom McGrath,en,United States of America,DreamWorks Animation,7.3,325471.0,10.7603,7.022,7433.0,2010s
81591,Black Swan (2010),2010,108,Darren Aronofsky,en,United States of America,Fox Searchlight Pictures,8.0,888539.0,10.3325,7.685,15495.0,2010s
81834,Harry Potter and the Deathly Hallows: Part 1 (2010),2010,146,David Yates,en,United Kingdom,Warner Bros. Pictures,7.7,663769.0,19.7669,7.734,20286.0,2010s
81845,"King's Speech, The (2010)",2010,118,Tom Hooper,en,United Kingdom,The Weinstein Company,8.0,732778.0,6.9364,7.7,9265.0,2010s
81847,Tangled (2010),2010,100,Nathan Greno,en,United States of America,Walt Disney Animation Studios,7.7,544691.0,19.4069,7.61,12327.0,2010s
81932,"Fighter, The (2010)",2010,116,David O. Russell,en,United States of America,The Weinstein Company,7.8,407833.0,5.2393,7.38,4704.0,2010s
82459,True Grit (2010),2010,110,Ethan Coen,en,United States of America,Scott Rudin Productions,7.6,376190.0,6.6998,7.305,5723.0,2010s
84152,Limitless (2011),2011,105,Neil Burger,en,United States of America,Relativity Media,7.4,647528.0,11.0396,7.197,11407.0,2010s
84954,"Adjustment Bureau, The (2011)",2011,106,George Nolfi,en,United States of America,Universal Pictures,7.0,282542.0,4.8472,6.778,4887.0,2010s
85414,Source Code (2011),2011,93,Duncan Jones,en,United States of America,The Mark Gordon Company,7.5,582166.0,6.5595,7.31,9059.0,2010s
86332,Thor (2011),2011,115,Kenneth Branagh,en,United States of America,Marvel Studios,7.0,965248.0,14.7038,6.768,22264.0,2010s
86833,Bridesmaids (2011),2011,125,Paul Feig,en,United States of America,Apatow Productions,6.8,325311.0,7.6525,6.506,4656.0,2010s
86880,Pirates of the Caribbean: On Stranger Tides (2011),2011,136,Rob Marshall,en,United Kingdom,Walt Disney Pictures,6.6,606774.0,14.635,6.566,14884.0,2010s
86882,Midnight in Paris (2011),2011,94,Woody Allen,en,France,Mediapro,7.6,471034.0,4.6427,7.514,7710.0,2010s
87232,X-Men: First Class (2011),2011,131,Matthew Vaughn,en,United States of America,The Donners' Company,7.7,763666.0,0.4733,7.3,13491.0,2010s
87306,Super 8 (2011),2011,112,J.J. Abrams,en,United States of America,Paramount Pictures,7.0,380785.0,6.1608,6.775,7040.0,2010s
87869,Horrible Bosses (2011),2011,98,Seth Gordon,en,United States of America,New Line Cinema,6.9,487729.0,5.5316,6.573,6773.0,2010s
88125,Harry Potter and the Deathly Hallows: Part 2 (2011),2011,130,David Yates,en,United Kingdom,Warner Bros. Pictures,8.1,1044793.0,18.9625,8.08,21894.0,2010s
88129,Drive (2011),2011,100,Nicolas Winding Refn,en,United States of America,FilmDistrict,7.8,762489.0,9.6248,7.583,13550.0,2010s
88140,Captain America: The First Avenger (2011),2011,124,Joe Johnston,en,United States of America,Marvel Studios,6.9,966559.0,9.7973,7.005,22653.0,2010s
88163,"Crazy, Stupid, Love. (2011)",2011,118,Glenn Ficarra,en,United States of America,Warner Bros. Pictures,7.4,617932.0,10.8619,7.272,9231.0,2010s
88405,Friends with Benefits (2011),2011,109,Will Gluck,en,United States of America,Castle Rock Entertainment,6.5,419866.0,6.9442,6.6,8364.0,2010s
88744,Rise of the Planet of the Apes (2011),2011,105,Rupert Wyatt,en,United Kingdom,Dune Entertainment,7.6,605275.0,9.0584,7.341,12694.0,2010s
88810,"Help, The (2011)",2011,146,Tate Taylor,en,United States of America,1492 Pictures,8.1,528137.0,11.3061,8.199,8978.0,2010s
89492,Moneyball (2011),2011,133,Bennett Miller,en,United States of America,Scott Rudin Productions,7.6,508474.0,9.4796,7.289,5726.0,2010s
89745,"Avengers, The (2012)",2012,143,Joss Whedon,en,United States of America,Marvel Studios,8.0,1557093.0,52.5169,8.014,37573.0,2010s
91500,The Hunger Games (2012),2012,142,Gary Ross,en,United States of America,Lionsgate,7.2,1080937.0,9.3008,7.222,23219.0,2010s
91529,"Dark Knight Rises, The (2012)",2012,164,Christopher Nolan,en,United Kingdom,Syncopy,8.4,1991992.0,17.602,7.793,24253.0,2010s
91542,Sherlock Holmes: A Game of Shadows (2011),2011,129,Guy Ritchie,en,United States of America,Village Roadshow Pictures,7.4,502124.0,5.1236,7.1,10894.0,2010s
91630,Mission: Impossible - Ghost Protocol (2011),2011,132,Brad Bird,en,United States of America,Paramount Pictures,7.4,565054.0,9.7024,7.111,10721.0,2010s
91658,"Girl with the Dragon Tattoo, The (2011)",2011,158,David Fincher,en,Sweden,Columbia Pictures,7.8,528006.0,7.0622,7.383,7561.0,2010s
92259,Intouchables (2011),2011,112,Olivier Nakache,fr,France,Gaumont,8.5,1026372.0,19.8315,8.269,18350.0,2010s
93510,21 Jump Street (2012),2012,109,Phil Lord,en,United States of America,Columbia Pictures,7.2,645754.0,8.5884,6.886,10970.0,2010s
93840,"Cabin in the Woods, The (2012)",2012,95,Drew Goddard,en,United States of America,Mutant Enemy Productions,7.0,489929.0,7.2768,6.648,8490.0,2010s
94864,Prometheus (2012),2012,124,Ridley Scott,en,United States of America,Dune Entertainment,7.0,699255.0,8.824,6.594,13194.0,2010s
94959,Moonrise Kingdom (2012),2012,94,Wes Anderson,en,United States of America,Indian Paintbrush,7.7,382856.0,5.0353,7.676,6301.0,2010s
95167,Brave (2012),2012,93,Mark Andrews,en,United States of America,Pixar,7.1,478690.0,20.4162,7.022,14106.0,2010s
95441,Ted (2012),2012,106,Seth MacFarlane,en,United States of America,Universal Pictures,6.9,709643.0,14.6455,6.448,13104.0,2010s
95510,"Amazing Spider-Man, The (2012)",2012,136,Marc Webb,en,United States of America,Marvel Entertainment,6.9,764821.0,16.0578,6.732,18427.0,2010s
96079,Skyfall (2012),2012,143,Sam Mendes,en,United Kingdom,Metro-Goldwyn-Mayer,7.8,772445.0,7.1868,7.26,16072.0,2010s
96588,Pitch Perfect (2012),2012,112,Jason Moore,en,United States of America,Brownstone Productions,7.1,350893.0,9.1768,7.273,6848.0,2010s
96610,Looper (2012),2012,119,Rian Johnson,en,United States of America,Endgame Entertainment,7.4,628236.0,6.6386,6.907,10841.0,2010s
96821,"Perks of Being a Wallflower, The (2012)",2012,103,Stephen Chbosky,en,United States of America,Mr. Mudd,7.9,595605.0,7.0601,7.802,11158.0,2010s
97304,Argo (2012),2012,120,Ben Affleck,en,United States of America,GK Films,7.7,666334.0,5.8911,7.285,8910.0,2010s
97913,Wreck-It Ralph (2012),2012,101,Rich Moore,en,United States of America,Walt Disney Animation Studios,7.7,498267.0,13.1911,7.356,13026.0,2010s
97921,Silver Linings Playbook (2012),2012,122,David O. Russell,en,United States of America,The Weinstein Company,7.7,773152.0,10.3576,7.151,12611.0,2010s
97938,Life of Pi (2012),2012,127,Ang Lee,en,United States of America,Fox 2000 Pictures,7.9,699935.0,8.9298,7.408,13720.0,2010s
98809,"Hobbit: An Unexpected Journey, The (2012)",2012,169,Peter Jackson,en,New Zealand,New Line Cinema,7.8,927059.0,17.507,7.371,19550.0,2010s
99114,Django Unchained (2012),2012,165,Quentin Tarantino,en,United States of America,The Weinstein Company,8.5,1880989.0,15.3254,8.19,27911.0,2010s
101864,Oblivion (2013),2013,124,Joseph Kosinski,en,United States of America,Universal Pictures,7.0,585915.0,6.9765,6.675,11445.0,2010s
102125,Iron Man 3 (2013),2013,130,Shane Black,en,United States of America,Marvel Studios,7.1,965079.0,18.1434,6.931,23351.0,2010s
102407,"Great Gatsby, The (2013)",2013,143,Baz Luhrmann,en,United States of America,Warner Bros. Pictures,7.2,642495.0,7.702,7.352,12914.0,2010s
102445,Star Trek Into Darkness (2013),2013,132,J.J. Abrams,en,United States of America,Bad Robot,7.7,510255.0,6.6518,7.319,9616.0,2010s
102903,Now You See Me (2013),2013,115,Louis Leterrier,en,United States of America,Summit Entertainment,7.2,770151.0,14.1034,7.331,16707.0,2010s
103042,Man of Steel (2013),2013,143,Zack Snyder,en,United Kingdom,Syncopy,7.1,866271.0,13.981,6.642,16113.0,2010s
104211,We're the Millers (2013),2013,110,Rawson Marshall Thurber,en,United Kingdom,New Line Cinema,7.0,524199.0,9.5828,6.84,9420.0,2010s
104841,Gravity (2013),2013,91,Alfonso Cuarón,en,United Kingdom,Esperanto Filmoj,7.7,899708.0,7.568,7.168,16269.0,2010s
105504,Captain Phillips (2013),2013,134,Paul Greengrass,en,United States of America,Columbia Pictures,7.8,519035.0,6.1732,7.539,7450.0,2010s
106072,Thor: The Dark World (2013),2013,112,Alan Taylor,en,United States of America,Marvel Studios,6.7,777173.0,11.2054,6.509,18267.0,2010s
106487,The Hunger Games: Catching Fire (2013),2013,146,Francis Lawrence,en,United States of America,Lionsgate,7.5,773170.0,11.2132,7.427,18374.0,2010s
106489,"Hobbit: The Desolation of Smaug, The (2013)",2013,161,Peter Jackson,en,New Zealand,New Line Cinema,7.8,753127.0,13.5317,7.577,14130.0,2010s
106696,Frozen (2013),2013,102,Chris Buck,en,United States of America,Walt Disney Animation Studios,7.4,712742.0,18.7965,7.247,17515.0,2010s
106782,"Wolf of Wall Street, The (2013)",2013,180,Martin Scorsese,en,United States of America,Red Granite Pictures,8.2,1785255.0,24.162,8.027,25815.0,2010s
106918,"Secret Life of Walter Mitty, The (2013)",2013,114,Ben Stiller,en,United Kingdom,Samuel Goldwyn Films,7.3,371197.0,7.5318,7.217,8203.0,2010s
106920,Her (2013),2013,126,Spike Jonze,en,United States of America,Annapurna Pictures,8.0,726251.0,12.2803,7.84,15239.0,2010s
107406,Snowpiercer (2013),2013,126,Bong Joon Ho,ko,South Korea,Opus Pictures,7.1,420436.0,9.5577,6.908,10373.0,2010s
108932,The Lego Movie (2014),2014,100,Phil Lord,en,United States of America,Lin Pictures,7.7,415580.0,14.4595,7.421,8417.0,2010s
109374,"Grand Budapest Hotel, The (2014)",2014,99,Wes Anderson,en,United States of America,Fox Searchlight Pictures,8.1,970121.0,12.1308,8.029,16010.0,2010s
109487,Interstellar (2014),2014,169,Christopher Nolan,en,United Kingdom,Legendary Pictures,8.7,2524464.0,64.0905,8.471,39546.0,2010s
110102,Captain America: The Winter Soldier (2014),2014,136,Anthony Russo,en,United States of America,Marvel Studios,7.7,971021.0,8.0884,7.653,19922.0,2010s
111362,X-Men: Days of Future Past (2014),2014,132,Bryan Singer,en,United States of America,Bad Hat Harry Productions,7.9,787600.0,11.1006,7.53,16188.0,2010s
111759,Edge of Tomorrow (2014),2014,113,Doug Liman,en,United States of America,RatPac Entertainment,7.9,803863.0,11.1289,7.637,14972.0,2010s
112183,Birdman: Or (The Unexpected Virtue of Ignorance) (2014),2014,119,Alejandro G. Iñárritu,en,United States of America,TSG Entertainment,7.7,698306.0,7.5725,7.443,13534.0,2010s
112552,Whiplash (2014),2014,106,Damien Chazelle,en,United States of America,Bold Films,8.5,1152979.0,22.6028,8.374,16542.0,2010s
112556,Gone Girl (2014),2014,149,David Fincher,en,United States of America,20th Century Fox,8.1,1167662.0,16.3214,7.89,19872.0,2010s
112852,Guardians of the Galaxy (2014),2014,121,James Gunn,en,United States of America,Marvel Studios,8.0,1362870.0,9.4016,7.905,29601.0,2010s
115149,John Wick (2014),2014,101,Chad Stahelski,en,United States of America,87Eleven,7.5,827256.0,13.442,7.453,20732.0,2010s
115617,Big Hero 6 (2014),2014,102,Don Hall,en,United States of America,Walt Disney Animation Studios,7.8,552708.0,21.1457,7.724,16508.0,2010s
115713,Ex Machina (2015),2015,108,Alex Garland,en,United Kingdom,DNA Films,7.7,638851.0,8.0481,7.574,14194.0,2010s
116797,The Imitation Game (2014),2014,114,Morten Tyldum,en,United States of America,Bristol Automotive,8.0,877305.0,15.7185,7.985,18011.0,2010s
116823,The Hunger Games: Mockingjay - Part 1 (2014),2014,123,Francis Lawrence,en,United States of America,Lionsgate,6.6,545840.0,12.8447,6.816,16676.0,2010s
117529,Jurassic World (2015),2015,124,Colin Trevorrow,en,United States of America,Amblin Entertainment,6.9,728944.0,10.3121,6.698,21501.0,2010s
119145,Kingsman: The Secret Service (2015),2015,129,Matthew Vaughn,en,United Kingdom,20th Century Fox,7.7,776356.0,13.6167,7.619,17755.0,2010s
122882,Mad Max: Fury Road (2015),2015,120,George Miller,en,Australia,Warner Bros. Pictures,8.1,1205422.0,16.0742,7.632,23988.0,2010s
122886,Star Wars: Episode VII - The Force Awakens (2015),2015,138,J.J. Abrams,en,United States of America,Lucasfilm Ltd.,7.7,1025088.0,12.2283,7.25,20468.0,2010s
122892,Avengers: Age of Ultron (2015),2015,141,Joss Whedon,en,United States of America,Marvel Studios,7.3,999986.0,22.8654,7.27,24331.0,2010s
122900,Ant-Man (2015),2015,117,Peyton Reed,en,United States of America,Marvel Studios,7.2,779534.0,11.8749,7.065,20802.0,2010s
122904,Deadpool (2016),2016,108,Tim Miller,en,United States of America,20th Century Fox,8.0,1252779.0,17.9204,7.623,32633.0,2010s
122916,Thor: Ragnarok (2017),2017,130,Taika Waititi,en,United States of America,Marvel Studios,7.9,893982.0,15.6727,7.581,21928.0,2010s
122918,Guardians of the Galaxy 2 (2017),2017,136,James Gunn,en,United States of America,Marvel Studios,7.6,828451.0,17.3281,7.609,22849.0,2010s
122920,Captain America: Civil War (2016),2016,147,Anthony Russo,en,United States of America,Marvel Studios,7.8,926428.0,18.4576,7.448,23947.0,2010s
122922,Doctor Strange (2016),2016,115,Scott Derrickson,en,United States of America,Marvel Studios,7.5,879017.0,12.014,7.419,23352.0,2010s
134130,The Martian (2015),2015,144,Ridley Scott,en,United States of America,Genre Films,8.0,1011550.0,14.559,7.695,21104.0,2010s
134853,Inside Out (2015),2015,95,Pete Docter,en,United States of America,Pixar,8.1,914062.0,23.0739,7.91,23378.0,2010s
139385,The Revenant (2015),2015,156,Alejandro G. Iñárritu,en,Canada,Monarchy Enterprises S.a.r.l.,8.0,949077.0,10.7517,7.54,19238.0,2010s
148626,"Big Short, The (2015)",2015,130,Adam McKay,en,United States of America,Paramount Pictures,7.8,539046.0,8.3623,7.365,9797.0,2010s
152081,Zootopia (2016),2016,108,Byron Howard,en,United States of America,Walt Disney Animation Studios,8.0,635306.0,22.7252,7.76,17993.0,2010s
164179,Arrival (2016),2016,116,Denis Villeneuve,en,United States of America,FilmNation Entertainment,7.9,862605.0,13.5163,7.625,19243.0,2010s
166528,Rogue One: A Star Wars Story (2016),2016,133,Gareth Edwards,en,United States of America,Lucasfilm Ltd.,7.8,754897.0,9.3362,7.505,16328.0,2010s
168252,Logan (2017),2017,137,James Mangold,en,United States of America,Hutch Parker Entertainment,8.1,925273.0,13.395,7.819,20322.0,2010s
