movie_key,movie_id,title,genres,release_year,imdbId,tmdbId,imdb_tconst,title_type,is_adult,imdb_start_year,runtime_minutes,imdb_genres,imdb_avg_rating,imdb_num_votes,director_ids,director_name,tmdb_id,tmdb_fetch_status,tmdb_title,tmdb_release_date,tmdb_original_language,tmdb_popularity,tmdb_budget,tmdb_revenue,tmdb_status,tmdb_vote_average,tmdb_vote_count,tmdb_primary_company,tmdb_primary_country
1,1,Toy Story (1995),Adventure|Animation|Children|Comedy|Fantasy,1995.0,114709,862,tt0114709,movie,0.0,1995.0,81.0,"Adventure,Animation,Comedy",8.3,1172887.0,nm0005124,John Lasseter,862,ok,Toy Story,1995-11-22,en,22.0209,30000000,401157969,Released,7.972,19785,Pixar,United States of America
2,2,Jumanji (1995),Adventure|Children|Fantasy,1995.0,113497,8844,tt0113497,movie,0.0,1995.0,104.0,"Adventure,Comedy,Family",7.1,412876.0,nm0002653,Joe Johnston,8844,ok,Jumanji,1995-12-15,en,3.144,65000000,262821940,Released,7.244,11252,TriStar Pictures,United States of America
3,3,Grumpier Old Men (1995),Comedy|Romance,1995.0,113228,15602,tt0113228,movie,0.0,1995.0,101.0,"Comedy,Romance",6.7,31681.0,nm0222043,Howard Deutch,15602,ok,Grumpier Old Men,1995-12-22,en,2.4155,25000000,71518503,Released,6.481,426,Lancaster Gate,United States of America
5,5,Father of the Bride Part II (1995),Comedy,1995.0,113041,11862,tt0113041,movie,0.0,1995.0,106.0,"Comedy,Family,Romance",6.1,45130.0,nm0796124,Charles Shyer,11862,ok,Father of the Bride Part II,1995-12-08,en,3.2446,0,76594107,Released,6.28,802,Touchstone Pictures,United States of America
6,6,Heat (1995),Action|Crime|Thriller,1995.0,113277,949,tt0113277,movie,0.0,1995.0,170.0,"Action,Crime,Drama",8.3,802871.0,nm0000520,Michael Mann,949,ok,Heat,1995-12-15,en,14.6911,60000000,187400000,Released,7.933,8279,Warner Bros. Pictures,United States of America
7,7,Sabrina (1995),Comedy|Romance,1995.0,114319,11860,tt0114319,movie,0.0,1995.0,127.0,"Comedy,Drama,Romance",6.3,47367.0,nm0001628,Sydney Pollack,11860,ok,Sabrina,1995-12-15,en,4.0012,58000000,53672080,Released,6.218,685,Paramount Pictures,Germany
10,10,GoldenEye (1995),Action|Adventure|Thriller,1995.0,113189,710,tt0113189,movie,0.0,1995.0,130.0,"Action,Adventure,Thriller",7.2,286262.0,nm0132709,Martin Campbell,710,ok,GoldenEye,1995-11-16,en,8.471,60000000,352194034,Released,6.901,4304,EON Productions,United Kingdom
11,11,"American President, The (1995)",Comedy|Drama|Romance,1995.0,112346,9087,tt0112346,movie,0.0,1995.0,114.0,"Comedy,Drama,Romance",6.9,65372.0,nm0001661,Rob Reiner,9087,ok,The American President,1995-11-17,en,2.8763,62000000,107879496,Released,6.535,779,Castle Rock Entertainment,United States of America
16,16,Casino (1995),Crime|Drama,1995.0,112641,524,tt0112641,movie,0.0,1995.0,178.0,"Crime,Drama",8.2,618942.0,nm0000217,Martin Scorsese,524,ok,Casino,1995-11-22,en,8.3283,50000000,116112375,Released,7.995,6497,Universal Pictures,France
17,17,Sense and Sensibility (1995),Drama|Romance,1995.0,114388,4584,tt0114388,movie,0.0,1995.0,136.0,"Drama,Romance",7.7,137366.0,nm0000487,Ang Lee,4584,ok,Sense and Sensibility,1995-12-13,en,6.177,16000000,134582776,Released,7.42,1830,Columbia Pictures,United States of America
18,18,Four Rooms (1995),Comedy,1995.0,113101,5,tt0113101,movie,0.0,1995.0,98.0,Comedy,6.7,116910.0,nm0025978,Allison Anders,5,ok,Four Rooms,1995-12-09,en,3.8276,4000000,4257354,Released,5.898,2824,Miramax,United States of America
19,19,Ace Ventura: When Nature Calls (1995),Comedy,1995.0,112281,9273,tt0112281,movie,0.0,1995.0,90.0,"Adventure,Comedy,Crime",6.4,249113.0,nm0644203,Steve Oedekerk,9273,ok,Ace Ventura: When Nature Calls,1995-11-10,en,8.2542,30000000,212385533,Released,6.329,4530,Morgan Creek Entertainment,United States of America
21,21,Get Shorty (1995),Comedy|Crime|Thriller,1995.0,113161,8012,tt0113161,movie,0.0,1995.0,105.0,"Comedy,Crime,Thriller",6.9,97240.0,nm0001756,Barry Sonnenfeld,8012,ok,Get Shorty,1995-10-20,en,4.0493,30250000,115101622,Released,6.505,1205,Metro-Goldwyn-Mayer,United States of America
22,22,Copycat (1995),Crime|Drama|Horror|Mystery|Thriller,1995.0,112722,1710,tt0112722,movie,0.0,1995.0,123.0,"Drama,Mystery,Thriller",6.6,85693.0,nm0000750,Jon Amiel,1710,ok,Copycat,1995-10-27,en,4.3867,20000000,32000000,Released,6.478,1253,Regency Enterprises,United States of America
24,24,Powder (1995),Drama|Sci-Fi,1995.0,114168,12665,tt0114168,movie,0.0,1995.0,111.0,"Drama,Fantasy,Mystery",6.6,34932.0,nm0759207,Victor Salva,12665,ok,Powder,1995-10-27,en,5.1028,9500000,30900000,Released,6.996,710,Hollywood Pictures,United States of America
25,25,Leaving Las Vegas (1995),Drama|Romance,1995.0,113627,451,tt0113627,movie,0.0,1995.0,111.0,"Drama,Romance",7.5,145140.0,nm0001214,Mike Figgis,451,ok,Leaving Las Vegas,1995-10-27,en,4.3981,3600000,49800000,Released,7.254,1637,Initial Productions,France
29,29,"City of Lost Children, The (Cité des enfants perdus, La) (1995)",Adventure|Drama|Fantasy|Mystery|Sci-Fi,1995.0,112682,902,tt0112682,movie,0.0,1995.0,112.0,"Adventure,Drama,Fantasy",7.4,74890.0,nm0001988,Marc Caro,902,ok,The City of Lost Children,1995-05-17,fr,3.0414,18000000,1738611,Released,7.241,1208,Constellation,France
31,31,Dangerous Minds (1995),Drama,1995.0,112792,9909,tt0112792,movie,0.0,1995.0,99.0,"Biography,Drama",6.5,61300.0,nm0808807,John N. Smith,9909,ok,Dangerous Minds,1995-08-11,en,3.9614,23000000,179519401,Released,6.955,1258,Don Simpson/Jerry Bruckheimer Films,United States of America
32,32,Twelve Monkeys (a.k.a. 12 Monkeys) (1995),Mystery|Sci-Fi|Thriller,1995.0,114746,63,tt0114746,movie,0.0,1995.0,129.0,"Mystery,Sci-Fi,Thriller",8.0,679897.0,nm0000416,Terry Gilliam,63,ok,Twelve Monkeys,1995-12-29,en,8.202,29000000,168841459,Released,7.605,9070,Universal Pictures,United States of America
34,34,Babe (1995),Children|Drama,1995.0,112431,9598,tt0112431,movie,0.0,1995.0,91.0,"Comedy,Drama,Family",6.9,142120.0,nm0003088,Chris Noonan,9598,ok,Babe,1995-07-18,en,6.7938,30000000,254100000,Released,6.266,3098,Universal Pictures,Australia
36,36,Dead Man Walking (1995),Crime|Drama,1995.0,112818,687,tt0112818,movie,0.0,1995.0,122.0,"Crime,Drama",7.5,108346.0,nm0000209,Tim Robbins,687,ok,Dead Man Walking,1995-12-29,en,3.9629,11000000,39363635,Released,7.329,1495,Havoc,United States of America
39,39,Clueless (1995),Comedy|Romance,1995.0,112697,9603,tt0112697,movie,0.0,1995.0,97.0,"Comedy,Romance",6.9,277489.0,nm0002132,Amy Heckerling,9603,ok,Clueless,1995-07-19,en,8.9077,12000000,56631572,Released,7.251,4777,Paramount Pictures,United States of America
44,44,Mortal Kombat (1995),Action|Adventure|Fantasy,1995.0,113855,9312,tt0113855,movie,0.0,1995.0,101.0,"Action,Adventure,Fantasy",5.8,132311.0,nm0027271,Paul W.S. Anderson,9312,ok,Mortal Kombat,1995-08-18,en,9.1168,18000000,122195920,Released,5.877,2511,New Line Cinema,United States of America
45,45,To Die For (1995),Comedy|Drama|Thriller,1995.0,114681,577,tt0114681,movie,0.0,1995.0,106.0,"Comedy,Crime,Drama",6.8,59557.0,nm0001814,Gus Van Sant,577,ok,To Die For,1995-09-22,en,3.6925,20000000,21300000,Released,6.597,875,Columbia Pictures,United Kingdom
47,47,Seven (a.k.a. Se7en) (1995),Mystery|Thriller,1995.0,114369,807,tt0114369,movie,0.0,1995.0,127.0,"Crime,Drama,Mystery",8.6,2018668.0,nm0000399,David Fincher,807,ok,Se7en,1995-09-22,en,22.1599,33000000,327311859,Released,8.38,22969,New Line Cinema,United States of America
48,48,Pocahontas (1995),Animation|Children|Drama|Musical|Romance,1995.0,114148,10530,tt0114148,movie,0.0,1995.0,81.0,"Adventure,Animation,Drama",6.7,217521.0,nm0300265,Mike Gabriel,10530,ok,Pocahontas,1995-06-16,en,6.4523,55000000,346079773,Released,6.9,6047,Walt Disney Feature Animation,United States of America
50,50,"Usual Suspects, The (1995)",Crime|Mystery|Thriller,1995.0,114814,629,tt0114814,movie,0.0,1995.0,106.0,"Crime,Drama,Mystery",8.5,1238189.0,nm0001741,Bryan Singer,629,ok,The Usual Suspects,1995-07-19,en,14.6112,6000000,23300000,Released,8.17,11342,Bad Hat Harry Productions,United States of America
52,52,Mighty Aphrodite (1995),Comedy|Drama|Romance,1995.0,113819,11448,tt0113819,movie,0.0,1995.0,95.0,"Comedy,Fantasy,Romance",7.0,45009.0,nm0000095,Woody Allen,11448,ok,Mighty Aphrodite,1995-09-13,en,2.8685,15000000,26000000,Released,6.737,740,Miramax,United States of America
58,58,"Postman, The (Postino, Il) (1994)",Comedy|Drama|Romance,1994.0,110877,11010,tt0110877,movie,0.0,1994.0,108.0,"Biography,Comedy,Drama",7.8,41456.0,nm0705535,Michael Radford,11010,ok,The Postman,1994-09-22,it,2.5103,3000000,33000000,Released,7.917,1213,Esterno Mediterraneo Film,Italy
60,60,"Indian in the Cupboard, The (1995)",Adventure|Children|Fantasy,1995.0,113419,11359,tt0113419,movie,0.0,1995.0,96.0,"Drama,Family,Fantasy",6.0,33078.0,nm0000568,Frank Oz,11359,ok,The Indian in the Cupboard,1995-07-14,en,2.7157,45000000,35700000,Released,6.463,673,Paramount Pictures,United States of America
62,62,Mr. Holland's Opus (1995),Drama,1995.0,113862,2054,tt0113862,movie,0.0,1995.0,144.0,"Drama,Music",7.4,44164.0,nm0378893,Stephen Herek,2054,ok,Mr. Holland's Opus,1995-12-29,en,2.7749,31000000,106300000,Released,6.975,452,Hollywood Pictures,United States of America
65,65,Bio-Dome (1996),Comedy,1996.0,115683,9536,tt0115683,movie,0.0,1996.0,88.0,Comedy,4.4,31647.0,nm0089176,Jason Bloom,9536,ok,Bio-Dome,1996-01-12,en,2.2546,8500000,13400000,Released,4.555,400,Weasel Productions,United States of America
69,69,Friday (1995),Comedy,1995.0,113118,10634,tt0113118,movie,0.0,1995.0,91.0,"Comedy,Drama",7.2,136915.0,nm0336620,F. Gary Gray,10634,ok,Friday,1995-04-26,en,6.4685,3500000,28215918,Released,7.136,1997,New Line Cinema,United States of America
70,70,From Dusk Till Dawn (1996),Action|Comedy|Horror|Thriller,1996.0,116367,755,tt0116367,movie,0.0,1996.0,108.0,"Action,Crime,Horror",7.2,370006.0,nm0001675,Robert Rodriguez,755,ok,From Dusk Till Dawn,1996-01-19,en,8.0791,19000000,25800000,Released,7.041,6459,Los Hooligans Productions,United States of America
95,95,Broken Arrow (1996),Action|Adventure|Thriller,1996.0,115759,9208,tt0115759,movie,0.0,1996.0,108.0,"Action,Adventure,Thriller",6.1,110497.0,nm0000247,John Woo,9208,ok,Broken Arrow,1996-02-09,en,5.3077,50000000,150300000,Released,6.064,1655,The Mark Gordon Company,United States of America
101,101,Bottle Rocket (1996),Adventure|Comedy|Crime|Romance,1996.0,115734,13685,tt0115734,movie,0.0,1996.0,91.0,"Comedy,Crime,Drama",6.9,88362.0,nm0027572,Wes Anderson,13685,ok,Bottle Rocket,1996-02-21,en,3.7193,7000000,1040879,Released,6.7,1184,Gracie Films,United States of America
104,104,Happy Gilmore (1996),Comedy,1996.0,116483,9614,tt0116483,movie,0.0,1996.0,92.0,"Comedy,Sport",7.0,306962.0,nm0240797,Dennis Dugan,9614,ok,Happy Gilmore,1996-02-16,en,7.9072,12000000,41422354,Released,6.676,3313,Universal Pictures,United States of America
105,105,"Bridges of Madison County, The (1995)",Drama|Romance,1995.0,112579,688,tt0112579,movie,0.0,1995.0,135.0,"Drama,Romance",7.6,96617.0,nm0000142,Clint Eastwood,688,ok,The Bridges of Madison County,1995-06-02,en,5.7757,24000000,182000000,Released,7.706,2360,Malpaso Productions,United States of America
107,107,Muppet Treasure Island (1996),Adventure|Children|Comedy|Musical,1996.0,117110,10874,tt0117110,movie,0.0,1996.0,99.0,"Action,Adventure,Comedy",6.9,29291.0,nm0005008,Brian Henson,10874,ok,Muppet Treasure Island,1996-02-16,en,2.3089,31000000,34327766,Released,6.703,456,Walt Disney Pictures,United States of America
110,110,Braveheart (1995),Action|Drama|War,1995.0,112573,197,tt0112573,movie,0.0,1995.0,178.0,"Biography,Drama,War",8.3,1160398.0,nm0000154,Mel Gibson,197,ok,Braveheart,1995-05-24,en,11.2692,72000000,213216216,Released,7.944,11046,The Ladd Company,United States of America
111,111,Taxi Driver (1976),Crime|Drama|Thriller,1976.0,75314,103,tt0075314,movie,0.0,1976.0,114.0,"Crime,Drama",8.2,1025470.0,nm0000217,Martin Scorsese,103,ok,Taxi Driver,1976-02-09,en,12.834,1900000,28579636,Released,8.126,13365,Italo/Judeo Productions,United States of America
112,112,Rumble in the Bronx (Hont faan kui) (1995),Action|Adventure|Comedy|Crime,1995.0,113326,33542,tt0113326,movie,0.0,1995.0,87.0,"Action,Comedy,Crime",6.8,49596.0,nm0867262,Stanley Tong,33542,ok,Rumble in the Bronx,1995-01-21,cn,4.5735,7500000,76028558,Released,6.822,1146,Orange Sky Golden Harvest,Hong Kong
135,135,Down Periscope (1996),Comedy,1996.0,116130,9101,tt0116130,movie,0.0,1996.0,92.0,Comedy,6.2,29986.0,nm0911486,David S. Ward,9101,ok,Down Periscope,1996-03-01,en,5.1805,0,37553585,Released,6.388,523,20th Century Fox,United States of America
141,141,"Birdcage, The (1996)",Comedy,1996.0,115685,11000,tt0115685,movie,0.0,1996.0,117.0,Comedy,7.3,115871.0,nm0001566,Mike Nichols,11000,ok,The Birdcage,1996-03-03,en,4.9944,31000000,185300000,Released,7.06,1349,United Artists,United States of America
145,145,Bad Boys (1995),Action|Comedy|Crime|Drama|Thriller,1995.0,112442,9737,tt0112442,movie,0.0,1995.0,119.0,"Action,Comedy,Crime",6.8,315365.0,nm0000881,Michael Bay,9737,ok,Bad Boys,1995-04-07,en,9.8511,19000000,141407024,Released,6.8,6914,Columbia Pictures,United States of America
150,150,Apollo 13 (1995),Adventure|Drama|IMAX,1995.0,112384,568,tt0112384,movie,0.0,1995.0,140.0,"Adventure,Drama,History",7.7,337958.0,nm0000165,Ron Howard,568,ok,Apollo 13,1995-06-30,en,7.227,52000000,355237933,Released,7.456,5868,Imagine Entertainment,United States of America
151,151,Rob Roy (1995),Action|Drama|Romance|War,1995.0,114287,11780,tt0114287,movie,0.0,1995.0,139.0,"Adventure,Biography,Drama",6.9,49364.0,nm0001994,Michael Caton-Jones,11780,ok,Rob Roy,1995-04-13,en,3.1073,28000000,31600000,Released,6.708,704,United Artists,United Kingdom
153,153,Batman Forever (1995),Action|Adventure|Comedy|Crime,1995.0,112462,414,tt0112462,movie,0.0,1995.0,121.0,"Action,Adventure",5.5,281965.0,nm0001708,Joel Schumacher,414,ok,Batman Forever,1995-06-16,en,6.3725,100000000,336529144,Released,5.5,5556,Warner Bros. Pictures,United States of America
158,158,Casper (1995),Adventure|Children,1995.0,112642,8839,tt0112642,movie,0.0,1995.0,100.0,"Comedy,Family,Fantasy",6.2,159396.0,nm1224299,Rob Letterman,8839,ok,Casper,1995-05-26,en,6.742,50000000,287928194,Released,6.338,4906,The Harvey Entertainment Company,United States of America
160,160,Congo (1995),Action|Adventure|Mystery|Sci-Fi,1995.0,112715,10329,tt0112715,movie,0.0,1995.0,109.0,"Action,Adventure,Mystery",5.3,52528.0,nm0550881,Frank Marshall,10329,ok,Congo,1995-06-09,en,4.2036,50000000,152022101,Released,5.599,980,Paramount Pictures,United States of America
161,161,Crimson Tide (1995),Drama|Thriller|War,1995.0,112740,8963,tt0112740,movie,0.0,1995.0,116.0,"Action,Drama,Thriller",7.4,135997.0,nm0001716,Tony Scott,8963,ok,Crimson Tide,1995-05-12,en,5.5476,53000000,157387195,Released,7.182,1974,Hollywood Pictures,United States of America
163,163,Desperado (1995),Action|Romance|Western,1995.0,112851,8068,tt0112851,movie,0.0,1995.0,104.0,"Action,Crime,Drama",7.1,208277.0,nm0001675,Robert Rodriguez,8068,ok,Desperado,1995-08-25,en,6.2808,7000000,25405445,Released,6.935,3116,Columbia Pictures,United States of America
165,165,Die Hard: With a Vengeance (1995),Action|Crime|Thriller,1995.0,112864,1572,tt0112864,movie,0.0,1995.0,128.0,"Action,Adventure,Thriller",7.6,430490.0,nm0001532,John McTiernan,1572,ok,Die Hard: With a Vengeance,1995-05-19,en,6.7538,90000000,366101666,Released,7.28,6627,20th Century Fox,United States of America
168,168,First Knight (1995),Action|Drama|Romance,1995.0,113071,6520,tt0113071,movie,0.0,1995.0,134.0,"Action,Adventure,Drama",6.0,82665.0,nm0958387,Jerry Zucker,6520,ok,First Knight,1995-07-07,en,4.6357,55000000,127600435,Released,6.11,1331,First Knight Productions,United States of America
170,170,Hackers (1995),Action|Adventure|Crime|Thriller,1995.0,113243,10428,tt0113243,movie,0.0,1995.0,105.0,"Crime,Drama,Romance",6.2,81790.0,nm0812200,Iain Softley,10428,ok,Hackers,1995-09-14,en,5.3041,20000000,7563728,Released,6.4,1459,Suftley,United States of America
172,172,Johnny Mnemonic (1995),Action|Sci-Fi|Thriller,1995.0,113481,9886,tt0113481,movie,0.0,1995.0,96.0,"Action,Drama,Sci-Fi",5.6,81095.0,nm0519434,Robert Longo,9886,ok,Johnny Mnemonic,1995-05-26,en,3.889,25000000,19075720,Released,5.77,1506,TriStar Pictures,Canada
173,173,Judge Dredd (1995),Action|Crime|Sci-Fi,1995.0,113492,9482,tt0113492,movie,0.0,1995.0,96.0,"Action,Crime,Sci-Fi",5.6,132174.0,nm0134176,Danny Cannon,9482,ok,Judge Dredd,1995-06-30,en,6.1943,90000000,113493481,Released,5.855,2719,Cinergi Pictures,United States of America
175,175,Kids (1995),Drama,1995.0,113540,9344,tt0113540,movie,0.0,1995.0,91.0,Drama,7.0,91673.0,nm0164187,Larry Clark,9344,ok,Kids,1995-07-21,en,5.7043,1500000,20412216,Released,6.895,1276,The Guys Upstairs,United States of America
180,180,Mallrats (1995),Comedy|Romance,1995.0,113749,2293,tt0113749,movie,0.0,1995.0,94.0,"Comedy,Romance",7.0,134290.0,nm0003620,Kevin Smith,2293,ok,Mallrats,1995-10-20,en,3.1095,6000000,2122561,Released,6.76,1371,Gramercy Pictures,United States of America
185,185,"Net, The (1995)",Action|Crime|Thriller,1995.0,113957,1642,tt0113957,movie,0.0,1995.0,114.0,"Action,Crime,Drama",6.0,79762.0,nm0005563,Irwin Winkler,1642,ok,The Net,1995-07-28,en,3.7033,22000000,110627965,Released,6.038,1510,Columbia Pictures,United States of America
186,186,Nine Months (1995),Comedy|Romance,1995.0,113986,11472,tt0113986,movie,0.0,1995.0,103.0,"Comedy,Romance",5.5,40230.0,nm0001060,Chris Columbus,11472,ok,Nine Months,1995-07-12,en,2.6513,35000000,138500000,Released,5.728,705,1492 Pictures,United States of America
193,193,Showgirls (1995),Drama,1995.0,114436,10802,tt0114436,movie,0.0,1995.0,131.0,Drama,5.2,81914.0,nm0000682,Paul Verhoeven,10802,ok,Showgirls,1995-09-22,en,7.7893,45000000,20367472,Released,5.578,1373,Chargeurs,United States of America
196,196,Species (1995),Horror|Sci-Fi,1995.0,114508,9348,tt0114508,movie,0.0,1995.0,108.0,"Action,Horror,Sci-Fi",5.9,91784.0,nm0002044,Roger Donaldson,9348,ok,Species,1995-07-07,en,6.2207,35000000,113400000,Released,5.975,1831,Metro-Goldwyn-Mayer,United States of America
198,198,Strange Days (1995),Action|Crime|Drama|Mystery|Sci-Fi|Thriller,1995.0,114558,281,tt0114558,movie,0.0,1995.0,145.0,"Crime,Drama,Sci-Fi",7.2,85116.0,nm0000941,Kathryn Bigelow,281,ok,Strange Days,1995-10-13,en,3.7237,42000000,7959291,Released,7.008,1528,Lightstorm Entertainment,United States of America
203,203,"To Wong Foo, Thanks for Everything! Julie Newmar (1995)",Comedy,1995.0,114682,9090,tt0114682,movie,0.0,1995.0,109.0,"Comedy,Drama",6.8,41178.0,nm0452319,Beeban Kidron,9090,ok,"To Wong Foo, Thanks for Everything! Julie Newmar",1995-09-08,en,4.6268,0,47774193,Released,7.371,762,Amblin Entertainment,United States of America
204,204,Under Siege 2: Dark Territory (1995),Action,1995.0,114781,3512,tt0114781,movie,0.0,1995.0,100.0,"Action,Adventure,Thriller",5.6,53305.0,nm0614276,Geoff Murphy,3512,ok,Under Siege 2: Dark Territory,1995-07-13,en,4.0926,60000000,104324083,Released,5.864,1011,Regency Enterprises,United States of America
207,207,"Walk in the Clouds, A (1995)",Drama|Romance,1995.0,114887,9560,tt0114887,movie,0.0,1995.0,102.0,"Drama,Romance",6.7,39097.0,nm0000778,Alfonso Arau,9560,ok,A Walk in the Clouds,1995-05-27,en,5.1572,20000000,50012507,Released,7.372,1119,Zucker Brothers Productions,United States of America
208,208,Waterworld (1995),Action|Adventure|Sci-Fi,1995.0,114898,9804,tt0114898,movie,0.0,1995.0,135.0,"Action,Adventure,Sci-Fi",6.3,224397.0,nm0721817,Kevin Reynolds,9804,ok,Waterworld,1995-07-28,en,7.3048,175000000,264218220,Released,6.226,4053,Gordon Company,United States of America
215,215,Before Sunrise (1995),Drama|Romance,1995.0,112471,76,tt0112471,movie,0.0,1995.0,101.0,"Comedy,Drama,Romance",8.1,377065.0,nm0000500,Richard Linklater,76,ok,Before Sunrise,1995-01-27,en,8.5388,2500000,5987386,Released,7.974,4654,Castle Rock Entertainment,Austria
216,216,Billy Madison (1995),Comedy,1995.0,112508,11017,tt0112508,movie,0.0,1995.0,89.0,Comedy,6.4,167558.0,nm0205542,Tamra Davis,11017,ok,Billy Madison,1995-02-10,en,3.3887,10000000,26488734,Released,6.196,1789,Jack Giarraputo Productions,United States of America
223,223,Clerks (1994),Comedy,1994.0,109445,2292,tt0109445,movie,0.0,1994.0,92.0,Comedy,7.7,240404.0,nm0003620,Kevin Smith,2292,ok,Clerks,1994-10-19,en,3.4632,27575,3158707,Released,7.38,2743,View Askew Productions,United States of America
224,224,Don Juan DeMarco (1995),Comedy|Drama|Romance,1995.0,112883,1909,tt0112883,movie,0.0,1994.0,97.0,"Comedy,Drama,Romance",6.7,55305.0,nm0505230,Jeremy Leven,1909,ok,Don Juan DeMarco,1994-10-12,en,2.701,25000000,68792531,Released,6.745,799,American Zoetrope,United States of America
225,225,Disclosure (1994),Drama|Thriller,1994.0,109635,8984,tt0109635,movie,0.0,1994.0,128.0,"Drama,Thriller",6.2,58221.0,nm0001469,Barry Levinson,8984,ok,Disclosure,1994-12-09,en,3.9182,55000000,214015089,Released,6.245,1265,Baltimore Pictures,United States of America
227,227,Drop Zone (1994),Action|Thriller,1994.0,109676,4954,tt0109676,movie,0.0,1994.0,101.0,"Action,Adventure,Thriller",5.6,23017.0,nm0000824,John Badham,4954,ok,Drop Zone,1994-12-08,en,4.118,45000000,62000000,Released,5.711,452,Paramount Pictures,United States of America
230,230,Dolores Claiborne (1995),Drama|Thriller,1995.0,109642,11929,tt0109642,movie,0.0,1995.0,132.0,"Crime,Drama,Mystery",7.4,53270.0,nm0000431,Taylor Hackford,11929,ok,Dolores Claiborne,1995-03-24,en,3.5864,13000000,46400000,Released,7.3,868,Castle Rock Entertainment,United States of America
231,231,Dumb & Dumber (Dumb and Dumber) (1994),Adventure|Comedy,1994.0,109686,8467,tt0109686,movie,0.0,1994.0,107.0,Comedy,7.3,443673.0,nm0268380,Peter Farrelly,8467,ok,Dumb and Dumber,1994-12-16,en,9.7623,16000000,247275374,Released,6.7,6684,New Line Cinema,United States of America
235,235,Ed Wood (1994),Comedy|Drama,1994.0,109707,522,tt0109707,movie,0.0,1994.0,127.0,"Biography,Comedy,Drama",7.8,191318.0,nm0000318,Tim Burton,522,ok,Ed Wood,1994-09-28,en,3.0364,18000000,5900000,Released,7.484,2505,Touchstone Pictures,United States of America
236,236,French Kiss (1995),Action|Comedy|Romance,1995.0,113117,397,tt0113117,movie,0.0,1995.0,111.0,"Comedy,Drama,Romance",6.6,56654.0,nm0001410,Lawrence Kasdan,397,ok,French Kiss,1995-05-05,en,2.6335,0,101982854,Released,6.474,793,PolyGram Filmed Entertainment,United Kingdom
237,237,Forget Paris (1995),Comedy|Romance,1995.0,113097,10525,tt0113097,movie,0.0,1995.0,101.0,"Comedy,Romance",6.5,13832.0,nm0000345,Billy Crystal,10525,ok,Forget Paris,1995-05-19,en,2.4874,0,33177694,Released,6.317,161,Castle Rock Entertainment,United States of America
246,246,Hoop Dreams (1994),Documentary,1994.0,110057,14275,tt0110057,movie,0.0,1994.0,170.0,"Documentary,Drama,Sport",8.3,29568.0,nm0416945,Steve James,14275,ok,Hoop Dreams,1994-09-12,en,1.2274,700000,7830611,Released,7.576,330,Fine Line Features,United States of America
247,247,Heavenly Creatures (1994),Crime|Drama,1994.0,110005,1024,tt0110005,movie,0.0,1994.0,99.0,"Biography,Crime,Drama",7.2,71010.0,nm0001392,Peter Jackson,1024,ok,Heavenly Creatures,1994-09-12,en,2.8724,5000000,3049135,Released,6.972,1028,WingNut Films,New Zealand
252,252,I.Q. (1994),Comedy|Romance,1994.0,110099,11777,tt0110099,movie,0.0,1994.0,100.0,"Comedy,Romance",6.2,27632.0,nm0770961,Fred Schepisi,11777,ok,I.Q.,1994-12-24,en,2.2568,25000000,26381221,Released,6.022,488,Paramount Pictures,United States of America
253,253,Interview with the Vampire: The Vampire Chronicles (1994),Drama|Horror,1994.0,110148,628,tt0110148,movie,0.0,1994.0,123.0,"Drama,Fantasy,Horror",7.5,376502.0,nm0001403,Neil Jordan,628,ok,Interview with the Vampire,1994-11-11,en,8.1588,60000000,223664608,Released,7.387,6391,Geffen Pictures,United States of America
256,256,Junior (1994),Comedy|Sci-Fi,1994.0,110216,6280,tt0110216,movie,0.0,1994.0,109.0,"Comedy,Romance,Sci-Fi",4.8,77971.0,nm0718645,Ivan Reitman,6280,ok,Junior,1994-11-22,en,2.9851,60000000,108400000,Released,5.186,1629,Northern Lights Entertainment,United States of America
260,260,Star Wars: Episode IV - A New Hope (1977),Action|Adventure|Sci-Fi,1977.0,76759,11,tt0076759,movie,0.0,1977.0,121.0,"Action,Adventure,Fantasy",8.6,1568567.0,nm0000184,George Lucas,11,ok,Star Wars,1977-05-25,en,26.3686,11000000,775398007,Released,8.2,22219,Lucasfilm Ltd.,United States of America
261,261,Little Women (1994),Drama,1994.0,110367,9587,tt0110367,movie,0.0,1994.0,115.0,"Drama,Family,Romance",7.3,69139.0,nm0000788,Gillian Armstrong,9587,ok,Little Women,1994-12-21,en,5.8732,18000000,94983123,Released,7.275,1338,Di Novi Pictures,United States of America
262,262,"Little Princess, A (1995)",Children|Drama,1995.0,113670,19101,tt0113670,movie,0.0,1995.0,97.0,"Drama,Family,Fantasy",7.6,39080.0,nm0190859,Alfonso Cuarón,19101,ok,A Little Princess,1995-05-10,en,3.1661,17000000,10000000,Released,7.617,1031,Warner Bros. Pictures,United States of America
265,265,Like Water for Chocolate (Como agua para chocolate) (1992),Drama|Fantasy|Romance,1992.0,103994,18183,tt0103994,movie,0.0,1992.0,105.0,"Drama,Romance",7.1,20512.0,nm0000778,Alfonso Arau,18183,ok,Like Water for Chocolate,1992-04-16,es,2.3505,2000000,21744201,Released,7.285,553,Aviacsa,Mexico
266,266,Legends of the Fall (1994),Drama|Romance|War|Western,1994.0,110322,4476,tt0110322,movie,0.0,1994.0,133.0,"Drama,Romance,War",7.5,199596.0,nm0001880,Edward Zwick,4476,ok,Legends of the Fall,1994-12-23,en,8.9405,30000000,160638883,Released,7.384,2833,Bedford Falls Productions,United States of America
272,272,"Madness of King George, The (1994)",Comedy|Drama,1994.0,110428,11318,tt0110428,movie,0.0,1994.0,110.0,"Biography,Comedy,Drama",7.2,20034.0,nm0405336,Nicholas Hytner,11318,ok,The Madness of King George,1994-12-28,en,2.2609,0,15238994,Released,6.803,256,The Samuel Goldwyn Company,United Kingdom
273,273,Mary Shelley's Frankenstein (Frankenstein) (1994),Drama|Horror|Sci-Fi,1994.0,109836,3036,tt0109836,movie,0.0,1994.0,123.0,"Drama,Horror,Romance",6.3,63813.0,nm0000110,Kenneth Branagh,3036,ok,Mary Shelley's Frankenstein,1994-11-04,en,2.6887,45000000,112000000,Released,6.446,1360,American Zoetrope,United States of America
276,276,Milk Money (1994),Comedy|Romance,1994.0,110516,8986,tt0110516,movie,0.0,1994.0,110.0,"Comedy,Romance",5.7,13989.0,nm0000907,Richard Benjamin,8986,ok,Milk Money,1994-08-31,en,2.7546,0,18137661,Released,6.393,305,The Kennedy/Marshall Company,United States of America
277,277,Miracle on 34th Street (1994),Drama,1994.0,110527,10510,tt0110527,movie,0.0,1994.0,114.0,"Drama,Family,Fantasy",6.7,50979.0,nm0562645,Les Mayfield,10510,ok,Miracle on 34th Street,1994-11-18,en,3.918,0,46264384,Released,6.756,1143,20th Century Fox,United States of America
282,282,Nell (1994),Drama,1994.0,110638,1945,tt0110638,movie,0.0,1994.0,112.0,Drama,6.5,32495.0,nm0000776,Michael Apted,1945,ok,Nell,1994-12-23,en,2.5445,31000000,106683817,Released,6.548,545,Egg Pictures,United States of America
288,288,Natural Born Killers (1994),Action|Crime|Thriller,1994.0,110632,241,tt0110632,movie,0.0,1994.0,119.0,"Crime,Romance",7.2,267620.0,nm0000231,Oliver Stone,241,ok,Natural Born Killers,1994-08-26,en,5.6761,34000000,50283563,Released,7.1,3764,Warner Bros. Pictures,United States of America
292,292,Outbreak (1995),Action|Drama|Sci-Fi|Thriller,1995.0,114069,6950,tt0114069,movie,0.0,1995.0,128.0,"Action,Drama,Thriller",6.6,145713.0,nm0000583,Wolfgang Petersen,6950,ok,Outbreak,1995-03-10,en,5.008,50000000,189900000,Released,6.6,2464,Kopelson Entertainment,United States of America
293,293,Léon: The Professional (a.k.a. The Professional) (Léon) (1994),Action|Crime|Drama|Thriller,1994.0,110413,101,tt0110413,movie,0.0,1994.0,110.0,"Action,Crime,Drama",8.5,1350145.0,nm0000108,Luc Besson,101,ok,Léon: The Professional,1994-09-14,fr,18.2514,16000000,45284974,Released,8.295,16019,Gaumont,France
296,296,Pulp Fiction (1994),Comedy|Crime|Drama|Thriller,1994.0,110912,680,tt0110912,movie,0.0,1994.0,154.0,"Crime,Drama",8.8,2433196.0,nm0000233,Quentin Tarantino,680,ok,Pulp Fiction,1994-09-10,en,33.3535,8000000,213928762,Released,8.484,30081,Miramax,United States of America
300,300,Quiz Show (1994),Drama,1994.0,110932,11450,tt0110932,movie,0.0,1994.0,133.0,"Biography,Drama,History",7.5,77751.0,nm0000602,Robert Redford,11450,ok,Quiz Show,1994-08-25,en,2.9987,31000000,24822619,Released,7.253,982,Baltimore Pictures,United States of America
303,303,"Quick and the Dead, The (1995)",Action|Thriller|Western,1995.0,114214,12106,tt0114214,movie,0.0,1995.0,108.0,"Action,Drama,Romance",6.5,113296.0,nm0000600,Sam Raimi,12106,ok,The Quick and the Dead,1995-02-09,en,4.7831,35000000,47000000,Released,6.5,1934,TriStar Pictures,United States of America
307,307,Three Colors: Blue (Trois couleurs: Bleu) (1993),Drama,1993.0,108394,108,tt0108394,movie,0.0,1993.0,98.0,"Drama,Music,Mystery",7.8,118987.0,nm0001425,Krzysztof Kieslowski,108,ok,Three Colors: Blue,1993-09-08,fr,3.2029,0,1527572,Released,7.635,1883,MK2 Films,France
308,308,Three Colors: White (Trzy kolory: Bialy) (1994),Comedy|Drama,1994.0,111507,109,tt0111507,movie,0.0,1994.0,92.0,"Comedy,Drama,Romance",7.6,85636.0,nm0001425,Krzysztof Kieslowski,109,ok,Three Colors: White,1994-01-26,fr,3.3802,0,1273525,Released,7.447,1318,MK2 Films,France
315,315,"Specialist, The (1994)",Action|Drama|Thriller,1994.0,111255,2636,tt0111255,movie,0.0,1994.0,110.0,"Action,Drama,Thriller",5.6,73599.0,nm0515891,Luis Llosa,2636,ok,The Specialist,1994-10-07,en,3.8345,45000000,170362582,Released,5.925,1428,Jerry Weintraub Productions,United States of America
316,316,Stargate (1994),Action|Adventure|Sci-Fi,1994.0,111282,2164,tt0111282,movie,0.0,1994.0,121.0,"Action,Adventure,Sci-Fi",7.0,219041.0,nm0000386,Roland Emmerich,2164,ok,Stargate,1994-10-28,en,6.389,55000000,196567262,Released,7.016,3770,Le Studio Canal+,United States of America
317,317,"Santa Clause, The (1994)",Comedy|Drama|Fantasy,1994.0,111070,11395,tt0111070,movie,0.0,1994.0,97.0,"Comedy,Drama,Family",6.6,147586.0,nm0664756,John Pasquin,11395,ok,The Santa Clause,1994-11-11,en,3.8587,22000000,189833357,Released,6.519,2283,Walt Disney Pictures,United States of America
318,318,"Shawshank Redemption, The (1994)",Crime|Drama,1994.0,111161,278,tt0111161,movie,0.0,1994.0,142.0,Drama,9.3,3185031.0,nm0001104,Frank Darabont,278,ok,The Shawshank Redemption,1994-09-23,en,48.1974,25000000,28341469,Released,8.719,30237,Castle Rock Entertainment,United States of America
319,319,Shallow Grave (1994),Comedy|Drama|Thriller,1994.0,111149,9905,tt0111149,movie,0.0,1994.0,89.0,"Crime,Drama,Thriller",7.2,70824.0,nm0000965,Danny Boyle,9905,ok,Shallow Grave,1994-12-22,en,2.7118,2500000,19779614,Released,6.999,1131,The Glasgow Film Fund,United Kingdom
327,327,Tank Girl (1995),Action|Comedy|Sci-Fi,1995.0,114614,9067,tt0114614,movie,0.0,1995.0,104.0,"Action,Comedy,Sci-Fi",5.4,37715.0,nm0003080,Rachel Talalay,9067,ok,Tank Girl,1995-03-31,en,3.1579,25000000,4064495,Released,5.499,567,Trilogy Entertainment Group,United States of America
329,329,Star Trek: Generations (1994),Adventure|Drama|Sci-Fi,1994.0,111280,193,tt0111280,movie,0.0,1994.0,118.0,"Action,Adventure,Mystery",6.6,91268.0,nm0141222,David Carson,193,ok,Star Trek: Generations,1994-11-18,en,2.8735,38000000,118071125,Released,6.519,1476,Paramount Pictures,United States of America
333,333,Tommy Boy (1995),Comedy,1995.0,114694,11381,tt0114694,movie,0.0,1995.0,97.0,"Adventure,Comedy",7.1,104795.0,nm0781842,Peter Segal,11381,ok,Tommy Boy,1995-03-31,en,3.4485,20000000,32648673,Released,6.808,1046,Paramount Pictures,United States of America
337,337,What's Eating Gilbert Grape (1993),Drama,1993.0,108550,1587,tt0108550,movie,0.0,1993.0,118.0,Drama,7.7,269876.0,nm0002120,Lasse Hallström,1587,ok,What's Eating Gilbert Grape,1993-12-17,en,5.968,11000000,10000000,Released,7.663,4258,Paramount Pictures,United States of America
339,339,While You Were Sleeping (1995),Comedy|Romance,1995.0,114924,2064,tt0114924,movie,0.0,1995.0,103.0,"Comedy,Drama,Romance",6.8,126777.0,nm0005509,Jon Turteltaub,2064,ok,While You Were Sleeping,1995-04-21,en,4.5211,17000000,182100000,Released,7.022,1990,Caravan Pictures,United States of America
342,342,Muriel's Wedding (1994),Comedy,1994.0,110598,236,tt0110598,movie,0.0,1994.0,106.0,"Comedy,Drama",7.3,45179.0,nm0389591,P.J. Hogan,236,ok,Muriel's Wedding,1994-09-29,en,2.6719,3000000,15119639,Released,6.838,487,CiBy 2000,Australia
344,344,Ace Ventura: Pet Detective (1994),Comedy,1994.0,109040,3049,tt0109040,movie,0.0,1994.0,86.0,Comedy,6.9,353646.0,nm0001723,Tom Shadyac,3049,ok,Ace Ventura: Pet Detective,1994-02-04,en,9.5023,15000000,107217396,Released,6.577,6350,Morgan Creek Entertainment,United States of America
345,345,"Adventures of Priscilla, Queen of the Desert, The (1994)",Comedy|Drama,1994.0,109045,2759,tt0109045,movie,0.0,1994.0,104.0,"Comedy,Music",7.5,61351.0,nm0254632,Stephan Elliott,2759,ok,"The Adventures of Priscilla, Queen of the Desert",1994-08-10,en,3.5296,2000000,29700000,Released,7.263,912,PolyGram Filmed Entertainment,Australia
348,348,Bullets Over Broadway (1994),Comedy,1994.0,109348,11382,tt0109348,movie,0.0,1994.0,98.0,"Comedy,Crime",7.4,44384.0,nm0000095,Woody Allen,11382,ok,Bullets Over Broadway,1994-10-14,en,2.5641,20000000,37483747,Released,7.091,667,Miramax,United States of America
349,349,Clear and Present Danger (1994),Action|Crime|Drama|Thriller,1994.0,109444,9331,tt0109444,movie,0.0,1994.0,141.0,"Action,Crime,Drama",6.9,116382.0,nm0637518,Phillip Noyce,9331,ok,Clear and Present Danger,1994-08-03,en,13.2159,62000000,215887717,Released,6.642,1664,Paramount Pictures,United States of America
350,350,"Client, The (1994)",Drama|Mystery|Thriller,1994.0,109446,10731,tt0109446,movie,0.0,1994.0,119.0,"Crime,Drama,Mystery",6.7,85481.0,nm0001708,Joel Schumacher,10731,ok,The Client,1994-07-20,en,5.5274,45000000,117615211,Released,6.686,1365,Alcor Films,United States of America
353,353,"Crow, The (1994)",Action|Crime|Fantasy|Thriller,1994.0,109506,9495,tt0109506,movie,0.0,1994.0,102.0,"Action,Crime,Drama",7.5,230871.0,nm0001639,Alex Proyas,9495,ok,The Crow,1994-05-11,en,6.1261,23000000,93722164,Released,7.516,4489,Entertainment Media Investment,United States of America
355,355,"Flintstones, The (1994)",Children|Comedy|Fantasy,1994.0,109813,888,tt0109813,movie,0.0,1994.0,91.0,"Comedy,Family,Fantasy",5.1,92025.0,nm0505152,Brian Levant,888,ok,The Flintstones,1994-05-27,en,5.6897,46000000,341631208,Released,5.37,2609,Hanna-Barbera Cartoons,United States of America
356,356,Forrest Gump (1994),Comedy|Drama|Romance|War,1994.0,109830,13,tt0109830,movie,0.0,1994.0,142.0,"Drama,Romance",8.8,2494340.0,nm0000709,Robert Zemeckis,13,ok,Forrest Gump,1994-06-23,en,30.8685,55000000,677387716,Released,8.464,29628,Paramount Pictures,United States of America
357,357,Four Weddings and a Funeral (1994),Comedy|Romance,1994.0,109831,712,tt0109831,movie,0.0,1994.0,117.0,"Comedy,Drama,Romance",7.1,182025.0,nm0001565,Mike Newell,712,ok,Four Weddings and a Funeral,1994-03-09,en,5.5712,4400000,245700832,Released,6.8,2984,PolyGram Filmed Entertainment,United Kingdom
362,362,"Jungle Book, The (1994)",Adventure|Children|Romance,1994.0,110213,10714,tt0110213,movie,0.0,1994.0,111.0,"Adventure,Family,Fantasy",6.1,20174.0,nm0814085,Stephen Sommers,10714,ok,The Jungle Book,1994-12-23,en,3.461,27000000,53508356,Released,5.965,497,Walt Disney Pictures,United States of America
364,364,"Lion King, The (1994)",Adventure|Animation|Children|Drama|Musical|IMAX,1994.0,110357,8587,tt0110357,movie,0.0,1994.0,88.0,"Adventure,Animation,Drama",8.5,1257554.0,nm0021249,Roger Allers,8587,ok,The Lion King,1994-06-15,en,23.4504,45000000,763455561,Released,8.3,19605,Walt Disney Pictures,United States of America
367,367,"Mask, The (1994)",Action|Comedy|Crime|Fantasy,1994.0,110475,854,tt0110475,movie,0.0,1994.0,101.0,"Comedy,Crime,Fantasy",7.0,470026.0,nm0751080,Chuck Russell,854,ok,The Mask,1994-07-29,en,12.8734,23000000,351583407,Released,6.983,11192,Dark Horse Entertainment,United States of America
368,368,Maverick (1994),Adventure|Comedy|Western,1994.0,110478,9359,tt0110478,movie,0.0,1994.0,127.0,"Action,Adventure,Comedy",7.0,126183.0,nm0001149,Richard Donner,9359,ok,Maverick,1994-05-20,en,4.4936,75000000,183031272,Released,6.896,1756,Warner Bros. Pictures,United States of America
370,370,Naked Gun 33 1/3: The Final Insult (1994),Action|Comedy,1994.0,110622,36593,tt0110622,movie,0.0,1994.0,83.0,"Comedy,Crime",6.5,128135.0,nm0781842,Peter Segal,36593,ok,Naked Gun 33⅓: The Final Insult,1994-03-18,en,5.353,30000000,132032598,Released,6.505,2498,Paramount Pictures,United States of America
371,371,"Paper, The (1994)",Comedy|Drama,1994.0,110771,12280,tt0110771,movie,0.0,1994.0,112.0,"Comedy,Drama",6.7,17392.0,nm0000165,Ron Howard,12280,ok,The Paper,1994-03-18,en,3.1615,6000000,48400000,Released,6.601,237,Imagine Entertainment,United States of America
372,372,Reality Bites (1994),Comedy|Drama|Romance,1994.0,110950,2788,tt0110950,movie,0.0,1994.0,99.0,"Comedy,Drama,Romance",6.6,57478.0,nm0001774,Ben Stiller,2788,ok,Reality Bites,1994-02-18,en,2.4712,11500000,33351557,Released,6.555,785,Universal Pictures,United States of America
374,374,Richie Rich (1994),Children|Comedy,1994.0,110989,11011,tt0110989,movie,0.0,1994.0,95.0,"Comedy,Family",5.5,79151.0,nm0677953,Donald Petrie,11011,ok,Ri¢hie Ri¢h,1994-12-19,en,5.398,40000000,38087756,Released,5.938,2406,Davis Entertainment,United States of America
376,376,"River Wild, The (1994)",Action|Thriller,1994.0,110997,8987,tt0110997,movie,0.0,1994.0,111.0,"Adventure,Crime,Thriller",6.5,54038.0,nm0000436,Curtis Hanson,8987,ok,The River Wild,1994-09-30,en,3.4791,45000000,94216343,Released,6.452,951,The Turman-Foster Company,United States of America
377,377,Speed (1994),Action|Romance|Thriller,1994.0,111257,1637,tt0111257,movie,0.0,1994.0,116.0,"Action,Adventure,Thriller",7.3,423104.0,nm0000957,Jan de Bont,1637,ok,Speed,1994-06-09,en,7.9841,30000000,350448145,Released,7.15,6799,20th Century Fox,United States of America
379,379,Timecop (1994),Action|Sci-Fi|Thriller,1994.0,111438,8831,tt0111438,movie,0.0,1994.0,99.0,"Action,Crime,Sci-Fi",6.0,69795.0,nm0001382,Peter Hyams,8831,ok,Timecop,1994-09-15,en,3.6856,28000000,128953581,Released,6.01,1307,Renaissance Pictures,United States of America
380,380,True Lies (1994),Action|Adventure|Comedy|Romance|Thriller,1994.0,111503,36955,tt0111503,movie,0.0,1994.0,141.0,"Action,Comedy,Thriller",7.3,301620.0,nm0000116,James Cameron,36955,ok,True Lies,1994-07-15,en,7.2627,115000000,378900000,Released,7.094,4536,Lightstorm Entertainment,United States of America
383,383,Wyatt Earp (1994),Western,1994.0,111756,12160,tt0111756,movie,0.0,1994.0,191.0,"Adventure,Biography,Drama",6.7,59432.0,nm0001410,Lawrence Kasdan,12160,ok,Wyatt Earp,1994-06-24,en,4.0731,63000000,25052000,Released,6.779,928,Paragon Entertainment Corp.,United States of America
410,410,Addams Family Values (1993),Children|Comedy|Fantasy,1993.0,106220,2758,tt0106220,movie,0.0,1993.0,94.0,"Comedy,Fantasy",6.9,123377.0,nm0001756,Barry Sonnenfeld,2758,ok,Addams Family Values,1993-11-19,en,5.4757,47000000,48919043,Released,6.972,3289,Scott Rudin Productions,United States of America
413,413,Airheads (1994),Comedy,1994.0,109068,13595,tt0109068,movie,0.0,1994.0,92.0,"Comedy,Crime,Music",6.2,59767.0,nm0499724,Michael Lehmann,13595,ok,Airheads,1994-08-05,en,3.0615,15000000,5751882,Released,6.172,813,Robert Simonds Productions,United States of America
419,419,"Beverly Hillbillies, The (1993)",Comedy,1993.0,106400,11041,tt0106400,movie,0.0,1993.0,92.0,"Comedy,Family",5.1,21197.0,nm0790715,Penelope Spheeris,11041,ok,The Beverly Hillbillies,1993-10-15,en,4.1123,25000000,57405220,Released,6.302,584,20th Century Fox,United States of America
420,420,Beverly Hills Cop III (1994),Action|Comedy|Crime|Thriller,1994.0,109254,306,tt0109254,movie,0.0,1994.0,104.0,"Action,Comedy,Crime",5.5,100477.0,nm0000484,John Landis,306,ok,Beverly Hills Cop III,1994-05-24,en,3.3218,50000000,119208989,Released,5.9,2110,Eddie Murphy Productions,United States of America
431,431,Carlito's Way (1993),Crime|Drama,1993.0,106519,6075,tt0106519,movie,0.0,1993.0,144.0,"Crime,Drama,Thriller",7.9,247910.0,nm0000361,Brian De Palma,6075,ok,Carlito's Way,1993-11-10,en,5.332,30000000,63848322,Released,7.831,3443,Universal Pictures,United States of America
432,432,City Slickers II: The Legend of Curly's Gold (1994),Adventure|Comedy|Western,1994.0,109439,11310,tt0109439,movie,0.0,1994.0,116.0,"Comedy,Western",5.6,21753.0,nm0917992,Paul Weiland,11310,ok,City Slickers II: The Legend of Curly's Gold,1994-06-10,en,1.4645,40000000,72000000,Released,5.309,343,Castle Rock Entertainment,United States of America
434,434,Cliffhanger (1993),Action|Adventure|Thriller,1993.0,106582,9350,tt0106582,movie,0.0,1993.0,113.0,"Action,Adventure,Thriller",6.5,148308.0,nm0001317,Renny Harlin,9350,ok,Cliffhanger,1993-05-28,en,5.186,70000000,255000211,Released,6.515,2614,Carolco Pictures,France
435,435,Coneheads (1993),Comedy|Sci-Fi,1993.0,106598,9612,tt0106598,movie,0.0,1993.0,88.0,"Comedy,Sci-Fi",5.5,62112.0,nm0006625,Steve Barron,9612,ok,Coneheads,1993-07-23,en,4.9555,33000000,21274717,Released,5.473,1022,Paramount Pictures,United States of America
440,440,Dave (1993),Comedy|Romance,1993.0,106673,11566,tt0106673,movie,0.0,1993.0,110.0,"Comedy,Romance",6.9,60294.0,nm0718645,Ivan Reitman,11566,ok,Dave,1993-05-07,en,3.1373,28000000,92000000,Released,6.65,831,Donner/Shuler-Donner Productions,United States of America
441,441,Dazed and Confused (1993),Comedy,1993.0,106677,9571,tt0106677,movie,0.0,1993.0,103.0,Comedy,7.6,216112.0,nm0000500,Richard Linklater,9571,ok,Dazed and Confused,1993-09-24,en,5.3251,6900000,8259076,Released,7.319,2246,Gramercy Pictures,United States of America
442,442,Demolition Man (1993),Action|Adventure|Sci-Fi,1993.0,106697,9739,tt0106697,movie,0.0,1993.0,115.0,"Action,Sci-Fi,Thriller",6.7,208844.0,nm0104193,Marco Brambilla,9739,ok,Demolition Man,1993-10-08,en,8.5928,57000000,159055768,Released,6.753,4072,Silver Pictures,United States of America
454,454,"Firm, The (1993)",Drama|Thriller,1993.0,106918,37233,tt0106918,movie,0.0,1993.0,154.0,"Crime,Drama,Mystery",6.9,161326.0,nm0001628,Sydney Pollack,37233,ok,The Firm,1993-06-30,en,4.8965,42000000,270248367,Released,6.738,2288,Mirage Enterprises,United States of America
455,455,Free Willy (1993),Adventure|Children|Drama,1993.0,106965,1634,tt0106965,movie,0.0,1993.0,112.0,"Adventure,Drama,Family",6.1,89197.0,nm0934578,Simon Wincer,1634,ok,Free Willy,1993-07-16,en,4.1954,20000000,153698625,Released,6.192,1962,Donner/Shuler-Donner Productions,United States of America
457,457,"Fugitive, The (1993)",Thriller,1993.0,106977,5503,tt0106977,movie,0.0,1993.0,130.0,"Action,Crime,Drama",7.8,346289.0,nm0001112,Andrew Davis,5503,ok,The Fugitive,1993-08-06,en,7.2964,44000000,353808222,Released,7.5,4759,Warner Bros. Pictures,United States of America
466,466,Hot Shots! Part Deux (1993),Action|Comedy|War,1993.0,107144,9255,tt0107144,movie,0.0,1993.0,86.0,"Action,Comedy",6.6,103807.0,nm0000720,Jim Abrahams,9255,ok,Hot Shots! Part Deux,1993-05-21,en,5.5766,25000000,133752825,Released,6.543,2047,Sidley Wright & Associates,United States of America
468,468,"Englishman Who Went Up a Hill But Came Down a Mountain, The (1995)",Comedy|Romance,1995.0,112966,10612,tt0112966,movie,0.0,1995.0,99.0,"Comedy,Drama,Romance",6.6,19694.0,nm0003355,Christopher Monger,10612,ok,The Englishman Who Went Up a Hill But Came Down a Mountain,1995-05-12,en,1.7728,0,0,Released,6.322,315,Miramax,United Kingdom
471,471,"Hudsucker Proxy, The (1994)",Comedy,1994.0,110074,11934,tt0110074,movie,0.0,1994.0,111.0,"Comedy,Drama,Fantasy",7.2,90333.0,nm0001054,Joel Coen,11934,ok,The Hudsucker Proxy,1994-03-11,en,3.1293,25000000,2800000,Released,7.071,1179,Warner Bros. Pictures,United Kingdom
474,474,In the Line of Fire (1993),Action|Thriller,1993.0,107206,9386,tt0107206,movie,0.0,1993.0,128.0,"Action,Crime,Drama",7.2,123075.0,nm0000583,Wolfgang Petersen,9386,ok,In the Line of Fire,1993-07-08,en,4.2824,40000000,177000000,Released,7.0,1793,Castle Rock Entertainment,United States of America
475,475,In the Name of the Father (1993),Drama,1993.0,107207,7984,tt0107207,movie,0.0,1993.0,133.0,"Biography,Crime,Drama",8.1,202605.0,nm0006487,Jim Sheridan,7984,ok,In the Name of the Father,1993-12-27,en,3.615,13000000,65796862,Released,7.892,1960,Hell's Kitchen,Ireland
480,480,Jurassic Park (1993),Action|Adventure|Sci-Fi|Thriller,1993.0,107290,329,tt0107290,movie,0.0,1993.0,127.0,"Action,Adventure,Sci-Fi",8.2,1176553.0,nm0000229,Steven Spielberg,329,ok,Jurassic Park,1993-06-11,en,8.3008,63000000,920100000,Released,8.0,17765,Universal Pictures,United States of America
485,485,Last Action Hero (1993),Action|Adventure|Comedy|Fantasy,1993.0,107362,9593,tt0107362,movie,0.0,1993.0,130.0,"Action,Adventure,Comedy",6.5,174548.0,nm0001532,John McTiernan,9593,ok,Last Action Hero,1993-06-18,en,6.1398,85000000,137298489,Released,6.5,2972,Oak Productions,United States of America
494,494,Executive Decision (1996),Action|Adventure|Thriller,1996.0,116253,2320,tt0116253,movie,0.0,1996.0,133.0,"Action,Adventure,Thriller",6.5,65356.0,nm0000829,Stuart Baird,2320,ok,Executive Decision,1996-03-15,en,5.0227,55000000,121969216,Released,6.343,1027,Silver Pictures,United States of America
497,497,Much Ado About Nothing (1993),Comedy|Romance,1993.0,107616,11971,tt0107616,movie,0.0,1993.0,111.0,"Comedy,Drama,Romance",7.3,55617.0,nm0000110,Kenneth Branagh,11971,ok,Much Ado About Nothing,1993-05-07,en,3.2773,11000000,22600000,Released,6.952,805,Renaissance Films,United Kingdom
500,500,Mrs. Doubtfire (1993),Comedy|Drama,1993.0,107614,788,tt0107614,movie,0.0,1993.0,125.0,"Comedy,Drama,Family",7.1,315758.0,nm0001060,Chris Columbus,788,ok,Mrs. Doubtfire,1993-11-24,en,9.6839,25000000,441286195,Released,7.196,6586,20th Century Fox,United States of America
508,508,Philadelphia (1993),Drama,1993.0,107818,9800,tt0107818,movie,0.0,1993.0,125.0,Drama,7.7,273818.0,nm0001129,Jonathan Demme,9800,ok,Philadelphia,1993-12-22,en,4.3615,26000000,206678440,Released,7.715,4609,TriStar Pictures,United States of America
509,509,"Piano, The (1993)",Drama|Romance,1993.0,107822,713,tt0107822,movie,0.0,1993.0,121.0,"Drama,Music,Romance",7.5,101237.0,nm0001005,Jane Campion,713,ok,The Piano,1993-05-18,en,4.1728,7000000,40200000,Released,7.38,1636,CiBy 2000,Australia
515,515,"Remains of the Day, The (1993)",Drama|Romance,1993.0,107943,1245,tt0107943,movie,0.0,1993.0,134.0,"Drama,Romance",7.8,92842.0,nm0412465,James Ivory,1245,ok,The Remains of the Day,1993-11-05,en,3.3994,11500000,23240144,Released,7.362,1493,Columbia Pictures,United Kingdom
519,519,RoboCop 3 (1993),Action|Crime|Drama|Sci-Fi|Thriller,1993.0,107978,5550,tt0107978,movie,0.0,1993.0,104.0,"Action,Crime,Sci-Fi",4.2,58289.0,nm0215269,Fred Dekker,5550,ok,RoboCop 3,1993-01-21,en,4.801,22000000,10696210,Released,4.909,1438,Orion Pictures,United States of America
520,520,Robin Hood: Men in Tights (1993),Comedy,1993.0,107977,8005,tt0107977,movie,0.0,1993.0,104.0,"Adventure,Comedy,Musical",6.7,145781.0,nm0000316,Mel Brooks,8005,ok,Robin Hood: Men in Tights,1993-07-28,en,5.4981,20000000,35739755,Released,6.589,2264,Gaumont,United States of America
524,524,Rudy (1993),Drama,1993.0,108002,14534,tt0108002,movie,0.0,1993.0,114.0,"Biography,Drama,Sport",7.5,74486.0,nm0000770,David Anspaugh,14534,ok,Rudy,1993-09-17,en,3.9297,12000000,22800000,Released,7.34,748,TriStar Pictures,United States of America
527,527,Schindler's List (1993),Drama|War,1993.0,108052,424,tt0108052,movie,0.0,1993.0,195.0,"Biography,Drama,History",9.0,1584284.0,nm0000229,Steven Spielberg,424,ok,Schindler's List,1993-12-15,en,27.601,22000000,321365567,Released,8.568,17379,Amblin Entertainment,United States of America
529,529,Searching for Bobby Fischer (1993),Drama,1993.0,108065,14291,tt0108065,movie,0.0,1993.0,109.0,"Biography,Drama,Sport",7.3,45920.0,nm0001873,Steven Zaillian,14291,ok,Searching for Bobby Fischer,1993-08-13,en,7.4758,12000000,7266383,Released,7.064,635,Mirage Enterprises,United States of America
531,531,"Secret Garden, The (1993)",Children|Drama,1993.0,108071,11236,tt0108071,movie,0.0,1993.0,101.0,"Drama,Family,Fantasy",7.3,48386.0,nm0002140,Agnieszka Holland,11236,ok,The Secret Garden,1993-08-13,en,3.6758,18000000,40000000,Released,7.427,971,Warner Bros. Pictures,United States of America
539,539,Sleepless in Seattle (1993),Comedy|Drama|Romance,1993.0,108160,858,tt0108160,movie,0.0,1993.0,105.0,"Comedy,Drama,Romance",6.8,207190.0,nm0001188,Nora Ephron,858,ok,Sleepless in Seattle,1993-06-24,en,4.3749,21000000,227799884,Released,6.74,2567,TriStar Pictures,United States of America
541,541,Blade Runner (1982),Action|Sci-Fi|Thriller,1982.0,83658,78,tt0083658,movie,0.0,1982.0,117.0,"Action,Drama,Sci-Fi",8.1,881563.0,nm0000631,Ridley Scott,78,ok,Blade Runner,1982-06-25,en,14.4172,28000000,41722424,Released,7.938,14910,Shaw Brothers,United States of America
543,543,So I Married an Axe Murderer (1993),Comedy|Romance|Thriller,1993.0,108174,10442,tt0108174,movie,0.0,1993.0,93.0,"Comedy,Romance",6.5,45879.0,nm0772095,Thomas Schlamme,10442,ok,So I Married an Axe Murderer,1993-07-30,en,2.755,20000000,11585483,Released,6.114,474,TriStar Pictures,United States of America
546,546,Super Mario Bros. (1993),Action|Adventure|Children|Comedy|Fantasy|Sci-Fi,1993.0,108255,9607,tt0108255,movie,0.0,1993.0,104.0,"Adventure,Comedy,Family",4.2,68169.0,nm0417708,Annabel Jankel,9607,ok,Super Mario Bros.,1993-05-28,en,5.594,48000000,20929518,Released,4.5,1441,Hollywood Pictures,United Kingdom
551,551,"Nightmare Before Christmas, The (1993)",Animation|Children|Fantasy|Musical,1993.0,107688,9479,tt0107688,movie,0.0,1993.0,76.0,"Adventure,Animation,Family",7.9,411183.0,nm0783139,Henry Selick,9479,ok,The Nightmare Before Christmas,1993-10-09,en,9.6846,18000000,75634409,Released,7.83,10287,Touchstone Pictures,United States of America
552,552,"Three Musketeers, The (1993)",Action|Adventure|Comedy|Romance,1993.0,108333,10057,tt0108333,movie,0.0,1993.0,105.0,"Action,Adventure,Romance",6.4,63997.0,nm0378893,Stephen Herek,10057,ok,The Three Musketeers,1993-11-11,en,4.7462,30000000,111898845,Released,6.398,1053,Walt Disney Pictures,United States of America
553,553,Tombstone (1993),Action|Drama|Western,1993.0,108358,11969,tt0108358,movie,0.0,1993.0,130.0,"Biography,Drama,History",7.8,191698.0,nm0181902,George P. Cosmatos,11969,ok,Tombstone,1993-12-25,en,8.1191,25000000,73205065,Released,7.6,2432,Cinergi Pictures,United States of America
555,555,True Romance (1993),Crime|Thriller,1993.0,108399,319,tt0108399,movie,0.0,1993.0,119.0,"Crime,Drama,Romance",7.9,260831.0,nm0001716,Tony Scott,319,ok,True Romance,1993-09-09,en,6.3608,12500000,12600000,Released,7.536,3036,Morgan Creek Entertainment,United States of America
562,562,Welcome to the Dollhouse (1995),Comedy|Drama,1995.0,114906,11446,tt0114906,movie,0.0,1995.0,88.0,"Comedy,Drama",7.3,40434.0,nm0001754,Todd Solondz,11446,ok,Welcome to the Dollhouse,1996-03-22,en,2.1175,800000,5034794,Released,7.078,500,Suburban Pictures,United States of America
585,585,"Brady Bunch Movie, The (1995)",Comedy,1995.0,112572,9066,tt0112572,movie,0.0,1995.0,90.0,Comedy,6.2,26206.0,nm0858525,Betty Thomas,9066,ok,The Brady Bunch Movie,1995-02-16,en,2.4374,12000000,46576136,Released,6.109,313,Paramount Pictures,United States of America
586,586,Home Alone (1990),Children|Comedy,1990.0,99785,771,tt0099785,movie,0.0,1990.0,103.0,"Comedy,Family",7.8,743867.0,nm0001060,Chris Columbus,771,ok,Home Alone,1990-11-16,en,0.8496,18000000,476684675,Released,7.464,12449,Hughes Entertainment,United States of America
587,587,Ghost (1990),Comedy|Drama|Fantasy|Romance|Thriller,1990.0,99653,251,tt0099653,movie,0.0,1990.0,126.0,"Drama,Fantasy,Romance",7.1,256543.0,nm0958387,Jerry Zucker,251,ok,Ghost,1990-07-13,en,10.4004,22000000,505000000,Released,7.233,5990,Paramount Pictures,United States of America
588,588,Aladdin (1992),Adventure|Animation|Children|Comedy|Musical,1992.0,103639,812,tt0103639,movie,0.0,1992.0,90.0,"Adventure,Animation,Comedy",8.0,500290.0,nm0166256,Ron Clements,812,ok,Aladdin,1992-11-25,en,18.0627,28000000,504050219,Released,7.654,11969,Walt Disney Feature Animation,United States of America
589,589,Terminator 2: Judgment Day (1991),Action|Sci-Fi,1991.0,103064,280,tt0103064,movie,0.0,1991.0,137.0,"Action,Adventure,Sci-Fi",8.6,1283125.0,nm0000116,James Cameron,280,ok,Terminator 2: Judgment Day,1991-07-03,en,23.8263,102000000,517778573,Released,8.145,14178,Carolco Pictures,France
590,590,Dances with Wolves (1990),Adventure|Drama|Western,1990.0,99348,581,tt0099348,movie,0.0,1990.0,181.0,"Adventure,Drama,Western",8.0,310127.0,nm0000126,Kevin Costner,581,ok,Dances with Wolves,1990-03-30,en,12.3386,22000000,424208848,Released,7.838,4660,Tig Productions,United Kingdom
592,592,Batman (1989),Action|Crime|Thriller,1989.0,96895,268,tt0096895,movie,0.0,1989.0,126.0,"Action,Adventure",7.5,432084.0,nm0000318,Tim Burton,268,ok,Batman,1989-06-21,en,9.0701,35000000,411348924,Released,7.231,8522,Warner Bros. Pictures,United States of America
593,593,"Silence of the Lambs, The (1991)",Crime|Horror|Thriller,1991.0,102926,274,tt0102926,movie,0.0,1991.0,118.0,"Crime,Drama,Horror",8.6,1721619.0,nm0001129,Jonathan Demme,274,ok,The Silence of the Lambs,1991-02-14,en,5.3193,19000000,272742922,Released,8.345,17887,Orion Pictures,United States of America
594,594,Snow White and the Seven Dwarfs (1937),Animation|Children|Drama|Fantasy|Musical,1937.0,29583,408,tt0029583,movie,0.0,1937.0,83.0,"Adventure,Animation,Family",7.6,238811.0,nm0183183,William Cottrell,408,ok,Snow White and the Seven Dwarfs,1938-01-14,en,10.2313,1488423,184925486,Released,7.123,7961,Walt Disney Productions,United States of America
595,595,Beauty and the Beast (1991),Animation|Children|Fantasy|Musical|Romance|IMAX,1991.0,101414,10020,tt0101414,movie,0.0,1991.0,84.0,"Animation,Family,Fantasy",8.0,505211.0,nm0873779,Gary Trousdale,10020,ok,Beauty and the Beast,1991-10-22,en,12.4111,25000000,424967620,Released,7.726,10625,Silver Screen Partners IV,United States of America
596,596,Pinocchio (1940),Animation|Children|Fantasy|Musical,1940.0,32910,10895,tt0032910,movie,0.0,1940.0,88.0,"Adventure,Animation,Comedy",7.5,172438.0,nm0272568,Norman Ferguson,10895,ok,Pinocchio,1940-02-23,en,10.5975,2600000,164000000,Released,7.108,6223,Walt Disney Productions,United States of America
597,597,Pretty Woman (1990),Comedy|Romance,1990.0,100405,114,tt0100405,movie,0.0,1990.0,119.0,"Comedy,Romance",7.1,404758.0,nm0005190,Garry Marshall,114,ok,Pretty Woman,1990-03-23,en,9.7739,14000000,463406268,Released,7.4,8943,Touchstone Pictures,United States of America
608,608,Fargo (1996),Comedy|Crime|Drama|Thriller,1996.0,116282,275,tt0116282,movie,0.0,1996.0,98.0,"Crime,Drama,Thriller",8.1,787276.0,nm0001054,Joel Coen,275,ok,Fargo,1996-03-08,en,8.037,7000000,60611975,Released,7.8,9041,PolyGram Filmed Entertainment,United Kingdom
610,610,Heavy Metal (1981),Action|Adventure|Animation|Horror|Sci-Fi,1981.0,82509,11827,tt0082509,movie,0.0,1981.0,86.0,"Adventure,Animation,Fantasy",6.6,41591.0,nm0693376,Gerald Potterton,11827,ok,Heavy Metal,1981-08-07,en,3.0366,9300000,20118654,Released,6.511,776,Canadian Film Development Corporation,Canada
616,616,"Aristocats, The (1970)",Animation|Children,1970.0,65421,10112,tt0065421,movie,0.0,1970.0,78.0,"Adventure,Animation,Comedy",7.1,125052.0,nm0718627,Wolfgang Reitherman,10112,ok,The Aristocats,1970-12-24,en,9.123,4000000,191000000,Released,7.3,5344,Walt Disney Productions,United States of America
628,628,Primal Fear (1996),Crime|Drama|Mystery|Thriller,1996.0,117381,1592,tt0117381,movie,0.0,1996.0,129.0,"Crime,Drama,Mystery",7.7,284210.0,nm0387706,Gregory Hoblit,1592,ok,Primal Fear,1996-04-03,en,9.421,30000000,102616183,Released,7.7,3881,Paramount Pictures,United States of America
637,637,Sgt. Bilko (1996),Comedy,1996.0,117608,9099,tt0117608,movie,0.0,1996.0,94.0,Comedy,5.9,25137.0,nm0528718,Jonathan Lynn,9099,ok,Sgt. Bilko,1996-03-29,en,2.4717,39000000,37956793,Released,5.897,392,Imagine Entertainment,United States of America
647,647,Courage Under Fire (1996),Action|Crime|Drama|War,1996.0,115956,10684,tt0115956,movie,0.0,1996.0,116.0,"Action,Drama,Mystery",6.6,63592.0,nm0001880,Edward Zwick,10684,ok,Courage Under Fire,1996-07-04,en,3.0386,46000000,100900000,Released,6.544,1038,Davis Entertainment,United States of America
648,648,Mission: Impossible (1996),Action|Adventure|Mystery|Thriller,1996.0,117060,954,tt0117060,movie,0.0,1996.0,110.0,"Action,Adventure,Thriller",7.2,517429.0,nm0000361,Brian De Palma,954,ok,Mission: Impossible,1996-05-22,en,11.397,80000000,457696391,Released,7.024,9929,Paramount Pictures,United States of America
653,653,Dragonheart (1996),Action|Adventure|Fantasy,1996.0,116136,8840,tt0116136,movie,0.0,1996.0,103.0,"Action,Adventure,Fantasy",6.4,105812.0,nm0003418,Rob Cohen,8840,ok,DragonHeart,1996-05-31,en,3.4895,57000000,115267375,Released,6.55,2136,Universal Pictures,United States of America
661,661,James and the Giant Peach (1996),Adventure|Animation|Children|Fantasy|Musical,1996.0,116683,10539,tt0116683,movie,0.0,1996.0,79.0,"Adventure,Animation,Family",6.7,78608.0,nm0783139,Henry Selick,10539,ok,James and the Giant Peach,1996-04-12,en,3.4211,38000000,28946127,Released,6.591,1423,Allied Filmmakers,United States of America
671,671,Mystery Science Theater 3000: The Movie (1996),Comedy|Sci-Fi,1996.0,117128,3065,tt0117128,movie,0.0,1996.0,73.0,"Comedy,Drama,Fantasy",7.1,19330.0,nm0540075,Jim Mallon,3065,ok,Mystery Science Theater 3000: The Movie,1996-04-19,en,0.9486,5000000,1007306,Released,6.533,228,Gramercy Pictures,United States of America
673,673,Space Jam (1996),Adventure|Animation|Children|Comedy|Fantasy|Sci-Fi,1996.0,117705,2300,tt0117705,movie,0.0,1996.0,88.0,"Adventure,Animation,Comedy",6.5,229946.0,nm0701592,Joe Pytka,2300,ok,Space Jam,1996-11-15,en,6.9118,80000000,250200000,Released,6.808,6384,Warner Bros. Family Entertainment,United States of America
707,707,Mulholland Falls (1996),Crime|Drama|Thriller,1996.0,117107,10990,tt0117107,movie,0.0,1996.0,107.0,"Crime,Drama,Mystery",6.3,21157.0,nm0848414,Lee Tamahori,10990,ok,Mulholland Falls,1996-04-26,en,2.8554,29000000,11500000,Released,6.008,324,Metro-Goldwyn-Mayer,United States of America
708,708,"Truth About Cats & Dogs, The (1996)",Comedy|Romance,1996.0,117979,8866,tt0117979,movie,0.0,1996.0,97.0,"Comedy,Romance",6.3,30228.0,nm0499724,Michael Lehmann,8866,ok,The Truth About Cats & Dogs,1996-04-26,en,1.8859,0,3407,Released,6.082,343,Noon Attack Pictures,United States of America
719,719,Multiplicity (1996),Comedy,1996.0,117108,9304,tt0117108,movie,0.0,1996.0,117.0,"Comedy,Romance,Sci-Fi",6.2,37156.0,nm0000601,Harold Ramis,9304,ok,Multiplicity,1996-07-19,en,3.0549,45000000,21075014,Released,5.822,598,Columbia Pictures,United States of America
720,720,Wallace & Gromit: The Best of Aardman Animation (1996),Adventure|Animation|Comedy,1996.0,118114,503475,tt0118114,,,,,,,,,,503475,ok,Wallace & Gromit: The Best of Aardman Animation,1996-06-14,en,0.4084,0,0,Released,7.6,5,Northern Arts Entertainment,United Kingdom
724,724,"Craft, The (1996)",Drama|Fantasy|Horror|Thriller,1996.0,115963,9100,tt0115963,movie,0.0,1996.0,101.0,"Drama,Fantasy,Horror",6.5,120177.0,nm0281598,Andrew Fleming,9100,ok,The Craft,1996-05-03,en,7.1354,15000000,24800000,Released,6.773,2035,Columbia Pictures,United States of America
733,733,"Rock, The (1996)",Action|Adventure|Thriller,1996.0,117500,9802,tt0117500,movie,0.0,1996.0,136.0,"Action,Adventure,Thriller",7.4,380072.0,nm0000881,Michael Bay,9802,ok,The Rock,1996-06-07,en,8.8915,75000000,335062621,Released,7.143,5165,Don Simpson/Jerry Bruckheimer Films,United States of America
736,736,Twister (1996),Action|Adventure|Romance|Thriller,1996.0,117998,664,tt0117998,movie,0.0,1996.0,113.0,"Action,Adventure,Thriller",6.6,252001.0,nm0000957,Jan de Bont,664,ok,Twister,1996-05-10,en,7.6881,92000000,494471524,Released,6.6,3823,Warner Bros. Pictures,United States of America
737,737,Barb Wire (1996),Action|Sci-Fi,1996.0,115624,11867,tt0115624,movie,0.0,1996.0,98.0,"Action,Sci-Fi",3.6,33043.0,nm0389514,David Hogan,11867,ok,Barb Wire,1996-05-02,en,3.4154,9000000,3793614,Released,4.132,484,PolyGram Filmed Entertainment,United States of America
741,741,Ghost in the Shell (Kôkaku kidôtai) (1995),Animation|Sci-Fi,1995.0,113568,9323,tt0113568,movie,0.0,1995.0,83.0,"Action,Animation,Crime",7.9,173406.0,nm0651900,Mamoru Oshii,9323,ok,Ghost in the Shell,1995-11-18,ja,8.2417,3000000,10000000,Released,7.922,3852,Bandai Visual,Japan
743,743,Spy Hard (1996),Comedy,1996.0,117723,10535,tt0117723,movie,0.0,1996.0,81.0,"Action,Comedy",5.3,43005.0,nm0295007,Rick Friedberg,10535,ok,Spy Hard,1996-05-24,en,3.7355,18000000,26960191,Released,5.4,759,Hollywood Pictures,United States of America
745,745,Wallace & Gromit: A Close Shave (1995),Animation|Children|Comedy,1995.0,112691,532,tt0112691,,,,,,8.1,47885.0,nm0661910,Nick Park,532,ok,A Close Shave,1996-03-07,en,2.0689,0,4638,Released,7.58,924,Aardman,United Kingdom
748,748,"Arrival, The (1996)",Action|Sci-Fi|Thriller,1996.0,115571,10547,tt0115571,movie,0.0,1996.0,115.0,"Mystery,Sci-Fi,Thriller",6.2,41613.0,nm0878638,David Twohy,10547,ok,The Arrival,1996-05-31,en,3.3464,25000000,14063331,Released,6.028,826,Live Entertainment,Mexico
750,750,Dr. Strangelove or: How I Learned to Stop Worrying and Love the Bomb (1964),Comedy|War,1964.0,57012,935,tt0057012,movie,0.0,1964.0,95.0,"Comedy,War",8.3,551297.0,nm0000040,Stanley Kubrick,935,ok,Dr. Strangelove or: How I Learned to Stop Worrying and Love the Bomb,1964-01-29,en,5.5063,1800000,9500000,Released,8.122,6121,Hawk Films,United Kingdom
762,762,Striptease (1996),Comedy|Crime,1996.0,117765,9879,tt0117765,movie,0.0,1996.0,115.0,"Comedy,Crime,Drama",4.6,51530.0,nm0000921,Andrew Bergman,9879,ok,Striptease,1996-06-28,en,4.9245,50000000,113309743,Released,5.549,1171,Castle Rock Entertainment,United States of America
778,778,Trainspotting (1996),Comedy|Crime|Drama,1996.0,117951,627,tt0117951,movie,0.0,1996.0,93.0,"Crime,Drama",8.1,768719.0,nm0000965,Danny Boyle,627,ok,Trainspotting,1996-02-23,en,7.9647,4000000,71981823,Released,7.959,10352,Figment Films,United Kingdom
780,780,Independence Day (a.k.a. ID4) (1996),Action|Adventure|Sci-Fi|Thriller,1996.0,116629,602,tt0116629,movie,0.0,1996.0,145.0,"Action,Adventure,Sci-Fi",7.0,646505.0,nm0000386,Roland Emmerich,602,ok,Independence Day,1996-06-25,en,10.596,75000000,817400891,Released,6.904,10354,20th Century Fox,United States of America
783,783,"Hunchback of Notre Dame, The (1996)",Animation|Children|Drama|Musical|Romance,1996.0,116583,10545,tt0116583,movie,0.0,1996.0,91.0,"Animation,Drama,Family",7.0,184335.0,nm0873779,Gary Trousdale,10545,ok,The Hunchback of Notre Dame,1996-06-21,en,7.3998,100000000,325300000,Released,7.125,5337,Walt Disney Pictures,United States of America
784,784,"Cable Guy, The (1996)",Comedy|Thriller,1996.0,115798,9894,tt0115798,movie,0.0,1996.0,96.0,"Comedy,Drama,Thriller",6.1,189589.0,nm0001774,Ben Stiller,9894,ok,The Cable Guy,1996-06-10,en,5.1936,47000000,102825796,Released,5.995,2655,Columbia Pictures,United States of America
785,785,Kingpin (1996),Comedy,1996.0,116778,11543,tt0116778,movie,0.0,1996.0,114.0,"Comedy,Sport",6.9,96607.0,nm0125803,Bobby Farrelly,11543,ok,Kingpin,1996-07-04,en,3.0633,27000000,25023434,Released,6.541,973,Motion Picture Corporation of America,United States of America
786,786,Eraser (1996),Action|Drama|Thriller,1996.0,116213,9268,tt0116213,movie,0.0,1996.0,115.0,"Action,Crime,Thriller",6.2,124112.0,nm0751080,Chuck Russell,9268,ok,Eraser,1996-06-21,en,4.8676,100000000,242295562,Released,6.088,2010,Kopelson Entertainment,Canada
788,788,"Nutty Professor, The (1996)",Comedy|Fantasy|Romance|Sci-Fi,1996.0,117218,9327,tt0117218,movie,0.0,1996.0,95.0,"Comedy,Romance,Sci-Fi",5.7,130908.0,nm0001723,Tom Shadyac,9327,ok,The Nutty Professor,1996-06-28,en,4.2854,54000000,128769345,Released,5.64,3104,Universal Pictures,United States of America
799,799,"Frighteners, The (1996)",Comedy|Horror|Thriller,1996.0,116365,10779,tt0116365,movie,0.0,1996.0,110.0,"Comedy,Drama,Fantasy",7.1,102376.0,nm0001392,Peter Jackson,10779,ok,The Frighteners,1996-07-19,en,3.9684,30000000,29359216,Released,6.925,1715,WingNut Films,New Zealand
802,802,Phenomenon (1996),Drama|Romance,1996.0,117333,9294,tt0117333,movie,0.0,1996.0,123.0,"Drama,Fantasy,Romance",6.5,89237.0,nm0005509,Jon Turteltaub,9294,ok,Phenomenon,1996-07-05,en,4.2997,32000000,152000000,Released,6.48,1325,Touchstone Pictures,United States of America
805,805,"Time to Kill, A (1996)",Drama|Thriller,1996.0,117913,1645,tt0117913,movie,0.0,1996.0,149.0,"Crime,Drama,Thriller",7.5,206757.0,nm0001708,Joel Schumacher,1645,ok,A Time to Kill,1996-07-24,en,5.961,40000000,152266007,Released,7.391,2930,Regency Enterprises,United States of America
830,830,"First Wives Club, The (1996)",Comedy,1996.0,116313,2925,tt0116313,movie,0.0,1996.0,103.0,Comedy,6.5,60206.0,nm0933505,Hugh Wilson,2925,ok,The First Wives Club,1996-09-20,en,4.1503,26000000,116400000,Released,6.708,818,Scott Rudin Productions,United States of America
832,832,Ransom (1996),Crime|Thriller,1996.0,117438,3595,tt0117438,movie,0.0,1996.0,121.0,"Action,Crime,Drama",6.7,144156.0,nm0000165,Ron Howard,3595,ok,Ransom,1996-11-08,en,5.2252,80000000,309492681,Released,6.684,2067,Touchstone Pictures,United States of America
837,837,Matilda (1996),Children|Comedy|Fantasy,1996.0,117008,10830,tt0117008,movie,0.0,1996.0,98.0,"Comedy,Family,Fantasy",7.0,195493.0,nm0000362,Danny DeVito,10830,ok,Matilda,1996-08-02,en,13.2145,36000000,33500000,Released,7.174,4782,Jersey Films,United States of America
838,838,Emma (1996),Comedy|Drama|Romance,1996.0,116191,3573,tt0116191,movie,0.0,1996.0,120.0,"Comedy,Drama,Romance",6.6,44074.0,nm0569790,Douglas McGrath,3573,ok,Emma,1996-08-02,en,3.1071,6000000,22231658,Released,6.615,669,Miramax,United States of America
849,849,Escape from L.A. (1996),Action|Adventure|Sci-Fi|Thriller,1996.0,116225,10061,tt0116225,movie,0.0,1996.0,101.0,"Action,Adventure,Sci-Fi",5.7,85888.0,nm0000118,John Carpenter,10061,ok,Escape from L.A.,1996-08-09,en,4.9418,50000000,42277365,Released,5.877,1593,Paramount Pictures,United States of America
852,852,Tin Cup (1996),Comedy|Drama|Romance,1996.0,117918,10478,tt0117918,movie,0.0,1996.0,135.0,"Comedy,Drama,Romance",6.4,56131.0,nm0005421,Ron Shelton,10478,ok,Tin Cup,1996-08-16,en,3.2606,45000000,53854588,Released,6.065,581,Regency Enterprises,United States of America
858,858,"Godfather, The (1972)",Crime|Drama,1972.0,68646,238,tt0068646,movie,0.0,1972.0,175.0,"Crime,Drama",9.2,2224163.0,nm0000338,Francis Ford Coppola,238,ok,The Godfather,1972-03-14,en,39.9109,6000000,245066411,Released,8.686,22833,Paramount Pictures,United States of America
866,866,Bound (1996),Crime|Drama|Romance|Thriller,1996.0,115736,9303,tt0115736,movie,0.0,1996.0,109.0,"Crime,Thriller",7.3,67072.0,nm0905154,Lana Wachowski,9303,ok,Bound,1996-09-13,en,7.7381,4500000,7011317,Released,7.219,1076,The De Laurentiis Company,United States of America
880,880,"Island of Dr. Moreau, The (1996)",Sci-Fi|Thriller,1996.0,116654,9306,tt0116654,movie,0.0,1996.0,96.0,"Horror,Sci-Fi,Thriller",4.6,38134.0,nm0001239,John Frankenheimer,9306,ok,The Island of Dr. Moreau,1996-08-23,en,2.8413,40000000,49627779,Released,4.904,560,New Line Cinema,United States of America
898,898,"Philadelphia Story, The (1940)",Comedy|Drama|Romance,1940.0,32904,981,tt0032904,movie,0.0,1940.0,112.0,"Comedy,Romance",7.8,78550.0,nm0002030,George Cukor,981,ok,The Philadelphia Story,1940-12-05,en,2.9399,914000,3300000,Released,7.586,972,Metro-Goldwyn-Mayer,United States of America
899,899,Singin' in the Rain (1952),Comedy|Musical|Romance,1952.0,45152,872,tt0045152,movie,0.0,1952.0,103.0,"Comedy,Musical,Romance",8.3,282406.0,nm0002045,Stanley Donen,872,ok,Singin' in the Rain,1952-04-10,en,6.5742,2540800,7200000,Released,8.133,3485,Metro-Goldwyn-Mayer,United States of America
902,902,Breakfast at Tiffany's (1961),Drama|Romance,1961.0,54698,164,tt0054698,movie,0.0,1961.0,115.0,"Comedy,Drama,Romance",7.5,204356.0,nm0001175,Blake Edwards,164,ok,Breakfast at Tiffany's,1961-10-06,en,6.1085,2500000,9500000,Released,7.624,4463,Paramount Pictures,United States of America
903,903,Vertigo (1958),Drama|Mystery|Romance|Thriller,1958.0,52357,426,tt0052357,movie,0.0,1958.0,128.0,"Mystery,Romance,Thriller",8.2,459159.0,nm0000033,Alfred Hitchcock,426,ok,Vertigo,1958-05-09,en,7.2073,2479000,7808900,Released,8.145,6300,Paramount Pictures,United States of America
904,904,Rear Window (1954),Mystery|Thriller,1954.0,47396,567,tt0047396,movie,0.0,1954.0,112.0,"Drama,Mystery,Thriller",8.4,568951.0,nm0000033,Alfred Hitchcock,567,ok,Rear Window,1954-08-01,en,9.5116,1000000,37042336,Released,8.339,7123,Alfred J. Hitchcock Productions,United States of America
908,908,North by Northwest (1959),Action|Adventure|Mystery|Romance|Thriller,1959.0,53125,213,tt0053125,movie,0.0,1959.0,136.0,"Adventure,Drama,Mystery",8.3,369609.0,nm0000033,Alfred Hitchcock,213,ok,North by Northwest,1959-08-06,en,4.7589,4000000,13275000,Released,7.966,4492,Metro-Goldwyn-Mayer,United States of America
909,909,"Apartment, The (1960)",Comedy|Drama|Romance,1960.0,53604,284,tt0053604,movie,0.0,1960.0,125.0,"Comedy,Drama,Romance",8.3,219186.0,nm0000697,Billy Wilder,284,ok,The Apartment,1960-06-21,en,6.0661,3000000,25000000,Released,8.189,2628,The Mirisch Company,United States of America
910,910,Some Like It Hot (1959),Comedy|Crime,1959.0,53291,239,tt0053291,movie,0.0,1959.0,121.0,"Comedy,Music,Romance",8.2,304760.0,nm0000697,Billy Wilder,239,ok,Some Like It Hot,1959-03-19,en,6.8254,2900000,25000000,Released,8.1,3852,The Mirisch Company,United States of America
912,912,Casablanca (1942),Drama|Romance,1942.0,34583,289,tt0034583,movie,0.0,1942.0,102.0,"Drama,Romance,War",8.5,655316.0,nm0002031,Michael Curtiz,289,ok,Casablanca,1943-01-15,en,7.964,878000,10462500,Released,8.142,6015,Warner Bros. Pictures,United States of America
913,913,"Maltese Falcon, The (1941)",Film-Noir|Mystery,1941.0,33870,963,tt0033870,movie,0.0,1941.0,100.0,"Crime,Drama,Film-Noir",7.9,174205.0,nm0001379,John Huston,963,ok,The Maltese Falcon,1941-10-18,en,3.9544,375000,1772000,Released,7.704,1867,Warner Bros. Pictures,United States of America
914,914,My Fair Lady (1964),Comedy|Drama|Musical|Romance,1964.0,58385,11113,tt0058385,movie,0.0,1964.0,170.0,"Drama,Musical,Romance",7.7,107715.0,nm0002030,George Cukor,11113,ok,My Fair Lady,1964-12-01,en,3.6238,17000000,72661442,Released,7.506,1420,Warner Bros. Pictures,United States of America
915,915,Sabrina (1954),Comedy|Romance,1954.0,47437,6620,tt0047437,movie,0.0,1954.0,113.0,"Comedy,Drama,Romance",7.6,75797.0,nm0000697,Billy Wilder,6620,ok,Sabrina,1954-09-01,en,4.9966,2239000,10000000,Released,7.514,1352,Paramount Pictures,United States of America
916,916,Roman Holiday (1953),Comedy|Drama|Romance,1953.0,46250,804,tt0046250,movie,0.0,1953.0,118.0,"Comedy,Drama,Romance",8.0,158495.0,nm0943758,William Wyler,804,ok,Roman Holiday,1953-08-26,en,6.3279,1500000,12000000,Released,7.891,2251,Paramount Pictures,United States of America
919,919,"Wizard of Oz, The (1939)",Adventure|Children|Fantasy|Musical,1939.0,32138,630,tt0032138,movie,0.0,1939.0,102.0,"Adventure,Family,Fantasy",8.1,467334.0,nm0281808,Victor Fleming,630,ok,The Wizard of Oz,1939-08-15,en,13.6176,2777000,33754967,Released,7.586,6087,Metro-Goldwyn-Mayer,United States of America
920,920,Gone with the Wind (1939),Drama|Romance|War,1939.0,31381,770,tt0031381,movie,0.0,1939.0,238.0,"Drama,Romance,War",8.2,356483.0,nm0281808,Victor Fleming,770,ok,Gone with the Wind,1939-12-15,en,10.3528,4000000,402352579,Released,7.9,4362,Selznick International Pictures,United States of America
922,922,Sunset Blvd. (a.k.a. Sunset Boulevard) (1950),Drama|Film-Noir|Romance,1950.0,43014,599,tt0043014,movie,0.0,1950.0,110.0,"Drama,Film-Noir",8.4,261054.0,nm0000697,Billy Wilder,599,ok,Sunset Boulevard,1950-08-10,en,9.5781,1752000,5000000,Released,8.28,2917,Paramount Pictures,United States of America
923,923,Citizen Kane (1941),Drama|Mystery,1941.0,33467,15,tt0033467,movie,0.0,1941.0,119.0,"Drama,Mystery",8.2,493574.0,nm0000080,Orson Welles,15,ok,Citizen Kane,1941-04-17,en,7.5326,839727,23218000,Released,7.977,6020,Mercury Productions,United States of America
924,924,2001: A Space Odyssey (1968),Adventure|Drama|Sci-Fi,1968.0,62622,62,tt0062622,movie,0.0,1968.0,149.0,"Adventure,Sci-Fi",8.3,783098.0,nm0000040,Stanley Kubrick,62,ok,2001: A Space Odyssey,1968-04-02,en,16.3482,12000000,71923560,Released,8.053,12520,Stanley Kubrick Productions,United Kingdom
926,926,All About Eve (1950),Drama,1950.0,42192,705,tt0042192,movie,0.0,1950.0,138.0,Drama,8.2,149218.0,nm0000581,Joseph L. Mankiewicz,705,ok,All About Eve,1950-11-09,en,3.6475,1400000,8402553,Released,8.1,1686,20th Century Fox,United States of America
930,930,Notorious (1946),Film-Noir|Romance|Thriller,1946.0,38787,303,tt0038787,movie,0.0,1946.0,102.0,"Drama,Film-Noir,Mystery",7.9,113831.0,nm0000033,Alfred Hitchcock,303,ok,Notorious,1946-08-21,en,3.3983,2000000,24500000,Released,7.7,1740,RKO Radio Pictures,United States of America
933,933,To Catch a Thief (1955),Crime|Mystery|Romance|Thriller,1955.0,48728,381,tt0048728,movie,0.0,1955.0,106.0,"Drama,Mystery,Romance",7.4,86691.0,nm0000033,Alfred Hitchcock,381,ok,To Catch a Thief,1955-08-03,en,3.7799,2500000,8750000,Released,7.268,1659,Paramount Pictures,United States of America
953,953,It's a Wonderful Life (1946),Children|Drama|Fantasy|Romance,1946.0,38650,1585,tt0038650,movie,0.0,1946.0,130.0,"Drama,Family,Fantasy",8.6,554488.0,nm0001008,Frank Capra,1585,ok,It's a Wonderful Life,1946-12-20,en,10.9691,3180000,9644124,Released,8.281,4869,Liberty Films,United States of America
968,968,Night of the Living Dead (1968),Horror|Sci-Fi|Thriller,1968.0,63350,10331,tt0063350,movie,0.0,1968.0,96.0,"Horror,Thriller",7.8,150842.0,nm0001681,George A. Romero,10331,ok,Night of the Living Dead,1968-10-04,en,4.1451,114000,30236452,Released,7.613,2709,Image Ten,United States of America
969,969,"African Queen, The (1951)",Adventure|Comedy|Romance|War,1951.0,43265,488,tt0043265,movie,0.0,1951.0,105.0,"Adventure,Drama,Romance",7.7,88838.0,nm0001379,John Huston,488,ok,The African Queen,1951-12-26,en,2.8479,1000000,10750000,Released,7.366,1051,Romulus Films,United Kingdom
1015,1015,Homeward Bound: The Incredible Journey (1993),Adventure|Children|Drama,1993.0,107131,6878,tt0107131,movie,0.0,1993.0,84.0,"Adventure,Comedy,Drama",7.0,55476.0,nm0242271,Duwayne Dunham,6878,ok,Homeward Bound: The Incredible Journey,1993-02-03,en,3.8021,24000000,57333324,Released,6.989,1112,Touchwood Pacific Partners 1,United States of America
1020,1020,Cool Runnings (1993),Comedy,1993.0,106611,864,tt0106611,movie,0.0,1993.0,98.0,"Adventure,Comedy,Family",7.0,123498.0,nm0005509,Jon Turteltaub,864,ok,Cool Runnings,1993-10-01,en,4.1235,14000000,154856263,Released,7.011,2273,Walt Disney Pictures,United States of America
1021,1021,Angels in the Outfield (1994),Children|Comedy,1994.0,109127,24795,tt0109127,movie,0.0,1994.0,102.0,"Comedy,Drama,Family",6.2,37711.0,nm0213100,William Dear,24795,ok,Angels in the Outfield,1994-07-15,en,2.6113,31000000,50236831,Released,6.0,474,Caravan Pictures,United States of America
1022,1022,Cinderella (1950),Animation|Children|Fantasy|Musical|Romance,1950.0,42332,11224,tt0042332,movie,0.0,1950.0,74.0,"Animation,Family,Fantasy",7.3,187094.0,nm0314671,Clyde Geronimi,11224,ok,Cinderella,1950-02-22,en,12.1366,2900000,263600000,Released,7.042,7123,Walt Disney Productions,United States of America
1025,1025,"Sword in the Stone, The (1963)",Animation|Children|Fantasy|Musical,1963.0,57546,9078,tt0057546,movie,0.0,1963.0,79.0,"Adventure,Animation,Comedy",7.1,114354.0,nm0718627,Wolfgang Reitherman,9078,ok,The Sword in the Stone,1963-12-25,en,4.626,3000000,22200000,Released,7.22,4084,Walt Disney Productions,United States of America
1027,1027,Robin Hood: Prince of Thieves (1991),Adventure|Drama,1991.0,102798,8367,tt0102798,movie,0.0,1991.0,143.0,"Action,Adventure,Drama",6.9,221896.0,nm0721817,Kevin Reynolds,8367,ok,Robin Hood: Prince of Thieves,1991-06-14,en,5.426,48000000,390493908,Released,6.856,3564,Morgan Creek Entertainment,United States of America
1028,1028,Mary Poppins (1964),Children|Comedy|Fantasy|Musical,1964.0,58331,433,tt0058331,movie,0.0,1964.0,139.0,"Comedy,Family,Fantasy",7.8,198629.0,nm0829038,Robert Stevenson,433,ok,Mary Poppins,1964-12-17,en,7.8672,4650000,103100000,Released,7.543,4987,Walt Disney Productions,United States of America
1029,1029,Dumbo (1941),Animation|Children|Drama|Musical,1941.0,33563,11360,tt0033563,movie,0.0,1941.0,64.0,"Adventure,Animation,Drama",7.2,151488.0,nm0035899,Samuel Armstrong,11360,ok,Dumbo,1941-10-31,en,6.4891,812000,1600000,Released,7.0,5270,Walt Disney Productions,United States of America
1031,1031,Bedknobs and Broomsticks (1971),Adventure|Children|Musical,1971.0,66817,12335,tt0066817,movie,0.0,1971.0,117.0,"Adventure,Animation,Comedy",7.1,43371.0,nm0453832,Ward Kimball,12335,ok,Bedknobs and Broomsticks,1971-10-07,en,3.5077,20000000,17900000,Released,7.031,1024,Walt Disney Productions,United States of America
1032,1032,Alice in Wonderland (1951),Adventure|Animation|Children|Fantasy|Musical,1951.0,43274,12092,tt0043274,movie,0.0,1951.0,75.0,"Adventure,Animation,Comedy",7.3,166508.0,nm0314671,Clyde Geronimi,12092,ok,Alice in Wonderland,1951-07-28,en,10.6481,3000000,57200000,Released,7.2,6248,Walt Disney Productions,United States of America
1033,1033,"Fox and the Hound, The (1981)",Animation|Children|Drama,1981.0,82406,10948,tt0082406,movie,0.0,1981.0,83.0,"Adventure,Animation,Drama",7.2,110237.0,nm0075859,Ted Berman,10948,ok,The Fox and the Hound,1981-07-10,en,5.7814,12000000,29800000,Released,7.137,3457,Walt Disney Productions,United States of America
1035,1035,"Sound of Music, The (1965)",Musical|Romance,1965.0,59742,15121,tt0059742,movie,0.0,1965.0,174.0,"Biography,Drama,Family",8.1,291576.0,nm0936404,Robert Wise,15121,ok,The Sound of Music,1965-03-29,en,8.9616,8200000,286214286,Released,7.732,3608,Robert Wise Productions,United States of America
1036,1036,Die Hard (1988),Action|Crime|Thriller,1988.0,95016,562,tt0095016,movie,0.0,1988.0,132.0,"Action,Thriller",8.2,1029568.0,nm0001532,John McTiernan,562,ok,Die Hard,1988-07-15,en,11.2392,28000000,140767956,Released,7.81,12209,Gordon Company,United States of America
1037,1037,"Lawnmower Man, The (1992)",Action|Horror|Sci-Fi|Thriller,1992.0,104692,10163,tt0104692,movie,0.0,1992.0,108.0,"Horror,Sci-Fi",5.5,42219.0,nm0502577,Brett Leonard,10163,ok,The Lawnmower Man,1992-03-05,en,2.6248,10000000,32100816,Released,5.6,837,Allied Vision,United States of America
1042,1042,That Thing You Do! (1996),Comedy|Drama,1996.0,117887,9591,tt0117887,movie,0.0,1996.0,108.0,"Comedy,Drama,Music",7.0,78234.0,nm0000158,Tom Hanks,9591,ok,That Thing You Do!,1996-10-04,en,3.0753,26000000,34585416,Released,6.873,914,Clinica Estetico,United States of America
1047,1047,"Long Kiss Goodnight, The (1996)",Action|Drama|Thriller,1996.0,116908,11412,tt0116908,movie,0.0,1996.0,121.0,"Action,Crime,Drama",6.8,92653.0,nm0001317,Renny Harlin,11412,ok,The Long Kiss Goodnight,1996-10-11,en,3.9644,65000000,89456761,Released,6.587,1333,The Steve Tisch Company,United States of America
1049,1049,"Ghost and the Darkness, The (1996)",Action|Adventure,1996.0,116409,10586,tt0116409,movie,0.0,1996.0,110.0,"Adventure,Drama,Thriller",6.8,70570.0,nm0394280,Stephen Hopkins,10586,ok,The Ghost and the Darkness,1996-10-11,en,3.5107,50000000,38619405,Released,6.822,1136,Paramount Pictures,Germany
1059,1059,William Shakespeare's Romeo + Juliet (1996),Drama|Romance,1996.0,117509,454,tt0117509,movie,0.0,1996.0,120.0,"Drama,Romance",6.7,260762.0,nm0525303,Baz Luhrmann,454,ok,Romeo + Juliet,1996-11-01,en,7.938,14500000,147298761,Released,6.779,5331,20th Century Fox,Australia
1060,1060,Swingers (1996),Comedy|Drama,1996.0,117802,10218,tt0117802,movie,0.0,1996.0,96.0,"Comedy,Drama",7.2,92357.0,nm0510731,Doug Liman,10218,ok,Swingers,1996-10-18,en,2.8542,200000,4505922,Released,6.861,803,Miramax,United States of America
1061,1061,Sleepers (1996),Thriller,1996.0,117665,819,tt0117665,movie,0.0,1996.0,147.0,"Crime,Drama,Thriller",7.5,251738.0,nm0001469,Barry Levinson,819,ok,Sleepers,1996-10-18,en,8.2638,44000000,165600000,Released,7.603,3832,Propaganda Films,United States of America
1073,1073,Willy Wonka & the Chocolate Factory (1971),Children|Comedy|Fantasy|Musical,1971.0,67992,252,tt0067992,movie,0.0,1971.0,100.0,"Adventure,Comedy,Family",7.8,245111.0,nm0835799,Mel Stuart,252,ok,Willy Wonka & the Chocolate Factory,1971-06-29,en,6.5521,3000000,4000000,Released,7.482,3931,Wolper Pictures,United States of America
1077,1077,Sleeper (1973),Comedy|Sci-Fi,1973.0,70707,11561,tt0070707,movie,0.0,1973.0,89.0,"Comedy,Sci-Fi",7.1,46619.0,nm0000095,Woody Allen,11561,ok,Sleeper,1973-12-17,en,2.5299,2000000,18344729,Released,6.874,839,United Artists,United States of America
1079,1079,"Fish Called Wanda, A (1988)",Comedy|Crime,1988.0,95159,623,tt0095159,movie,0.0,1988.0,108.0,"Comedy,Crime",7.5,165516.0,nm0187769,Charles Crichton,623,ok,A Fish Called Wanda,1988-07-15,en,4.0543,7500000,188593712,Released,7.205,2411,Prominent Features,United Kingdom
1080,1080,Monty Python's Life of Brian (1979),Comedy,1979.0,79470,583,tt0079470,movie,0.0,1979.0,94.0,Comedy,8.0,435113.0,nm0001402,Terry Jones,583,ok,Life of Brian,1979-08-17,en,4.8471,4000000,20833252,Released,7.76,4897,Handmade Films,United Kingdom
1084,1084,Bonnie and Clyde (1967),Crime|Drama,1967.0,61418,475,tt0061418,movie,0.0,1967.0,111.0,"Action,Biography,Crime",7.7,128085.0,nm0671957,Arthur Penn,475,ok,Bonnie and Clyde,1967-08-13,en,5.1492,2500000,70000000,Released,7.495,1781,Tatira-Hiller Productions,United States of America
1086,1086,Dial M for Murder (1954),Crime|Mystery|Thriller,1954.0,46912,521,tt0046912,movie,0.0,1954.0,105.0,"Crime,Drama,Mystery",8.1,204630.0,nm0000033,Alfred Hitchcock,521,ok,Dial M for Murder,1954-05-29,en,3.5445,1400000,3000000,Released,8.002,2841,Warner Bros. Pictures,United States of America
1088,1088,Dirty Dancing (1987),Drama|Musical|Romance,1987.0,92890,88,tt0092890,movie,0.0,1987.0,100.0,"Drama,Music,Romance",7.1,279837.0,nm0001915,Emile Ardolino,88,ok,Dirty Dancing,1987-08-21,en,8.3582,6000000,214577242,Released,7.326,6486,Great American Films Limited Partnership,United States of America
1089,1089,Reservoir Dogs (1992),Crime|Mystery|Thriller,1992.0,105236,500,tt0105236,movie,0.0,1992.0,99.0,"Crime,Thriller",8.3,1170078.0,nm0000233,Quentin Tarantino,500,ok,Reservoir Dogs,1992-09-02,en,12.4625,1200000,2859750,Released,8.114,15383,Live Entertainment,United States of America
1090,1090,Platoon (1986),Drama|War,1986.0,91763,792,tt0091763,movie,0.0,1986.0,120.0,"Drama,War",8.1,472478.0,nm0000231,Oliver Stone,792,ok,Platoon,1986-12-19,en,8.2402,6000000,138530565,Released,7.744,5070,Hemdale Film Corporation,United Kingdom
1091,1091,Weekend at Bernie's (1989),Comedy,1989.0,98627,8491,tt0098627,movie,0.0,1989.0,97.0,"Adventure,Comedy,Crime",6.4,68178.0,nm0467646,Ted Kotcheff,8491,ok,Weekend at Bernie's,1989-07-05,en,3.3135,6500000,30218387,Released,6.412,1126,Gladden Entertainment,United States of America
1092,1092,Basic Instinct (1992),Crime|Mystery|Thriller,1992.0,103772,402,tt0103772,movie,0.0,1992.0,127.0,"Drama,Mystery,Romance",7.1,243346.0,nm0000682,Paul Verhoeven,402,ok,Basic Instinct,1992-03-20,en,10.0117,49000000,352927224,Released,6.9,4345,Carolco Pictures,United States of America
1093,1093,"Doors, The (1991)",Drama,1991.0,101761,10537,tt0101761,movie,0.0,1991.0,140.0,"Biography,Drama,Music",7.2,107064.0,nm0000231,Oliver Stone,10537,ok,The Doors,1991-03-01,en,3.9194,38000000,34416893,Released,7.111,1588,Carolco Pictures,United States of America
1094,1094,"Crying Game, The (1992)",Drama|Romance|Thriller,1992.0,104036,11386,tt0104036,movie,0.0,1992.0,112.0,"Crime,Drama,Romance",7.2,63479.0,nm0001403,Neil Jordan,11386,ok,The Crying Game,1992-09-02,en,2.9858,3705538,62548947,Released,6.849,844,Palace Pictures,United Kingdom
1097,1097,E.T. the Extra-Terrestrial (1982),Children|Drama|Sci-Fi,1982.0,83866,601,tt0083866,movie,0.0,1982.0,115.0,"Adventure,Family,Sci-Fi",7.9,471629.0,nm0000229,Steven Spielberg,601,ok,E.T. the Extra-Terrestrial,1982-06-11,en,11.8418,10500000,797307407,Released,7.513,11951,Universal Pictures,United States of America
1101,1101,Top Gun (1986),Action|Romance,1986.0,92099,744,tt0092099,movie,0.0,1986.0,110.0,"Action,Drama",7.0,551107.0,nm0001716,Tony Scott,744,ok,Top Gun,1986-05-16,en,18.029,15000000,356830601,Released,7.061,9483,Paramount Pictures,United States of America
1104,1104,"Streetcar Named Desire, A (1951)",Drama,1951.0,44081,702,tt0044081,movie,0.0,1951.0,122.0,Drama,7.9,119968.0,nm0001415,Elia Kazan,702,ok,A Streetcar Named Desire,1951-09-18,en,3.4772,1800000,8000000,Released,7.619,1469,Charles K. Feldman Group,United States of America
1120,1120,"People vs. Larry Flynt, The (1996)",Comedy|Drama,1996.0,117318,1630,tt0117318,movie,0.0,1996.0,130.0,"Biography,Drama",7.3,105780.0,nm0001232,Miloš Forman,1630,ok,The People vs. Larry Flynt,1996-12-25,en,3.1388,36000000,20300385,Released,6.975,1244,Columbia Pictures,United States of America
1125,1125,"Return of the Pink Panther, The (1975)",Comedy|Crime,1975.0,72081,11843,tt0072081,movie,0.0,1975.0,113.0,"Comedy,Crime,Mystery",7.0,32362.0,nm0001175,Blake Edwards,11843,ok,The Return of the Pink Panther,1975-05-21,en,2.5912,5000000,41833347,Released,6.786,675,Jewel Productions,United Kingdom
1127,1127,"Abyss, The (1989)",Action|Adventure|Sci-Fi|Thriller,1989.0,96754,2756,tt0096754,movie,0.0,1989.0,140.0,"Adventure,Drama,Mystery",7.5,209345.0,nm0000116,James Cameron,2756,ok,The Abyss,1989-08-09,en,7.3174,43000000,90000098,Released,7.346,3403,20th Century Fox,United States of America
1129,1129,Escape from New York (1981),Action|Adventure|Sci-Fi|Thriller,1981.0,82340,1103,tt0082340,movie,0.0,1981.0,99.0,"Action,Adventure,Sci-Fi",7.1,172584.0,nm0000118,John Carpenter,1103,ok,Escape from New York,1981-05-23,en,5.1212,6000000,50244700,Released,7.048,3494,AVCO Embassy Pictures,United Kingdom
1136,1136,Monty Python and the Holy Grail (1975),Adventure|Comedy|Fantasy,1975.0,71853,762,tt0071853,movie,0.0,1975.0,91.0,"Adventure,Comedy,Fantasy",8.1,603432.0,nm0000416,Terry Gilliam,762,ok,Monty Python and the Holy Grail,1975-04-03,en,6.3571,400000,5763644,Released,7.804,6368,Python (Monty) Pictures,United Kingdom
1148,1148,Wallace & Gromit: The Wrong Trousers (1993),Animation|Children|Comedy|Crime,1993.0,108598,531,tt0108598,,,,,,8.3,63640.0,nm0661910,Nick Park,531,ok,The Wrong Trousers,1993-12-17,en,2.7993,832000,0,Released,7.8,1147,Aardman,United Kingdom
1172,1172,Cinema Paradiso (Nuovo cinema Paradiso) (1989),Drama,1989.0,95765,11216,tt0095765,movie,0.0,1988.0,174.0,"Drama,Romance",8.5,317360.0,nm0868153,Giuseppe Tornatore,11216,ok,Cinema Paradiso,1988-11-17,it,11.1017,5000000,35962062,Released,8.427,4806,Cristaldifilm,Italy
1175,1175,Delicatessen (1991),Comedy|Drama|Romance,1991.0,101700,892,tt0101700,movie,0.0,1991.0,99.0,"Comedy,Crime",7.5,94294.0,nm0001988,Marc Caro,892,ok,Delicatessen,1991-04-17,fr,2.3789,4000000,1794187,Released,7.315,1617,Constellation,France
1179,1179,"Grifters, The (1990)",Crime|Drama|Film-Noir,1990.0,99703,18129,tt0099703,movie,0.0,1990.0,110.0,"Crime,Drama,Thriller",6.8,33403.0,nm0001241,Stephen Frears,18129,ok,The Grifters,1990-08-08,en,2.3226,0,13446769,Released,6.505,468,Cineplex-Odeon Films,Canada
1183,1183,"English Patient, The (1996)",Drama|Romance|War,1996.0,116209,409,tt0116209,movie,0.0,1996.0,162.0,"Drama,Romance,War",7.4,213542.0,nm0005237,Anthony Minghella,409,ok,The English Patient,1996-11-14,en,4.7786,27000000,231976425,Released,7.148,2379,Miramax,United Kingdom
1186,1186,"Sex, Lies, and Videotape (1989)",Drama,1989.0,98724,1412,tt0098724,movie,0.0,1989.0,100.0,Drama,7.2,64480.0,nm0001752,Steven Soderbergh,1412,ok,"sex, lies, and videotape",1989-08-04,en,24.2163,1200000,24741667,Released,6.94,1024,Outlaw Productions,United States of America
1188,1188,Strictly Ballroom (1992),Comedy|Romance,1992.0,105488,10409,tt0105488,movie,0.0,1992.0,94.0,"Comedy,Drama,Music",7.2,30889.0,nm0525303,Baz Luhrmann,10409,ok,Strictly Ballroom,1992-08-20,en,1.5408,3000000,33946224,Released,6.571,375,Beyond Films,Australia
1193,1193,One Flew Over the Cuckoo's Nest (1975),Drama,1975.0,73486,510,tt0073486,movie,0.0,1975.0,133.0,Drama,8.6,1156510.0,nm0001232,Miloš Forman,510,ok,One Flew Over the Cuckoo's Nest,1975-11-19,en,13.1891,3000000,108981275,Released,8.412,11388,Fantasy Films,United States of America
1196,1196,Star Wars: Episode V - The Empire Strikes Back (1980),Action|Adventure|Sci-Fi,1980.0,80684,1891,tt0080684,movie,0.0,1980.0,124.0,"Action,Adventure,Fantasy",8.7,1503327.0,nm0449984,Irvin Kershner,1891,ok,The Empire Strikes Back,1980-05-20,en,12.9438,18000000,538400000,Released,8.4,18320,Lucasfilm Ltd.,United States of America
1197,1197,"Princess Bride, The (1987)",Action|Adventure|Comedy|Fantasy|Romance,1987.0,93779,2493,tt0093779,movie,0.0,1987.0,98.0,"Adventure,Comedy,Family",8.0,486166.0,nm0001661,Rob Reiner,2493,ok,The Princess Bride,1987-09-25,en,11.2704,16000000,30900000,Released,7.699,5065,The Princess Bride,United States of America
1198,1198,Raiders of the Lost Ark (Indiana Jones and the Raiders of the Lost Ark) (1981),Action|Adventure,1981.0,82971,85,tt0082971,movie,0.0,1981.0,115.0,"Action,Adventure",8.4,1109574.0,nm0000229,Steven Spielberg,85,ok,Raiders of the Lost Ark,1981-06-12,en,13.8961,18000000,389925971,Released,7.923,13572,Paramount Pictures,United States of America
1199,1199,Brazil (1985),Fantasy|Sci-Fi,1985.0,88846,68,tt0088846,movie,0.0,1985.0,132.0,"Drama,Sci-Fi,Thriller",7.8,222618.0,nm0000416,Terry Gilliam,68,ok,Brazil,1985-02-20,en,5.294,15000000,9953708,Released,7.667,3675,Embassy International Pictures,United Kingdom
1200,1200,Aliens (1986),Action|Adventure|Horror|Sci-Fi,1986.0,90605,679,tt0090605,movie,0.0,1986.0,137.0,"Action,Adventure,Horror",8.4,840199.0,nm0000116,James Cameron,679,ok,Aliens,1986-07-18,en,14.3866,18500000,183316455,Released,7.963,10778,SLM Production Group,United States of America
1201,1201,"Good, the Bad and the Ugly, The (Buono, il brutto, il cattivo, Il) (1966)",Action|Adventure|Western,1966.0,60196,429,tt0060196,movie,0.0,1966.0,178.0,"Adventure,Drama,Western",8.8,890808.0,nm0001466,Sergio Leone,429,ok,"The Good, the Bad and the Ugly",1966-12-23,it,21.7382,1200000,38900000,Released,8.468,9584,United Artists,United States of America
1203,1203,12 Angry Men (1957),Drama,1957.0,50083,389,tt0050083,movie,0.0,1957.0,96.0,"Crime,Drama",9.0,983171.0,nm0001486,Sidney Lumet,389,ok,12 Angry Men,1957-04-10,en,21.5875,397751,4360000,Released,8.56,9932,Orion-Nova Productions,United States of America
1204,1204,Lawrence of Arabia (1962),Adventure|Drama|War,1962.0,56172,947,tt0056172,movie,0.0,1962.0,227.0,"Adventure,Biography,Drama",8.3,341984.0,nm0000180,David Lean,947,ok,Lawrence of Arabia,1962-12-11,en,7.2337,15000000,70000000,Released,7.997,3397,Horizon Pictures,United Kingdom
1206,1206,"Clockwork Orange, A (1971)",Crime|Drama|Sci-Fi|Thriller,1971.0,66921,185,tt0066921,movie,0.0,1971.0,136.0,"Crime,Sci-Fi",8.2,936306.0,nm0000040,Stanley Kubrick,185,ok,A Clockwork Orange,1971-10-28,en,11.4908,2200000,27033812,Released,8.179,13771,Polaris Productions Limited,United Kingdom
1207,1207,To Kill a Mockingbird (1962),Drama,1962.0,56592,595,tt0056592,movie,0.0,1962.0,129.0,"Crime,Drama",8.2,351591.0,nm0612322,Robert Mulligan,595,ok,To Kill a Mockingbird,1962-12-20,en,5.8509,2000000,13129846,Released,7.997,2844,Pakula-Mulligan,United States of America
1208,1208,Apocalypse Now (1979),Action|Drama|War,1979.0,78788,28,tt0078788,movie,0.0,1979.0,147.0,"Drama,Mystery,War",8.4,769742.0,nm0000338,Francis Ford Coppola,28,ok,Apocalypse Now,1979-05-19,en,14.3458,31500000,150000000,Released,8.268,9034,American Zoetrope,United States of America
1210,1210,Star Wars: Episode VI - Return of the Jedi (1983),Action|Adventure|Sci-Fi,1983.0,86190,1892,tt0086190,movie,0.0,1983.0,131.0,"Action,Adventure,Fantasy",8.3,1208470.0,nm0549658,Richard Marquand,1892,ok,Return of the Jedi,1983-05-25,en,8.4374,32350000,572700000,Released,7.907,16854,Lucasfilm Ltd.,United States of America
1212,1212,"Third Man, The (1949)",Film-Noir|Mystery|Thriller,1949.0,41959,1092,tt0041959,movie,0.0,1949.0,104.0,"Drama,Film-Noir,Mystery",8.1,195416.0,nm0715346,Carol Reed,1092,ok,The Third Man,1949-08-31,en,3.5472,0,1226098,Released,7.902,2087,London Films Productions,United Kingdom
1213,1213,Goodfellas (1990),Crime|Drama,1990.0,99685,769,tt0099685,movie,0.0,1990.0,145.0,"Biography,Crime,Drama",8.7,1390198.0,nm0000217,Martin Scorsese,769,ok,GoodFellas,1990-09-12,en,27.8408,25000000,47072327,Released,8.453,14262,Winkler Films,United States of America
1214,1214,Alien (1979),Horror|Sci-Fi,1979.0,78748,348,tt0078748,movie,0.0,1979.0,117.0,"Horror,Sci-Fi",8.5,1063213.0,nm0000631,Ridley Scott,348,ok,Alien,1979-05-25,en,22.6232,11000000,104931801,Released,8.17,16264,Brandywine Productions,United States of America
1215,1215,Army of Darkness (1993),Action|Adventure|Comedy|Fantasy|Horror,1993.0,106308,766,tt0106308,movie,0.0,1992.0,81.0,"Comedy,Horror",7.4,208446.0,nm0000600,Sam Raimi,766,ok,Army of Darkness,1992-10-31,en,5.5267,11000000,21502976,Released,7.263,3494,Renaissance Pictures,United States of America
1219,1219,Psycho (1960),Crime|Horror,1960.0,54215,539,tt0054215,movie,0.0,1960.0,109.0,"Drama,Horror,Mystery",8.5,784736.0,nm0000033,Alfred Hitchcock,539,ok,Psycho,1960-06-22,en,16.7462,1999,2007,Released,8.414,10947,Shamley Productions,United States of America
1220,1220,"Blues Brothers, The (1980)",Action|Comedy|Musical,1980.0,80455,525,tt0080455,movie,0.0,1980.0,133.0,"Adventure,Comedy,Crime",7.9,229276.0,nm0000484,John Landis,525,ok,The Blues Brothers,1980-06-16,en,5.3537,27000000,115229890,Released,7.717,4547,Universal Pictures,United States of America
1221,1221,"Godfather: Part II, The (1974)",Crime|Drama,1974.0,71562,240,tt0071562,movie,0.0,1974.0,202.0,"Crime,Drama",9.0,1494076.0,nm0000338,Francis Ford Coppola,240,ok,The Godfather Part II,1974-12-20,en,25.4571,13000000,102600000,Released,8.571,13843,Paramount Pictures,United States of America
1222,1222,Full Metal Jacket (1987),Drama|War,1987.0,93058,600,tt0093058,movie,0.0,1987.0,116.0,"Drama,War",8.2,850675.0,nm0000040,Stanley Kubrick,600,ok,Full Metal Jacket,1987-06-26,en,10.9408,30000000,46357676,Released,8.119,11391,Natant,United Kingdom
1223,1223,"Grand Day Out with Wallace and Gromit, A (1989)",Adventure|Animation|Children|Comedy|Sci-Fi,1989.0,104361,530,tt0104361,,,,,,7.7,41511.0,nm0661910,Nick Park,530,ok,A Grand Day Out,1990-05-18,en,2.2555,17300,40118,Released,7.482,990,Aardman,United Kingdom
1225,1225,Amadeus (1984),Drama,1984.0,86879,279,tt0086879,movie,0.0,1984.0,160.0,"Biography,Drama,Music",8.4,467631.0,nm0001232,Miloš Forman,279,ok,Amadeus,1984-09-19,en,8.1719,18000000,90007557,Released,8.023,4732,The Saul Zaentz Company,United States of America
1228,1228,Raging Bull (1980),Drama,1980.0,81398,1578,tt0081398,movie,0.0,1980.0,129.0,"Biography,Drama,Sport",8.1,410959.0,nm0000217,Martin Scorsese,1578,ok,Raging Bull,1980-11-14,en,6.4426,18000000,23380203,Released,7.904,4735,United Artists,United States of America
1230,1230,Annie Hall (1977),Comedy|Romance,1977.0,75686,703,tt0075686,movie,0.0,1977.0,93.0,"Comedy,Romance",7.9,291036.0,nm0000095,Woody Allen,703,ok,Annie Hall,1977-04-19,en,4.9961,4000000,43989445,Released,7.734,4220,Jack Rollins & Charles H. Joffe Productions,United States of America
1231,1231,"Right Stuff, The (1983)",Drama,1983.0,86197,9549,tt0086197,movie,0.0,1983.0,193.0,"Adventure,Biography,Drama",7.8,69141.0,nm0442241,Philip Kaufman,9549,ok,The Right Stuff,1983-10-20,en,4.0757,27000000,21500000,Released,7.409,958,The Ladd Company,United States of America
1233,1233,"Boot, Das (Boat, The) (1981)",Action|Drama|War,1981.0,82096,387,tt0082096,movie,0.0,1981.0,149.0,"Drama,War",8.3,287797.0,nm0000583,Wolfgang Petersen,387,ok,Das Boot,1981-09-17,de,6.3337,14000000,85000000,Released,8.082,2492,Radiant Film,Germany
1234,1234,"Sting, The (1973)",Comedy|Crime,1973.0,70735,9277,tt0070735,movie,0.0,1973.0,129.0,"Comedy,Crime,Drama",8.2,301041.0,nm0001351,George Roy Hill,9277,ok,The Sting,1973-12-25,en,6.7372,5500000,159616327,Released,8.016,2953,Universal Pictures,United States of America
1235,1235,Harold and Maude (1971),Comedy|Drama|Romance,1971.0,67185,343,tt0067185,movie,0.0,1971.0,91.0,"Comedy,Drama,Romance",7.8,86242.0,nm0000797,Hal Ashby,343,ok,Harold and Maude,1971-12-20,en,2.5198,1200000,0,Released,7.601,1199,Paramount Pictures,United States of America
1240,1240,"Terminator, The (1984)",Action|Sci-Fi|Thriller,1984.0,88247,218,tt0088247,movie,0.0,1984.0,107.0,"Action,Adventure,Sci-Fi",8.1,1004040.0,nm0000116,James Cameron,218,ok,The Terminator,1984-10-26,en,18.3811,6400000,78371200,Released,7.679,14508,Hemdale,United Kingdom
1242,1242,Glory (1989),Drama|War,1989.0,97441,9665,tt0097441,movie,0.0,1989.0,122.0,"Biography,Drama,History",7.8,153895.0,nm0001880,Edward Zwick,9665,ok,Glory,1989-12-15,en,5.4967,18000000,26800000,Released,7.476,1797,Freddie Fields Productions,United States of America
1244,1244,Manhattan (1979),Comedy|Drama|Romance,1979.0,79522,696,tt0079522,movie,0.0,1979.0,96.0,"Comedy,Drama,Romance",7.8,153959.0,nm0000095,Woody Allen,696,ok,Manhattan,1979-04-25,en,3.0695,9000000,40194067,Released,7.719,2606,United Artists,United States of America
1245,1245,Miller's Crossing (1990),Crime|Drama|Film-Noir|Thriller,1990.0,100150,379,tt0100150,movie,0.0,1990.0,115.0,"Crime,Drama,Thriller",7.7,149310.0,nm0001054,Joel Coen,379,ok,Miller's Crossing,1990-09-21,en,3.8115,14000000,5080409,Released,7.452,1831,Circle Films,United States of America
1246,1246,Dead Poets Society (1989),Drama,1989.0,97165,207,tt0097165,movie,0.0,1989.0,128.0,"Comedy,Drama",8.1,651499.0,nm0001837,Peter Weir,207,ok,Dead Poets Society,1989-06-02,en,14.5139,16400000,235860116,Released,8.3,12524,A Steven Haft Production,United States of America
1247,1247,"Graduate, The (1967)",Comedy|Drama|Romance,1967.0,61722,37247,tt0061722,movie,0.0,1967.0,106.0,"Comedy,Drama,Romance",8.0,303021.0,nm0001566,Mike Nichols,37247,ok,The Graduate,1967-12-21,en,5.7967,3000000,104945305,Released,7.633,3655,AVCO Embassy Pictures,United States of America
1249,1249,"Femme Nikita, La (Nikita) (1990)",Action|Crime|Romance|Thriller,1990.0,100263,9322,tt0100263,movie,0.0,1990.0,117.0,"Action,Crime,Drama",7.2,81547.0,nm0000108,Luc Besson,9322,ok,Nikita,1990-02-21,fr,4.1975,6000000,5018604,Released,7.108,2145,Gaumont,France
1250,1250,"Bridge on the River Kwai, The (1957)",Adventure|Drama|War,1957.0,50212,826,tt0050212,movie,0.0,1957.0,161.0,"Adventure,Drama,War",8.1,248609.0,nm0000180,David Lean,826,ok,The Bridge on the River Kwai,1957-10-11,en,3.7332,2800000,44908000,Released,7.8,2358,Horizon Pictures,United Kingdom
1252,1252,Chinatown (1974),Crime|Film-Noir|Mystery|Thriller,1974.0,71315,829,tt0071315,movie,0.0,1974.0,130.0,"Drama,Mystery,Thriller",8.1,376950.0,nm0000591,Roman Polanski,829,ok,Chinatown,1974-06-20,en,6.3378,6000000,30000000,Released,7.91,4235,Paramount Pictures,United States of America
1253,1253,"Day the Earth Stood Still, The (1951)",Drama|Sci-Fi|Thriller,1951.0,43456,828,tt0043456,movie,0.0,1951.0,92.0,"Drama,Sci-Fi",7.7,89916.0,nm0936404,Robert Wise,828,ok,The Day the Earth Stood Still,1951-09-18,en,3.1378,995000,1850000,Released,7.461,1231,20th Century Fox,United States of America
1256,1256,Duck Soup (1933),Comedy|Musical|War,1933.0,23969,3063,tt0023969,movie,0.0,1933.0,69.0,"Comedy,Musical",7.7,65398.0,nm0564970,Leo McCarey,3063,ok,Duck Soup,1933-11-12,en,2.2158,0,0,Released,7.319,855,Paramount Pictures,United States of America
1257,1257,Better Off Dead... (1985),Comedy|Romance,1985.0,88794,13667,tt0088794,movie,0.0,1985.0,97.0,"Comedy,Romance",7.1,53781.0,nm0390822,Savage Steve Holland,13667,ok,Better Off Dead...,1985-08-23,en,2.5902,3500000,10297601,Released,6.582,547,A&M Films,United States of America
1258,1258,"Shining, The (1980)",Horror,1980.0,81505,694,tt0081505,movie,0.0,1980.0,146.0,"Drama,Horror",8.4,1224456.0,nm0000040,Stanley Kubrick,694,ok,The Shining,1980-05-23,en,13.7078,19000000,44781695,Released,8.2,18839,Warner Bros. Pictures,United Kingdom
1259,1259,Stand by Me (1986),Adventure|Drama,1986.0,92005,235,tt0092005,movie,0.0,1986.0,89.0,"Adventure,Drama",8.1,487586.0,nm0001661,Rob Reiner,235,ok,Stand by Me,1986-08-08,en,8.7924,8000000,52289686,Released,7.838,6481,Act III Productions,United States of America
1261,1261,Evil Dead II (Dead by Dawn) (1987),Action|Comedy|Fantasy|Horror,1987.0,92991,765,tt0092991,movie,0.0,1987.0,84.0,"Comedy,Horror",7.7,196168.0,nm0000600,Sam Raimi,765,ok,Evil Dead II,1987-03-13,en,6.2868,3500000,10900000,Released,7.544,3453,Rosebud Releasing Corporation,United States of America
1262,1262,"Great Escape, The (1963)",Action|Adventure|Drama|War,1963.0,57115,5925,tt0057115,movie,0.0,1963.0,172.0,"Adventure,Drama,Thriller",8.2,277630.0,nm0836328,John Sturges,5925,ok,The Great Escape,1963-07-03,en,6.4259,4000000,11700000,Released,7.926,2825,The Mirisch Company,United States of America
1263,1263,"Deer Hunter, The (1978)",Drama|War,1978.0,77416,11778,tt0077416,movie,0.0,1978.0,183.0,"Drama,War",8.1,386803.0,nm0001047,Michael Cimino,11778,ok,The Deer Hunter,1978-12-08,en,7.2894,15000000,49000000,Released,7.975,4213,Universal Pictures,United Kingdom
1265,1265,Groundhog Day (1993),Comedy|Fantasy|Romance,1993.0,107048,137,tt0107048,movie,0.0,1993.0,101.0,"Comedy,Drama,Fantasy",8.0,736897.0,nm0000601,Harold Ramis,137,ok,Groundhog Day,1993-02-11,en,7.8786,14600000,71108778,Released,7.628,8839,Columbia Pictures,United States of America
1266,1266,Unforgiven (1992),Drama|Western,1992.0,105695,33,tt0105695,movie,0.0,1992.0,130.0,"Drama,Western",8.2,468688.0,nm0000142,Clint Eastwood,33,ok,Unforgiven,1992-08-07,en,8.2005,14400000,159157447,Released,7.906,4919,Warner Bros. Pictures,United States of America
1267,1267,"Manchurian Candidate, The (1962)",Crime|Thriller|War,1962.0,56218,982,tt0056218,movie,0.0,1962.0,126.0,"Drama,Thriller",7.9,84681.0,nm0001239,John Frankenheimer,982,ok,The Manchurian Candidate,1962-10-24,en,3.2432,2200000,7700000,Released,7.514,802,MC Productions,United States of America
1269,1269,Arsenic and Old Lace (1944),Comedy|Mystery|Thriller,1944.0,36613,212,tt0036613,movie,0.0,1944.0,118.0,"Comedy,Crime,Thriller",7.9,78789.0,nm0001008,Frank Capra,212,ok,Arsenic and Old Lace,1944-09-01,en,2.529,1120175,0,Released,7.6,1037,Warner Bros. Pictures,United States of America
1270,1270,Back to the Future (1985),Adventure|Comedy|Sci-Fi,1985.0,88763,105,tt0088763,movie,0.0,1985.0,116.0,"Adventure,Comedy,Sci-Fi",8.5,1451745.0,nm0000709,Robert Zemeckis,105,ok,Back to the Future,1985-07-03,en,21.3315,19000000,381109762,Released,8.325,21691,Universal Pictures,United States of America
1271,1271,Fried Green Tomatoes (1991),Comedy|Crime|Drama,1991.0,101921,1633,tt0101921,movie,0.0,1991.0,130.0,Drama,7.7,91246.0,nm0000816,Jon Avnet,1633,ok,Fried Green Tomatoes,1991-12-27,en,5.5453,11000000,119418501,Released,7.7,1462,Universal Pictures,United States of America
1272,1272,Patton (1970),Drama|War,1970.0,66206,11202,tt0066206,movie,0.0,1970.0,172.0,"Biography,Drama,War",7.9,114420.0,nm0769874,Franklin J. Schaffner,11202,ok,Patton,1970-01-25,en,3.6284,12000000,89800000,Released,7.465,1207,20th Century Fox,United States of America
1274,1274,Akira (1988),Action|Adventure|Animation|Sci-Fi,1988.0,94625,149,tt0094625,movie,0.0,1988.0,124.0,"Action,Animation,Drama",8.0,226741.0,nm0960028,Katsuhiro Ôtomo,149,ok,Akira,1988-06-10,ja,10.1462,5700000,49000000,Released,7.9,4739,MBS,Japan
1275,1275,Highlander (1986),Action|Adventure|Fantasy,1986.0,91203,8009,tt0091203,movie,0.0,1986.0,110.0,"Action,Adventure,Fantasy",7.0,158727.0,nm0611683,Russell Mulcahy,8009,ok,Highlander,1986-03-07,en,8.7293,19000000,12900000,Released,6.862,2889,Davis-Panzer Productions,United Kingdom
1276,1276,Cool Hand Luke (1967),Drama,1967.0,61512,903,tt0061512,movie,0.0,1967.0,127.0,"Crime,Drama",8.0,197467.0,nm0742341,Stuart Rosenberg,903,ok,Cool Hand Luke,1967-11-01,en,6.6578,3200000,16217773,Released,7.743,1606,Warner Bros.-Seven Arts,United States of America
1278,1278,Young Frankenstein (1974),Comedy|Fantasy,1974.0,72431,3034,tt0072431,movie,0.0,1974.0,106.0,Comedy,8.0,181195.0,nm0000316,Mel Brooks,3034,ok,Young Frankenstein,1974-12-15,en,5.8312,2800000,86273333,Released,7.853,3377,Crossbow Productions,United States of America
1282,1282,Fantasia (1940),Animation|Children|Fantasy|Musical,1940.0,32455,756,tt0032455,movie,0.0,1940.0,124.0,"Animation,Family,Fantasy",7.7,111204.0,nm0019282,James Algar,756,ok,Fantasia,1940-11-13,en,4.8104,2280000,76411819,Released,7.34,3303,Walt Disney Productions,United States of America
1285,1285,Heathers (1989),Comedy,1989.0,97493,2640,tt0097493,movie,0.0,1989.0,103.0,"Comedy,Crime",7.1,127097.0,nm0499724,Michael Lehmann,2640,ok,Heathers,1989-03-31,en,4.439,3000000,1166207,Released,7.271,1858,New World Pictures,United States of America
1287,1287,Ben-Hur (1959),Action|Adventure|Drama,1959.0,52618,665,tt0052618,movie,0.0,1959.0,212.0,"Adventure,Drama",8.1,271986.0,nm0943758,William Wyler,665,ok,Ben-Hur,1959-11-18,en,10.0002,15000000,164000000,Released,7.885,3119,Metro-Goldwyn-Mayer,United States of America
1288,1288,This Is Spinal Tap (1984),Comedy,1984.0,88258,11031,tt0088258,movie,0.0,1984.0,82.0,"Comedy,Music",7.9,161143.0,nm0001661,Rob Reiner,11031,ok,This Is Spinal Tap,1984-03-02,en,3.0171,2500000,6051884,Released,7.418,1621,Spinal Tap Prod.,United States of America
1291,1291,Indiana Jones and the Last Crusade (1989),Action|Adventure,1989.0,97576,89,tt0097576,movie,0.0,1989.0,127.0,"Action,Adventure",8.2,863348.0,nm0000229,Steven Spielberg,89,ok,Indiana Jones and the Last Crusade,1989-05-24,en,8.87,48000000,474171806,Released,7.851,11011,Paramount Pictures,United States of America
1292,1292,Being There (1979),Comedy|Drama,1979.0,78841,10322,tt0078841,movie,0.0,1979.0,130.0,"Comedy,Drama",7.9,83052.0,nm0000797,Hal Ashby,10322,ok,Being There,1979-12-19,en,2.839,0,30177511,Released,7.593,1121,Northstar Media,United States of America
1293,1293,Gandhi (1982),Drama,1982.0,83987,783,tt0083987,movie,0.0,1982.0,191.0,"Biography,Drama,History",8.0,247273.0,nm0000277,Richard Attenborough,783,ok,Gandhi,1982-12-01,en,5.5358,22000000,77737889,Released,7.562,2495,Goldcrest,India
1297,1297,Real Genius (1985),Comedy,1985.0,89886,14370,tt0089886,movie,0.0,1985.0,108.0,"Comedy,Romance,Sci-Fi",6.9,41406.0,nm0004838,Martha Coolidge,14370,ok,Real Genius,1985-08-07,en,3.227,8000000,12952019,Released,6.649,494,Tri-Star-Delphi III Productions,United States of America
1298,1298,Pink Floyd: The Wall (1982),Drama|Musical,1982.0,84503,12104,tt0084503,movie,0.0,1982.0,95.0,"Drama,Fantasy,Music",8.0,89797.0,nm0000570,Alan Parker,12104,ok,Pink Floyd: The Wall,1982-07-14,en,3.4619,12000000,22244207,Released,7.93,1630,Goldcrest,United Kingdom
1299,1299,"Killing Fields, The (1984)",Drama|War,1984.0,87553,625,tt0087553,movie,0.0,1984.0,141.0,"Biography,Drama,History",7.8,63674.0,nm0423646,Roland Joffé,625,ok,The Killing Fields,1984-11-23,en,2.7683,14400000,34700291,Released,7.465,823,Goldcrest,United Kingdom
1302,1302,Field of Dreams (1989),Children|Drama|Fantasy,1989.0,97351,2323,tt0097351,movie,0.0,1989.0,107.0,"Drama,Family,Fantasy",7.5,138956.0,nm0004675,Phil Alden Robinson,2323,ok,Field of Dreams,1989-04-21,en,4.6393,15000000,84431625,Released,7.112,1657,Universal Pictures,United States of America
1304,1304,Butch Cassidy and the Sundance Kid (1969),Action|Western,1969.0,64115,642,tt0064115,movie,0.0,1969.0,110.0,"Adventure,Biography,Crime",8.0,239316.0,nm0001351,George Roy Hill,642,ok,Butch Cassidy and the Sundance Kid,1969-09-23,en,4.0879,6000000,102308889,Released,7.613,2447,Campanile Productions,United States of America
1307,1307,When Harry Met Sally... (1989),Comedy|Romance,1989.0,98635,639,tt0098635,movie,0.0,1989.0,95.0,"Comedy,Drama,Romance",7.7,272582.0,nm0001661,Rob Reiner,639,ok,When Harry Met Sally...,1989-07-12,en,6.2519,16000000,92823546,Released,7.403,4565,Castle Rock Entertainment,United States of America
1320,1320,Alien³ (a.k.a. Alien 3) (1992),Action|Horror|Sci-Fi|Thriller,1992.0,103644,8077,tt0103644,movie,0.0,1992.0,114.0,"Action,Horror,Sci-Fi",6.4,352243.0,nm0000399,David Fincher,8077,ok,Alien³,1992-05-22,en,7.1774,50000000,159773545,Released,6.4,6322,20th Century Fox,United States of America
1321,1321,"American Werewolf in London, An (1981)",Comedy|Horror|Thriller,1981.0,82010,814,tt0082010,movie,0.0,1981.0,97.0,"Comedy,Horror",7.5,134463.0,nm0000484,John Landis,814,ok,An American Werewolf in London,1981-08-21,en,4.3032,10000000,31973249,Released,7.395,2684,Lyncanthrope Films,United Kingdom
1333,1333,"Birds, The (1963)",Horror|Thriller,1963.0,56869,571,tt0056869,movie,0.0,1963.0,119.0,"Drama,Horror,Mystery",7.6,219995.0,nm0000033,Alfred Hitchcock,571,ok,The Birds,1963-03-28,en,4.4804,2500000,11500000,Released,7.515,4448,Alfred J. Hitchcock Productions,United States of America
1339,1339,Dracula (Bram Stoker's Dracula) (1992),Fantasy|Horror|Romance|Thriller,1992.0,103874,6114,tt0103874,movie,0.0,1992.0,128.0,"Fantasy,Horror,Romance",7.4,269085.0,nm0000338,Francis Ford Coppola,6114,ok,Bram Stoker's Dracula,1992-11-13,en,10.0791,40000000,215862692,Released,7.449,5730,American Zoetrope,United States of America
1343,1343,Cape Fear (1991),Thriller,1991.0,101540,1598,tt0101540,movie,0.0,1991.0,128.0,"Crime,Drama,Thriller",7.3,242807.0,nm0000217,Martin Scorsese,1598,ok,Cape Fear,1991-11-13,en,6.1462,35000000,182300000,Released,7.261,3833,Amblin Entertainment,United States of America
1345,1345,Carrie (1976),Drama|Fantasy|Horror|Thriller,1976.0,74285,7340,tt0074285,movie,0.0,1976.0,98.0,Horror,7.4,228362.0,nm0000361,Brian De Palma,7340,ok,Carrie,1976-11-03,en,6.6284,1800000,33800000,Released,7.332,4274,United Artists,United States of America
1347,1347,"Nightmare on Elm Street, A (1984)",Horror|Thriller,1984.0,87800,377,tt0087800,movie,0.0,1984.0,91.0,Horror,7.4,290776.0,nm0000127,Wes Craven,377,ok,A Nightmare on Elm Street,1984-11-09,en,10.1629,1800000,57004513,Released,7.345,5689,New Line Cinema,United States of America
1350,1350,"Omen, The (1976)",Horror|Mystery|Thriller,1976.0,75005,794,tt0075005,movie,0.0,1976.0,111.0,"Horror,Mystery",7.5,146120.0,nm0001149,Richard Donner,794,ok,The Omen,1976-06-25,en,4.9193,2800000,60922980,Released,7.4,2373,Mace Neufeld Productions,United States of America
1356,1356,Star Trek: First Contact (1996),Action|Adventure|Sci-Fi|Thriller,1996.0,117731,199,tt0117731,movie,0.0,1996.0,111.0,"Action,Adventure,Drama",7.6,137853.0,nm0000408,Jonathan Frakes,199,ok,Star Trek: First Contact,1996-11-22,en,3.9715,46000000,146027888,Released,7.297,1941,Paramount Pictures,United States of America
1357,1357,Shine (1996),Drama|Romance,1996.0,117631,7863,tt0117631,movie,0.0,1996.0,105.0,"Biography,Drama,Music",7.6,59003.0,nm0382956,Scott Hicks,7863,ok,Shine,1996-08-15,en,2.5569,5500000,35892330,Released,7.365,706,Fine Line Features,Australia
1358,1358,Sling Blade (1996),Drama,1996.0,117666,12498,tt0117666,movie,0.0,1996.0,135.0,Drama,8.0,105085.0,nm0000671,Billy Bob Thornton,12498,ok,Sling Blade,1996-08-30,en,3.0605,1200000,34100000,Released,7.544,859,Miramax,United States of America
1367,1367,101 Dalmatians (1996),Adventure|Children|Comedy,1996.0,115433,11674,tt0115433,movie,0.0,1996.0,103.0,"Adventure,Comedy,Crime",5.8,124501.0,nm0378893,Stephen Herek,11674,ok,101 Dalmatians,1996-11-27,en,8.1915,54000000,320689294,Released,5.942,3618,Great Oaks Entertainment,United Kingdom
1370,1370,Die Hard 2 (1990),Action|Adventure|Thriller,1990.0,99423,1573,tt0099423,movie,0.0,1990.0,124.0,"Action,Thriller",7.2,407111.0,nm0001317,Renny Harlin,1573,ok,Die Hard 2,1990-07-03,en,7.3815,70000000,240031094,Released,6.972,6369,Gordon Company,United States of America
1371,1371,Star Trek: The Motion Picture (1979),Adventure|Sci-Fi,1979.0,79945,152,tt0079945,movie,0.0,1979.0,143.0,"Adventure,Mystery,Sci-Fi",6.4,102412.0,nm0936404,Robert Wise,152,ok,Star Trek: The Motion Picture,1979-12-07,en,4.5399,44000000,139346243,Released,6.483,1917,Paramount Pictures,United States of America
1372,1372,Star Trek VI: The Undiscovered Country (1991),Action|Mystery|Sci-Fi,1991.0,102975,174,tt0102975,movie,0.0,1991.0,110.0,"Action,Adventure,Sci-Fi",7.3,85158.0,nm0583292,Nicholas Meyer,174,ok,Star Trek VI: The Undiscovered Country,1991-12-06,en,3.0498,27000000,96888996,Released,7.041,1410,Paramount Pictures,United States of America
1373,1373,Star Trek V: The Final Frontier (1989),Action|Sci-Fi,1989.0,98382,172,tt0098382,movie,0.0,1989.0,107.0,"Action,Adventure,Fantasy",5.5,67946.0,nm0000638,William Shatner,172,ok,Star Trek V: The Final Frontier,1989-06-09,en,3.9748,33000000,63000000,Released,5.7,1298,Paramount Pictures,United States of America
1374,1374,Star Trek II: The Wrath of Khan (1982),Action|Adventure|Sci-Fi|Thriller,1982.0,84726,154,tt0084726,movie,0.0,1982.0,113.0,"Action,Adventure,Sci-Fi",7.7,135793.0,nm0583292,Nicholas Meyer,154,ok,Star Trek II: The Wrath of Khan,1982-06-04,en,3.6024,12000000,96594943,Released,7.448,2116,Paramount Pictures,United States of America
1375,1375,Star Trek III: The Search for Spock (1984),Action|Adventure|Sci-Fi,1984.0,88170,157,tt0088170,movie,0.0,1984.0,105.0,"Action,Adventure,Sci-Fi",6.7,90705.0,nm0000559,Leonard Nimoy,157,ok,Star Trek III: The Search for Spock,1984-06-01,en,2.6648,18000000,87000000,Released,6.586,1506,Paramount Pictures,United States of America
1376,1376,Star Trek IV: The Voyage Home (1986),Adventure|Comedy|Sci-Fi,1986.0,92007,168,tt0092007,movie,0.0,1986.0,119.0,"Adventure,Comedy,Sci-Fi",7.3,96670.0,nm0000559,Leonard Nimoy,168,ok,Star Trek IV: The Voyage Home,1986-11-26,en,4.4555,21000000,133000000,Released,7.175,1642,Paramount Pictures,United States of America
1377,1377,Batman Returns (1992),Action|Crime,1992.0,103776,364,tt0103776,movie,0.0,1992.0,126.0,"Action,Crime,Fantasy",7.1,350222.0,nm0000318,Tim Burton,364,ok,Batman Returns,1992-06-19,en,7.7204,80000000,280000000,Released,6.947,7052,Warner Bros. Pictures,United States of America
1378,1378,Young Guns (1988),Action|Comedy|Western,1988.0,96487,11967,tt0096487,movie,0.0,1988.0,107.0,"Action,Drama,Western",6.8,73770.0,nm0128883,Christopher Cain,11967,ok,Young Guns,1988-08-12,en,5.629,13000000,44700000,Released,6.677,1025,Morgan Creek Entertainment,United States of America
1380,1380,Grease (1978),Comedy|Musical|Romance,1978.0,77631,621,tt0077631,movie,0.0,1978.0,110.0,"Comedy,Musical,Romance",7.2,325883.0,nm0459170,Randal Kleiser,621,ok,Grease,1978-06-16,en,10.367,6000000,396271103,Released,7.371,7644,Paramount Pictures,United States of America
1385,1385,Under Siege (1992),Action|Drama|Thriller,1992.0,105690,8845,tt0105690,movie,0.0,1992.0,103.0,"Action,Thriller",6.5,102542.0,nm0001112,Andrew Davis,8845,ok,Under Siege,1992-10-08,en,4.6715,35000000,156563139,Released,6.309,1710,Regency Enterprises,France
1387,1387,Jaws (1975),Action|Horror,1975.0,73195,578,tt0073195,movie,0.0,1975.0,124.0,"Adventure,Drama,Horror",8.1,736730.0,nm0000229,Steven Spielberg,578,ok,Jaws,1975-06-20,en,15.1623,7000000,470653000,Released,7.682,11474,The Zanuck/Brown Company,United States of America
1391,1391,Mars Attacks! (1996),Action|Comedy|Sci-Fi,1996.0,116996,75,tt0116996,movie,0.0,1996.0,106.0,"Comedy,Sci-Fi",6.4,258377.0,nm0000318,Tim Burton,75,ok,Mars Attacks!,1996-12-13,en,6.6613,70000000,101371017,Released,6.423,5850,Warner Bros. Pictures,United States of America
1393,1393,Jerry Maguire (1996),Drama|Romance,1996.0,116695,9390,tt0116695,movie,0.0,1996.0,139.0,"Comedy,Drama,Romance",7.3,311381.0,nm0001081,Cameron Crowe,9390,ok,Jerry Maguire,1996-12-13,en,7.6929,50000000,273600000,Released,6.983,3681,TriStar Pictures,United States of America
1394,1394,Raising Arizona (1987),Comedy,1987.0,93822,378,tt0093822,movie,0.0,1987.0,94.0,"Comedy,Crime",7.3,160724.0,nm0001054,Joel Coen,378,ok,Raising Arizona,1987-03-13,en,3.6406,6000000,29180280,Released,7.053,2318,Circle Films,United States of America
1396,1396,Sneakers (1992),Action|Comedy|Crime|Drama|Sci-Fi,1992.0,105435,2322,tt0105435,movie,0.0,1992.0,126.0,"Comedy,Crime,Drama",7.1,68137.0,nm0004675,Phil Alden Robinson,2322,ok,Sneakers,1992-09-09,en,6.7743,23000000,105232691,Released,6.915,1047,Universal Pictures,United States of America
1405,1405,Beavis and Butt-Head Do America (1996),Adventure|Animation|Comedy|Crime,1996.0,115641,3179,tt0115641,movie,0.0,1996.0,81.0,"Adventure,Animation,Comedy",6.8,62909.0,nm1070945,Geoffrey Johnson,3179,ok,Beavis and Butt-Head Do America,1996-12-20,en,2.3605,12000000,63118386,Released,6.643,776,Paramount Pictures,United States of America
1407,1407,Scream (1996),Comedy|Horror|Mystery|Thriller,1996.0,117571,4232,tt0117571,movie,0.0,1996.0,111.0,"Horror,Mystery",7.4,445593.0,nm0000127,Wes Craven,4232,ok,Scream,1996-12-20,en,14.1384,14000000,173046663,Released,7.43,7886,Dimension Films,United States of America
1408,1408,"Last of the Mohicans, The (1992)",Action|Romance|War|Western,1992.0,104691,9361,tt0104691,movie,0.0,1992.0,112.0,"Action,Adventure,Drama",7.6,206639.0,nm0000520,Michael Mann,9361,ok,The Last of the Mohicans,1992-08-26,en,7.4644,40000000,75505856,Released,7.4,3397,Morgan Creek Entertainment,United States of America
1409,1409,Michael (1996),Comedy|Drama|Fantasy|Romance,1996.0,117038,2928,tt0117038,movie,0.0,1996.0,105.0,"Comedy,Drama,Fantasy",5.7,46969.0,nm0001188,Nora Ephron,2928,ok,Michael,1996-12-25,en,6.3803,20000000,119700000,Released,5.718,681,Alphaville Films,United States of America
1429,1429,First Strike (Police Story 4: First Strike) (Ging chaat goo si 4: Ji gaan daan yam mo) (1996),Action|Adventure|Comedy|Thriller,1996.0,116704,9404,tt0116704,movie,0.0,1996.0,107.0,"Action,Adventure,Comedy",6.6,24213.0,nm0867262,Stanley Tong,9404,ok,Police Story 4: First Strike,1996-02-10,cn,3.8086,1500000,53168876,Released,6.489,532,Orange Sky Golden Harvest,Hong Kong
1438,1438,Dante's Peak (1997),Action|Thriller,1997.0,118928,9619,tt0118928,movie,0.0,1997.0,108.0,"Action,Adventure,Thriller",6.1,107775.0,nm0002044,Roger Donaldson,9619,ok,Dante's Peak,1997-02-07,en,4.8365,116000000,178127760,Released,6.225,2054,Pacific Western,United States of America
1449,1449,Waiting for Guffman (1996),Comedy,1996.0,118111,16448,tt0118111,movie,0.0,1996.0,84.0,Comedy,7.4,33823.0,nm0001302,Christopher Guest,16448,ok,Waiting for Guffman,1997-01-31,en,2.0064,4000000,2900000,Released,7.024,272,Pale Morning Dun,United States of America
1466,1466,Donnie Brasco (1997),Crime|Drama,1997.0,119008,9366,tt0119008,movie,0.0,1997.0,127.0,"Biography,Crime,Drama",7.7,356162.0,nm0001565,Mike Newell,9366,ok,Donnie Brasco,1997-02-27,en,8.0408,35000000,124909762,Released,7.539,4832,Mark Johnson Productions,United States of America
1476,1476,Private Parts (1997),Comedy|Drama,1997.0,119951,9403,tt0119951,movie,0.0,1997.0,109.0,"Biography,Comedy,Drama",6.9,40516.0,nm0858525,Betty Thomas,9403,ok,Private Parts,1997-03-07,en,3.3359,28000000,41200000,Released,6.487,376,Rysher Entertainment,United States of America
1479,1479,"Saint, The (1997)",Action|Romance|Sci-Fi|Thriller,1997.0,120053,10003,tt0120053,movie,0.0,1997.0,116.0,"Action,Adventure,Romance",6.2,77955.0,nm0637518,Phillip Noyce,10003,ok,The Saint,1997-04-03,en,3.2973,68000000,118100000,Released,6.103,1234,Paramount Pictures,United States of America
1485,1485,Liar Liar (1997),Comedy,1997.0,119528,1624,tt0119528,movie,0.0,1997.0,86.0,"Comedy,Fantasy",6.9,362615.0,nm0001723,Tom Shadyac,1624,ok,Liar Liar,1997-03-21,en,6.5142,45000000,302710615,Released,6.708,6192,Universal Pictures,United States of America
1499,1499,Anaconda (1997),Action|Adventure|Thriller,1997.0,118615,9360,tt0118615,movie,0.0,1997.0,89.0,"Action,Adventure,Horror",5.0,125300.0,nm0515891,Luis Llosa,9360,ok,Anaconda,1997-04-11,en,6.6122,45000000,136885767,Released,5.269,2782,St. Tropez Films,Brazil
1500,1500,Grosse Pointe Blank (1997),Comedy|Crime|Romance,1997.0,119229,9434,tt0119229,movie,0.0,1997.0,107.0,"Action,Comedy,Crime",7.3,105010.0,nm0000786,George Armitage,9434,ok,Grosse Pointe Blank,1997-04-11,en,3.1369,15000000,31100000,Released,6.966,1018,Caravan Pictures,United States of America
1513,1513,Romy and Michele's High School Reunion (1997),Comedy,1997.0,120032,9611,tt0120032,movie,0.0,1997.0,92.0,Comedy,6.4,57909.0,nm0592400,David Mirkin,9611,ok,Romy and Michele's High School Reunion,1997-04-25,en,2.7579,20000000,29235353,Released,6.241,583,Touchstone Pictures,United States of America
1517,1517,Austin Powers: International Man of Mystery (1997),Action|Adventure|Comedy,1997.0,118655,816,tt0118655,movie,0.0,1997.0,89.0,"Adventure,Comedy",7.0,273401.0,nm0005366,Jay Roach,816,ok,Austin Powers: International Man of Mystery,1997-05-02,en,5.6561,16500000,67711748,Released,6.594,3765,New Line Cinema,Germany
1527,1527,"Fifth Element, The (1997)",Action|Adventure|Comedy|Sci-Fi,1997.0,119116,18,tt0119116,movie,0.0,1997.0,126.0,"Action,Adventure,Sci-Fi",7.6,544601.0,nm0000108,Luc Besson,18,ok,The Fifth Element,1997-05-02,fr,12.6331,90000000,263920180,Released,7.566,11618,Gaumont,France
1544,1544,"Lost World: Jurassic Park, The (1997)",Action|Adventure|Sci-Fi|Thriller,1997.0,119567,330,tt0119567,movie,0.0,1997.0,129.0,"Action,Adventure,Sci-Fi",6.6,478086.0,nm0000229,Steven Spielberg,330,ok,The Lost World: Jurassic Park,1997-05-23,en,0.6184,73000000,618638999,Released,6.6,9183,Universal Pictures,United States of America
1552,1552,Con Air (1997),Action|Adventure|Thriller,1997.0,118880,1701,tt0118880,movie,0.0,1997.0,115.0,"Action,Crime,Thriller",6.9,339102.0,nm0922346,Simon West,1701,ok,Con Air,1997-06-05,en,8.119,75000000,224012234,Released,6.77,4656,Touchstone Pictures,United States of America
1562,1562,Batman & Robin (1997),Action|Adventure|Fantasy|Thriller,1997.0,118688,415,tt0118688,movie,0.0,1997.0,125.0,"Action,Sci-Fi",3.8,282315.0,nm0001708,Joel Schumacher,415,ok,Batman & Robin,1997-06-20,en,9.4395,125000000,238207122,Released,4.391,5379,Warner Bros. Pictures,United States of America
1566,1566,Hercules (1997),Adventure|Animation|Children|Comedy|Musical,1997.0,119282,11970,tt0119282,movie,0.0,1997.0,93.0,"Action,Adventure,Animation",7.3,279368.0,nm0166256,Ron Clements,11970,ok,Hercules,1997-06-13,en,13.9509,85000000,252712101,Released,7.491,7889,Walt Disney Feature Animation,United States of America
1569,1569,My Best Friend's Wedding (1997),Comedy|Romance,1997.0,119738,8874,tt0119738,movie,0.0,1997.0,105.0,"Comedy,Drama,Romance",6.4,166648.0,nm0389591,P.J. Hogan,8874,ok,My Best Friend's Wedding,1997-06-19,en,2.8161,38000000,299288605,Released,6.563,2873,Zucker Brothers Productions,United States of America
1573,1573,Face/Off (1997),Action|Crime|Drama|Thriller,1997.0,119094,754,tt0119094,movie,0.0,1997.0,138.0,"Action,Crime,Sci-Fi",7.3,426720.0,nm0000247,John Woo,754,ok,Face/Off,1997-06-27,en,8.8455,80000000,245700000,Released,7.1,5851,WCG Entertainment Productions,United States of America
1580,1580,Men in Black (a.k.a. MIB) (1997),Action|Comedy|Sci-Fi,1997.0,119654,607,tt0119654,movie,0.0,1997.0,98.0,"Action,Adventure,Comedy",7.3,663498.0,nm0001756,Barry Sonnenfeld,607,ok,Men in Black,1997-07-02,en,13.1572,90000000,589390539,Released,7.22,14765,Columbia Pictures,United States of America
1584,1584,Contact (1997),Drama|Sci-Fi,1997.0,118884,686,tt0118884,movie,0.0,1997.0,150.0,"Drama,Mystery,Sci-Fi",7.5,313036.0,nm0000709,Robert Zemeckis,686,ok,Contact,1997-07-11,en,8.774,90000000,171120329,Released,7.441,4956,South Side Amusement Company,United States of America
1586,1586,G.I. Jane (1997),Action|Drama,1997.0,119173,4421,tt0119173,movie,0.0,1997.0,125.0,"Action,Drama,War",6.1,92965.0,nm0000631,Ridley Scott,4421,ok,G.I. Jane,1997-08-19,en,5.3949,50000000,48169156,Released,6.468,1835,Caravan Pictures,United Kingdom
1587,1587,Conan the Barbarian (1982),Action|Adventure|Fantasy,1982.0,82198,9387,tt0082198,movie,0.0,1982.0,129.0,"Adventure,Fantasy",6.9,173681.0,nm0587518,John Milius,9387,ok,Conan the Barbarian,1982-03-16,en,6.5589,20000000,68851475,Released,6.803,2771,The De Laurentiis Company,United States of America
1588,1588,George of the Jungle (1997),Children|Comedy,1997.0,119190,10603,tt0119190,movie,0.0,1997.0,92.0,"Action,Adventure,Comedy",5.6,90111.0,nm0918873,Sam Weisman,10603,ok,George of the Jungle,1997-07-15,en,6.3097,55000000,174463257,Released,5.659,2239,Mandeville Films,United States of America
1590,1590,Event Horizon (1997),Horror|Sci-Fi|Thriller,1997.0,119081,8413,tt0119081,movie,0.0,1997.0,96.0,"Horror,Sci-Fi,Thriller",6.6,214902.0,nm0027271,Paul W.S. Anderson,8413,ok,Event Horizon,1997-08-15,en,6.949,60000000,26700000,Released,6.6,3250,Impact Pictures,United Kingdom
1591,1591,Spawn (1997),Action|Adventure|Sci-Fi|Thriller,1997.0,120177,10336,tt0120177,movie,0.0,1997.0,96.0,"Action,Crime,Drama",5.2,76562.0,nm0228147,Mark A.Z. Dippé,10336,ok,Spawn,1997-07-31,en,4.3873,40000000,87840042,Released,5.434,1468,New Line Cinema,United States of America
1597,1597,Conspiracy Theory (1997),Drama|Mystery|Romance|Thriller,1997.0,118883,8834,tt0118883,movie,0.0,1997.0,135.0,"Action,Crime,Drama",6.7,114267.0,nm0001149,Richard Donner,8834,ok,Conspiracy Theory,1997-08-08,en,3.6788,75000000,137000000,Released,6.62,1625,Silver Pictures,United States of America
1608,1608,Air Force One (1997),Action|Thriller,1997.0,118571,9772,tt0118571,movie,0.0,1997.0,124.0,"Action,Crime,Drama",6.5,223740.0,nm0000583,Wolfgang Petersen,9772,ok,Air Force One,1997-07-25,en,5.7474,85000000,315200000,Released,6.472,3292,Radiant Productions,United States of America
1610,1610,"Hunt for Red October, The (1990)",Action|Adventure|Thriller,1990.0,99810,1669,tt0099810,movie,0.0,1990.0,135.0,"Action,Adventure,Thriller",7.5,230688.0,nm0001532,John McTiernan,1669,ok,The Hunt for Red October,1990-03-02,en,6.6527,30000000,200512643,Released,7.382,3601,Paramount Pictures,United States of America
1614,1614,In & Out (1997),Comedy,1997.0,119360,10806,tt0119360,movie,0.0,1997.0,90.0,"Comedy,Romance",6.4,46577.0,nm0000568,Frank Oz,10806,ok,In & Out,1997-09-10,en,2.8861,35000000,63900000,Released,6.46,741,Paramount Pictures,United States of America
1616,1616,"Peacemaker, The (1997)",Action|Thriller|War,1997.0,119874,6623,tt0119874,movie,0.0,1997.0,124.0,"Action,Crime,Drama",6.0,66468.0,nm0001460,Mimi Leder,6623,ok,The Peacemaker,1997-09-26,en,3.8762,50000000,110463140,Released,6.048,1114,DreamWorks Pictures,United States of America
1617,1617,L.A. Confidential (1997),Crime|Film-Noir|Mystery|Thriller,1997.0,119488,2118,tt0119488,movie,0.0,1997.0,138.0,"Crime,Drama,Mystery",8.2,658930.0,nm0000436,Curtis Hanson,2118,ok,L.A. Confidential,1997-09-19,en,8.1182,35000000,126216940,Released,7.8,5505,Regency Enterprises,United States of America
1625,1625,"Game, The (1997)",Drama|Mystery|Thriller,1997.0,119174,2649,tt0119174,movie,0.0,1997.0,129.0,"Drama,Mystery,Thriller",7.7,470432.0,nm0000399,David Fincher,2649,ok,The Game,1997-09-12,en,8.1241,50000000,109423648,Released,7.571,7284,PolyGram Filmed Entertainment,United States of America
1639,1639,Chasing Amy (1997),Comedy|Drama|Romance,1997.0,118842,2255,tt0118842,movie,0.0,1997.0,113.0,"Comedy,Drama,Romance",7.2,148346.0,nm0003620,Kevin Smith,2255,ok,Chasing Amy,1997-04-04,en,3.4169,250000,12021272,Released,6.762,1531,View Askew Productions,United States of America
1641,1641,"Full Monty, The (1997)",Comedy|Drama,1997.0,119164,9427,tt0119164,movie,0.0,1997.0,91.0,"Comedy,Drama",7.2,119829.0,nm0146341,Peter Cattaneo,9427,ok,The Full Monty,1997-08-13,en,3.2793,3500000,257850122,Released,6.992,1780,Redwave Films,United Kingdom
1644,1644,I Know What You Did Last Summer (1997),Horror|Mystery|Thriller,1997.0,119345,3597,tt0119345,movie,0.0,1997.0,101.0,"Horror,Mystery",5.9,180777.0,nm0318947,Jim Gillespie,3597,ok,I Know What You Did Last Summer,1997-10-17,en,5.7066,17000000,125586134,Released,6.002,3240,Mandalay Entertainment,United States of America
1645,1645,The Devil's Advocate (1997),Drama|Mystery|Thriller,1997.0,118971,1813,tt0118971,movie,0.0,1997.0,144.0,"Drama,Fantasy,Mystery",7.5,444388.0,nm0000431,Taylor Hackford,1813,ok,The Devil's Advocate,1997-10-17,en,13.8847,57000000,153000000,Released,7.469,6735,Monarchy Enterprises B.V.,Germany
1653,1653,Gattaca (1997),Drama|Sci-Fi|Thriller,1997.0,119177,782,tt0119177,movie,0.0,1997.0,106.0,"Drama,Sci-Fi,Thriller",7.7,346878.0,nm0629272,Andrew Niccol,782,ok,Gattaca,1997-07-09,en,8.876,36000000,12532777,Released,7.565,6889,Jersey Films,United States of America
1663,1663,Stripes (1981),Comedy|War,1981.0,83131,10890,tt0083131,movie,0.0,1981.0,106.0,"Comedy,War",6.8,85989.0,nm0718645,Ivan Reitman,10890,ok,Stripes,1981-06-26,en,4.1834,10000000,85297000,Released,6.568,1027,Columbia Pictures,United States of America
1673,1673,Boogie Nights (1997),Drama,1997.0,118749,4995,tt0118749,movie,0.0,1997.0,155.0,Drama,7.9,305586.0,nm0000759,Paul Thomas Anderson,4995,ok,Boogie Nights,1997-10-07,en,7.2722,15000000,43101594,Released,7.63,3537,New Line Cinema,United States of America
1674,1674,Witness (1985),Drama|Romance|Thriller,1985.0,90329,9281,tt0090329,movie,0.0,1985.0,112.0,"Crime,Drama,Romance",7.3,113887.0,nm0001837,Peter Weir,9281,ok,Witness,1985-02-08,en,3.967,12000000,116107459,Released,7.1,1875,Paramount Pictures,United States of America
1676,1676,Starship Troopers (1997),Action|Sci-Fi,1997.0,120201,563,tt0120201,movie,0.0,1997.0,129.0,"Action,Adventure,Sci-Fi",7.3,346031.0,nm0000682,Paul Verhoeven,563,ok,Starship Troopers,1997-11-07,en,8.1206,105000000,121214377,Released,7.1,5444,TriStar Pictures,United States of America
1680,1680,Sliding Doors (1998),Drama|Romance,1998.0,120148,10215,tt0120148,movie,0.0,1998.0,99.0,"Comedy,Drama,Fantasy",6.7,75784.0,nm0398185,Peter Howitt,10215,ok,Sliding Doors,1998-04-23,en,3.6796,6000000,58809149,Released,6.566,1409,Intermedia Films,United Kingdom
1682,1682,"Truman Show, The (1998)",Comedy|Drama|Sci-Fi,1998.0,120382,37165,tt0120382,movie,0.0,1998.0,103.0,"Comedy,Drama",8.2,1371118.0,nm0001837,Peter Weir,37165,ok,The Truman Show,1998-06-04,en,16.9822,60000000,264118712,Released,8.151,20094,Paramount Pictures,United States of America
1688,1688,Anastasia (1997),Adventure|Animation|Children|Drama|Musical,1997.0,118617,9444,tt0118617,movie,0.0,1997.0,94.0,"Adventure,Animation,Drama",7.2,146865.0,nm0089940,Don Bluth,9444,ok,Anastasia,1997-11-20,en,8.253,53000000,139804348,Released,7.608,5596,Fox Animation Studios,United States of America
1690,1690,Alien: Resurrection (1997),Action|Horror|Sci-Fi,1997.0,118583,8078,tt0118583,movie,0.0,1997.0,109.0,"Action,Horror,Sci-Fi",6.2,292058.0,nm0000466,Jean-Pierre Jeunet,8078,ok,Alien Resurrection,1997-11-12,en,9.2049,70000000,162000000,Released,6.2,5512,20th Century Fox,United States of America
1704,1704,Good Will Hunting (1997),Drama|Romance,1997.0,119217,489,tt0119217,movie,0.0,1997.0,126.0,"Drama,Romance",8.4,1215478.0,nm0001814,Gus Van Sant,489,ok,Good Will Hunting,1997-12-05,en,14.6266,10000000,225933435,Released,8.161,13756,Lawrence Bender Productions,United States of America
1711,1711,Midnight in the Garden of Good and Evil (1997),Crime|Drama|Mystery,1997.0,119668,8197,tt0119668,movie,0.0,1997.0,155.0,"Crime,Drama,Mystery",6.6,43784.0,nm0000142,Clint Eastwood,8197,ok,Midnight in the Garden of Good and Evil,1997-11-21,en,2.2272,35000000,25100000,Released,6.352,625,Warner Bros. Pictures,United States of America
1717,1717,Scream 2 (1997),Comedy|Horror|Mystery|Thriller,1997.0,120082,4233,tt0120082,movie,0.0,1997.0,120.0,"Horror,Mystery",6.3,236428.0,nm0000127,Wes Craven,4233,ok,Scream 2,1997-12-12,en,8.1997,24000000,172363301,Released,6.5,4697,Dimension Films,United States of America
1721,1721,Titanic (1997),Drama|Romance,1997.0,120338,597,tt0120338,movie,0.0,1997.0,194.0,"Drama,Romance",8.0,1391261.0,nm0000116,James Cameron,597,ok,Titanic,1997-12-18,en,31.3919,200000000,2264162353,Released,7.902,27060,Paramount Pictures,United States of America
1722,1722,Tomorrow Never Dies (1997),Action|Adventure|Thriller,1997.0,120347,714,tt0120347,movie,0.0,1997.0,119.0,"Action,Adventure,Thriller",6.5,216001.0,nm0006854,Roger Spottiswoode,714,ok,Tomorrow Never Dies,1997-12-11,en,6.0951,110000000,333011068,Released,6.378,3421,EON Productions,United Kingdom
1729,1729,Jackie Brown (1997),Crime|Drama|Thriller,1997.0,119396,184,tt0119396,movie,0.0,1997.0,154.0,"Crime,Drama,Thriller",7.5,404007.0,nm0000233,Quentin Tarantino,184,ok,Jackie Brown,1997-12-25,en,5.7899,12000000,74727492,Released,7.357,6904,Miramax,United States of America
1732,1732,"Big Lebowski, The (1998)",Comedy|Crime,1998.0,118715,115,tt0118715,movie,0.0,1998.0,117.0,"Comedy,Crime",8.1,916548.0,nm0001054,Joel Coen,115,ok,The Big Lebowski,1998-03-06,en,9.629,15000000,47010480,Released,7.84,12114,PolyGram Filmed Entertainment,United Kingdom
1747,1747,Wag the Dog (1997),Comedy,1997.0,120885,586,tt0120885,movie,0.0,1997.0,97.0,"Comedy,Drama",7.1,93381.0,nm0001469,Barry Levinson,586,ok,Wag the Dog,1997-12-25,en,3.5248,15000000,64256513,Released,6.942,1052,New Line Cinema,United States of America
1748,1748,Dark City (1998),Adventure|Film-Noir|Sci-Fi|Thriller,1998.0,118929,2666,tt0118929,movie,0.0,1998.0,100.0,"Fantasy,Mystery,Sci-Fi",7.5,226132.0,nm0001639,Alex Proyas,2666,ok,Dark City,1998-02-27,en,5.1116,27000000,27200000,Released,7.3,3170,New Line Cinema,Australia
1777,1777,"Wedding Singer, The (1998)",Comedy|Romance,1998.0,120888,11003,tt0120888,movie,0.0,1998.0,97.0,"Comedy,Music,Romance",6.9,173351.0,nm0178997,Frank Coraci,11003,ok,The Wedding Singer,1998-02-13,en,3.6405,18000000,123306987,Released,6.773,1905,Robert Simonds Productions,United States of America
1779,1779,Sphere (1998),Sci-Fi|Thriller,1998.0,120184,10153,tt0120184,movie,0.0,1998.0,134.0,"Mystery,Sci-Fi,Thriller",6.1,118552.0,nm0001469,Barry Levinson,10153,ok,Sphere,1998-02-13,en,3.8952,80000000,37020277,Released,6.129,1798,Warner Bros. Pictures,United States of America
1784,1784,As Good as It Gets (1997),Comedy|Drama|Romance,1997.0,119822,2898,tt0119822,movie,0.0,1997.0,139.0,"Comedy,Drama,Romance",7.7,338611.0,nm0000985,James L. Brooks,2898,ok,As Good as It Gets,1997-12-19,en,5.0515,50000000,314178011,Released,7.402,4102,TriStar Pictures,United States of America
1792,1792,U.S. Marshals (1998),Action|Crime|Thriller,1998.0,120873,11808,tt0120873,movie,0.0,1998.0,131.0,"Action,Crime,Thriller",6.6,120549.0,nm0000829,Stuart Baird,11808,ok,U.S. Marshals,1998-03-06,en,4.8639,60000000,102367405,Released,6.538,1784,Kopelson Entertainment,United States of America
1801,1801,"Man in the Iron Mask, The (1998)",Action|Adventure|Drama,1998.0,120744,9313,tt0120744,movie,0.0,1998.0,132.0,"Action,Adventure,Drama",6.5,190678.0,nm0908824,Randall Wallace,9313,ok,The Man in the Iron Mask,1998-03-12,en,5.2371,35000000,183000000,Released,6.648,4110,United Artists,United States of America
1805,1805,Wild Things (1998),Crime|Drama|Mystery|Thriller,1998.0,120890,617,tt0120890,movie,0.0,1998.0,108.0,"Crime,Drama,Mystery",6.6,141565.0,nm0573796,John McNaughton,617,ok,Wild Things,1998-03-20,en,5.9703,20000000,67200000,Released,6.373,1963,Mandalay Entertainment,United States of America
1831,1831,Lost in Space (1998),Action|Adventure|Sci-Fi,1998.0,120738,2157,tt0120738,movie,0.0,1998.0,130.0,"Action,Adventure,Sci-Fi",5.2,77732.0,nm0394280,Stephen Hopkins,2157,ok,Lost in Space,1998-04-03,en,6.3795,80000000,136159423,Released,5.4,1306,Saltire Entertainment,United States of America
1876,1876,Deep Impact (1998),Drama|Sci-Fi|Thriller,1998.0,120647,8656,tt0120647,movie,0.0,1998.0,120.0,"Action,Drama,Sci-Fi",6.3,205219.0,nm0001460,Mimi Leder,8656,ok,Deep Impact,1998-05-08,en,6.4311,75000000,349464664,Released,6.232,3290,Paramount Pictures,United States of America
1882,1882,Godzilla (1998),Action|Sci-Fi|Thriller,1998.0,120685,929,tt0120685,movie,0.0,1998.0,139.0,"Action,Sci-Fi,Thriller",5.5,213157.0,nm0000386,Roland Emmerich,929,ok,Godzilla,1998-05-20,en,6.3913,130000000,379014294,Released,5.649,4205,TriStar Pictures,United States of America
1883,1883,Bulworth (1998),Comedy|Drama|Romance,1998.0,118798,9452,tt0118798,movie,0.0,1998.0,108.0,"Comedy,Drama,Romance",6.8,28246.0,nm0000886,Warren Beatty,9452,ok,Bulworth,1998-05-15,en,2.804,30000000,29202884,Released,6.3,267,20th Century Fox,United States of America
1884,1884,Fear and Loathing in Las Vegas (1998),Adventure|Comedy|Drama,1998.0,120669,1878,tt0120669,movie,0.0,1998.0,118.0,"Adventure,Comedy,Drama",7.4,319243.0,nm0000416,Terry Gilliam,1878,ok,Fear and Loathing in Las Vegas,1998-05-22,en,5.0233,18500000,10700000,Released,7.207,4996,Summit Entertainment,United States of America
1907,1907,Mulan (1998),Adventure|Animation|Children|Comedy|Drama|Musical|Romance,1998.0,120762,10674,tt0120762,movie,0.0,1998.0,87.0,"Adventure,Animation,Comedy",7.7,345937.0,nm0051643,Tony Bancroft,10674,ok,Mulan,1998-06-18,en,15.1827,90000000,304320254,Released,7.9,10365,Walt Disney Feature Animation,United States of America
1909,1909,"X-Files: Fight the Future, The (1998)",Action|Crime|Mystery|Sci-Fi|Thriller,1998.0,120902,846,tt0120902,movie,0.0,1998.0,121.0,"Adventure,Drama,Mystery",7.0,114754.0,nm0101385,Rob Bowman,846,ok,The X-Files,1998-06-19,en,5.1828,66000000,189198313,Released,6.903,1790,Ten Thirteen Productions,United States of America
1911,1911,Dr. Dolittle (1998),Comedy,1998.0,118998,3050,tt0118998,movie,0.0,1998.0,85.0,"Comedy,Family,Fantasy",5.4,107756.0,nm0858525,Betty Thomas,3050,ok,Doctor Dolittle,1998-06-26,en,5.3669,71000000,294500000,Released,5.717,3270,20th Century Fox,United States of America
1912,1912,Out of Sight (1998),Comedy|Crime|Drama|Romance|Thriller,1998.0,120780,1389,tt0120780,movie,0.0,1998.0,123.0,"Comedy,Crime,Drama",7.0,105676.0,nm0001752,Steven Soderbergh,1389,ok,Out of Sight,1998-06-26,en,4.5069,48000000,77745966,Released,6.684,1399,Universal Pictures,United States of America
1917,1917,Armageddon (1998),Action|Romance|Sci-Fi|Thriller,1998.0,120591,95,tt0120591,movie,0.0,1998.0,151.0,"Action,Adventure,Sci-Fi",6.7,479152.0,nm0000881,Michael Bay,95,ok,Armageddon,1998-07-01,en,8.9562,140000000,553799566,Released,6.83,8526,Touchstone Pictures,United States of America
1918,1918,Lethal Weapon 4 (1998),Action|Comedy|Crime|Thriller,1998.0,122151,944,tt0122151,movie,0.0,1998.0,127.0,"Action,Crime,Thriller",6.6,180550.0,nm0001149,Richard Donner,944,ok,Lethal Weapon 4,1998-07-10,en,4.7366,140000000,285444603,Released,6.604,2921,Silver Pictures,United States of America
1921,1921,Pi (1998),Drama|Sci-Fi|Thriller,1998.0,138704,473,tt0138704,movie,0.0,1998.0,84.0,"Drama,Horror,Mystery",7.3,192864.0,nm0004716,Darren Aronofsky,473,ok,Pi,1998-07-10,en,3.5159,60000,3221152,Released,7.119,2473,Harvest Filmworks,United States of America
1923,1923,There's Something About Mary (1998),Comedy|Romance,1998.0,129387,544,tt0129387,movie,0.0,1998.0,119.0,"Comedy,Romance",7.1,348472.0,nm0125803,Bobby Farrelly,544,ok,There's Something About Mary,1998-07-15,en,6.9451,23000000,369900000,Released,6.629,5314,20th Century Fox,United States of America
1945,1945,On the Waterfront (1954),Crime|Drama,1954.0,47296,654,tt0047296,movie,0.0,1954.0,108.0,"Crime,Drama,Thriller",8.1,177738.0,nm0001415,Elia Kazan,654,ok,On the Waterfront,1954-06-22,en,3.4526,910000,9600631,Released,7.873,1764,Columbia Pictures,United States of America
1947,1947,West Side Story (1961),Drama|Musical|Romance,1961.0,55614,1725,tt0055614,movie,0.0,1961.0,153.0,"Crime,Drama,Musical",7.6,127623.0,nm0730385,Jerome Robbins,1725,ok,West Side Story,1961-12-13,en,3.1852,6000000,43700000,Released,7.231,2029,Seven Arts Productions,United States of America
1952,1952,Midnight Cowboy (1969),Drama,1969.0,64665,3116,tt0064665,movie,0.0,1969.0,113.0,Drama,7.8,131693.0,nm0772259,John Schlesinger,3116,ok,Midnight Cowboy,1969-05-25,en,3.454,3600000,44785053,Released,7.519,1585,Florin Productions,United States of America
1953,1953,"French Connection, The (1971)",Action|Crime|Thriller,1971.0,67116,1051,tt0067116,movie,0.0,1971.0,104.0,"Action,Crime,Drama",7.7,150437.0,nm0001243,William Friedkin,1051,ok,The French Connection,1971-10-09,en,4.4014,1800000,41200000,Released,7.5,2115,D'Antoni Productions,United States of America
1954,1954,Rocky (1976),Drama,1976.0,75148,1366,tt0075148,movie,0.0,1976.0,120.0,"Drama,Sport",8.1,688098.0,nm0000814,John G. Avildsen,1366,ok,Rocky,1976-12-03,en,11.5355,1000000,117253345,Released,7.795,8564,Winkler Films,United States of America
1958,1958,Terms of Endearment (1983),Comedy|Drama,1983.0,86425,11050,tt0086425,movie,0.0,1983.0,132.0,"Comedy,Drama",7.4,70514.0,nm0000985,James L. Brooks,11050,ok,Terms of Endearment,1983-11-20,en,3.5371,8000000,108423749,Released,7.127,822,Paramount Pictures,United States of America
1960,1960,"Last Emperor, The (1987)",Drama,1987.0,93389,746,tt0093389,movie,0.0,1987.0,163.0,"Biography,Drama,History",7.7,119524.0,nm0000934,Bernardo Bertolucci,746,ok,The Last Emperor,1987-10-04,en,4.6691,23800000,44000000,Released,7.581,1909,Soprofilms,China
1961,1961,Rain Man (1988),Drama,1988.0,95953,380,tt0095953,movie,0.0,1988.0,133.0,Drama,8.0,585455.0,nm0001469,Barry Levinson,380,ok,Rain Man,1988-12-12,en,7.8501,25000000,354825435,Released,7.751,7058,United Artists,United States of America
1962,1962,Driving Miss Daisy (1989),Drama,1989.0,97239,403,tt0097239,movie,0.0,1989.0,99.0,"Comedy,Drama",7.3,124404.0,nm0000915,Bruce Beresford,403,ok,Driving Miss Daisy,1989-12-13,en,3.6722,7500000,145793296,Released,7.235,1769,Warner Bros. Pictures,United States of America
1965,1965,Repo Man (1984),Comedy|Sci-Fi,1984.0,87995,13820,tt0087995,movie,0.0,1984.0,92.0,"Comedy,Crime,Sci-Fi",6.8,45334.0,nm0007182,Alex Cox,13820,ok,Repo Man,1984-03-02,en,2.3899,1500000,2300000,Released,6.666,666,Edge City Productions,United States of America
1967,1967,Labyrinth (1986),Adventure|Fantasy|Musical,1986.0,91369,13597,tt0091369,movie,0.0,1986.0,101.0,"Adventure,Family,Fantasy",7.3,164398.0,nm0001345,Jim Henson,13597,ok,Labyrinth,1986-06-27,en,7.4946,25000000,12729917,Released,7.275,2719,Henson Associates,United Kingdom
1968,1968,"Breakfast Club, The (1985)",Comedy|Drama,1985.0,88847,2108,tt0088847,movie,0.0,1985.0,97.0,"Comedy,Drama",7.8,472315.0,nm0000455,John Hughes,2108,ok,The Breakfast Club,1985-02-15,en,7.5999,1000000,51530442,Released,7.7,8502,Universal Pictures,United States of America
1982,1982,Halloween (1978),Horror,1978.0,77651,948,tt0077651,movie,0.0,1978.0,91.0,"Horror,Thriller",7.7,338725.0,nm0000118,John Carpenter,948,ok,Halloween,1978-10-24,en,13.4149,325000,70260597,Released,7.556,6146,Compass International Pictures,United States of America
1994,1994,Poltergeist (1982),Horror|Thriller,1982.0,84516,609,tt0084516,movie,0.0,1982.0,114.0,"Horror,Thriller",7.3,194779.0,nm0001361,Tobe Hooper,609,ok,Poltergeist,1982-06-04,en,6.0299,10700000,121733131,Released,7.156,3307,Metro-Goldwyn-Mayer,United States of America
1997,1997,"Exorcist, The (1973)",Horror|Mystery,1973.0,70047,9552,tt0070047,movie,0.0,1973.0,122.0,Horror,8.1,498551.0,nm0001243,William Friedkin,9552,ok,The Exorcist,1973-12-26,en,12.0353,12000000,441306145,Released,7.742,8588,Hoya Productions,United States of America
2000,2000,Lethal Weapon (1987),Action|Comedy|Crime|Drama,1987.0,93409,941,tt0093409,movie,0.0,1987.0,109.0,"Action,Crime,Thriller",7.6,295782.0,nm0001149,Richard Donner,941,ok,Lethal Weapon,1987-03-06,en,7.5404,15000000,120207127,Released,7.292,5011,Silver Pictures,United States of America
2001,2001,Lethal Weapon 2 (1989),Action|Comedy|Crime|Drama,1989.0,97733,942,tt0097733,movie,0.0,1989.0,114.0,"Action,Crime,Thriller",7.3,201269.0,nm0001149,Richard Donner,942,ok,Lethal Weapon 2,1989-07-07,en,5.7218,25000000,227853986,Released,7.034,3721,Silver Pictures,United States of America
2002,2002,Lethal Weapon 3 (1992),Action|Comedy|Crime|Drama,1992.0,104714,943,tt0104714,movie,0.0,1992.0,118.0,"Action,Crime,Thriller",6.7,188485.0,nm0001149,Richard Donner,943,ok,Lethal Weapon 3,1992-05-15,en,4.7008,35000000,321731527,Released,6.714,3213,Silver Pictures,United States of America
2003,2003,Gremlins (1984),Comedy|Horror,1984.0,87363,927,tt0087363,movie,0.0,1984.0,106.0,"Comedy,Fantasy,Horror",7.3,274225.0,nm0001102,Joe Dante,927,ok,Gremlins,1984-06-08,en,7.942,11000000,153083102,Released,7.142,6949,Amblin Entertainment,United States of America
2005,2005,"Goonies, The (1985)",Action|Adventure|Children|Comedy|Fantasy,1985.0,89218,9340,tt0089218,movie,0.0,1985.0,114.0,"Adventure,Comedy,Family",7.7,326395.0,nm0001149,Richard Donner,9340,ok,The Goonies,1985-06-07,en,11.959,19000000,69649283,Released,7.516,6200,Amblin Entertainment,United States of America
2006,2006,"Mask of Zorro, The (1998)",Action|Comedy|Romance,1998.0,120746,9342,tt0120746,movie,0.0,1998.0,136.0,"Action,Adventure,Comedy",6.8,210053.0,nm0132709,Martin Campbell,9342,ok,The Mask of Zorro,1998-07-16,en,6.0675,95000000,250288523,Released,6.582,4312,TriStar Pictures,United States of America
2010,2010,Metropolis (1927),Drama|Sci-Fi,1927.0,17136,19,tt0017136,movie,0.0,1927.0,153.0,"Drama,Sci-Fi",8.2,201139.0,nm0000485,Fritz Lang,19,ok,Metropolis,1927-01-10,de,4.8088,5300000,1350322,Released,8.09,3078,UFA,Germany
2011,2011,Back to the Future Part II (1989),Adventure|Comedy|Sci-Fi,1989.0,96874,165,tt0096874,movie,0.0,1989.0,108.0,"Adventure,Comedy,Sci-Fi",7.8,621153.0,nm0000709,Robert Zemeckis,165,ok,Back to the Future Part II,1989-11-22,en,9.22,40000000,332000000,Released,7.8,13857,Universal Pictures,United States of America
2012,2012,Back to the Future Part III (1990),Adventure|Comedy|Sci-Fi|Western,1990.0,99088,196,tt0099088,movie,0.0,1990.0,118.0,"Adventure,Comedy,Sci-Fi",7.5,519721.0,nm0000709,Robert Zemeckis,196,ok,Back to the Future Part III,1990-05-25,en,7.2136,40000000,244527583,Released,7.492,11463,Universal Pictures,United States of America
2013,2013,"Poseidon Adventure, The (1972)",Action|Adventure|Drama,1972.0,69113,551,tt0069113,movie,0.0,1972.0,117.0,"Action,Adventure,Drama",7.1,53940.0,nm0623768,Ronald Neame,551,ok,The Poseidon Adventure,1972-12-01,en,4.2969,5000000,84563118,Released,7.137,998,Kent Productions,United States of America
2018,2018,Bambi (1942),Animation|Children|Drama,1942.0,34492,3170,tt0034492,movie,0.0,1942.0,69.0,"Adventure,Animation,Drama",7.3,165116.0,nm0019282,James Algar,3170,ok,Bambi,1942-08-14,en,6.9187,858000,267447150,Released,7.01,6001,Walt Disney Productions,United States of America
2019,2019,Seven Samurai (Shichinin no samurai) (1954),Action|Adventure|Drama,1954.0,47478,346,tt0047478,movie,0.0,1954.0,207.0,"Action,Drama",8.6,401473.0,nm0000041,Akira Kurosawa,346,ok,Seven Samurai,1954-04-26,ja,21.3963,2000000,105000000,Released,8.45,4207,TOHO,Japan
2020,2020,Dangerous Liaisons (1988),Drama|Romance,1988.0,94947,859,tt0094947,movie,0.0,1988.0,119.0,"Drama,Romance",7.5,79967.0,nm0001241,Stephen Frears,859,ok,Dangerous Liaisons,1988-12-21,en,4.934,14000000,34670720,Released,7.19,1262,Lorimar Film Entertainment,United States of America
2021,2021,Dune (1984),Adventure|Sci-Fi,1984.0,87182,841,tt0087182,movie,0.0,1984.0,137.0,"Action,Adventure,Sci-Fi",6.2,192670.0,nm0000186,David Lynch,841,ok,Dune,1984-12-14,en,8.3524,40000000,31502434,Released,6.182,3400,The De Laurentiis Company,United States of America
2023,2023,"Godfather: Part III, The (1990)",Crime|Drama|Mystery|Thriller,1990.0,99674,242,tt0099674,movie,0.0,1990.0,162.0,"Crime,Drama",7.5,455342.0,nm0000338,Francis Ford Coppola,242,ok,The Godfather Part III,1990-12-25,en,10.7874,54000000,136766062,Released,7.42,6817,Paramount Pictures,United States of America
2028,2028,Saving Private Ryan (1998),Action|Drama|War,1998.0,120815,857,tt0120815,movie,0.0,1998.0,169.0,"Drama,War",8.6,1637246.0,nm0000229,Steven Spielberg,857,ok,Saving Private Ryan,1998-07-24,en,15.6938,70000000,481840909,Released,8.223,17122,DreamWorks Pictures,United States of America
2046,2046,Flight of the Navigator (1986),Adventure|Children|Sci-Fi,1986.0,91059,10122,tt0091059,movie,0.0,1986.0,90.0,"Adventure,Comedy,Family",6.9,55326.0,nm0459170,Randal Kleiser,10122,ok,Flight of the Navigator,1986-07-30,en,3.2165,9000000,18564613,Released,6.959,937,New Star Entertainment,United States of America
2052,2052,Hocus Pocus (1993),Children|Comedy|Fantasy|Horror,1993.0,107120,10439,tt0107120,movie,0.0,1993.0,96.0,"Comedy,Family,Fantasy",6.9,172488.0,nm0650905,Kenny Ortega,10439,ok,Hocus Pocus,1993-07-16,en,6.8038,28000000,51663767,Released,7.038,3276,Walt Disney Pictures,United States of America
2053,2053,"Honey, I Blew Up the Kid (1992)",Children|Comedy|Sci-Fi,1992.0,104437,11158,tt0104437,movie,0.0,1992.0,89.0,"Adventure,Comedy,Family",4.9,49450.0,nm0459170,Randal Kleiser,11158,ok,"Honey, I Blew Up the Kid",1992-07-16,en,2.7731,40000000,58662452,Released,5.278,1271,Walt Disney Pictures,United States of America
2054,2054,"Honey, I Shrunk the Kids (1989)",Adventure|Children|Comedy|Fantasy|Sci-Fi,1989.0,97523,9354,tt0097523,movie,0.0,1989.0,93.0,"Adventure,Comedy,Family",6.4,177094.0,nm0002653,Joe Johnston,9354,ok,"Honey, I Shrunk the Kids",1989-06-23,en,4.0476,18000000,222724172,Released,6.318,3309,Walt Disney Pictures,United States of America
2058,2058,"Negotiator, The (1998)",Action|Crime|Drama|Mystery|Thriller,1998.0,120768,9631,tt0120768,movie,0.0,1998.0,140.0,"Action,Crime,Drama",7.3,168229.0,nm0336620,F. Gary Gray,9631,ok,The Negotiator,1998-07-29,en,6.1444,50000000,44547681,Released,7.109,2360,Regency Enterprises,Germany
2064,2064,Roger & Me (1989),Documentary,1989.0,98213,1779,tt0098213,movie,0.0,1989.0,91.0,Documentary,7.5,28260.0,nm0601619,Michael Moore,1779,ok,Roger & Me,1989-09-01,en,0.9182,160000,6706368,Released,7.093,317,Dog Eat Dog Films,United States of America
2067,2067,Doctor Zhivago (1965),Drama|Romance|War,1965.0,59113,907,tt0059113,movie,0.0,1965.0,197.0,"Drama,Romance,War",7.9,87216.0,nm0000180,David Lean,907,ok,Doctor Zhivago,1965-12-22,en,4.9362,11000000,111858363,Released,7.55,1261,Metro-Goldwyn-Mayer,Italy
2076,2076,Blue Velvet (1986),Drama|Mystery|Thriller,1986.0,90756,793,tt0090756,movie,0.0,1986.0,120.0,"Crime,Drama,Mystery",7.7,245242.0,nm0000186,David Lynch,793,ok,Blue Velvet,1986-09-19,en,6.5991,6000000,8636706,Released,7.607,3803,DEG,United States of America
2078,2078,"Jungle Book, The (1967)",Animation|Children|Comedy|Musical,1967.0,61852,9325,tt0061852,movie,0.0,1967.0,78.0,"Adventure,Animation,Comedy",7.6,213225.0,nm0718627,Wolfgang Reitherman,9325,ok,The Jungle Book,1967-10-18,en,7.7742,4000000,378000000,Released,7.278,6643,Walt Disney Productions,United States of America
2080,2080,Lady and the Tramp (1955),Animation|Children|Comedy|Romance,1955.0,48280,10340,tt0048280,movie,0.0,1955.0,76.0,"Adventure,Animation,Comedy",7.3,161722.0,nm0314671,Clyde Geronimi,10340,ok,Lady and the Tramp,1955-06-22,en,6.4908,4000000,36359037,Released,7.1,5622,Walt Disney Productions,United States of America
2081,2081,"Little Mermaid, The (1989)",Animation|Children|Comedy|Musical|Romance,1989.0,97757,10144,tt0097757,movie,0.0,1989.0,83.0,"Adventure,Animation,Family",7.6,311780.0,nm0166256,Ron Clements,10144,ok,The Little Mermaid,1989-11-17,en,12.1899,40000000,211343479,Released,7.4,8372,Silver Screen Partners IV,United States of America
2082,2082,"Mighty Ducks, The (1992)",Children|Comedy,1992.0,104868,10414,tt0104868,movie,0.0,1992.0,104.0,"Comedy,Drama,Family",6.6,76774.0,nm0378893,Stephen Herek,10414,ok,The Mighty Ducks,1992-10-02,en,3.3186,10000000,50752337,Released,6.577,972,Avnet/Kerner Productions,United States of America
2085,2085,101 Dalmatians (One Hundred and One Dalmatians) (1961),Adventure|Animation|Children,1961.0,55254,12230,tt0055254,movie,0.0,1961.0,79.0,"Adventure,Animation,Comedy",7.3,196502.0,nm0314671,Clyde Geronimi,12230,ok,One Hundred and One Dalmatians,1961-01-25,en,6.5717,3600000,303000000,Released,7.173,6647,Walt Disney Productions,United States of America
2087,2087,Peter Pan (1953),Animation|Children|Fantasy|Musical,1953.0,46183,10693,tt0046183,movie,0.0,1953.0,77.0,"Adventure,Animation,Family",7.2,165461.0,nm0314671,Clyde Geronimi,10693,ok,Peter Pan,1953-02-05,en,8.9651,4000000,87400000,Released,7.189,5722,Walt Disney Productions,United States of America
2094,2094,"Rocketeer, The (1991)",Action|Adventure|Sci-Fi,1991.0,102803,10249,tt0102803,movie,0.0,1991.0,108.0,"Action,Adventure,Family",6.6,65707.0,nm0002653,Joe Johnston,10249,ok,The Rocketeer,1991-06-21,en,3.3407,42000000,46704056,Released,6.468,1034,Walt Disney Pictures,United States of America
2096,2096,Sleeping Beauty (1959),Animation|Children|Musical,1959.0,53285,10882,tt0053285,movie,0.0,1959.0,75.0,"Adventure,Animation,Family",7.2,172139.0,nm0164203,Les Clark,10882,ok,Sleeping Beauty,1959-02-17,en,10.0303,6000000,51600000,Released,6.941,5456,Walt Disney Productions,United States of America
2100,2100,Splash (1984),Comedy|Fantasy|Romance,1984.0,88161,2619,tt0088161,movie,0.0,1984.0,111.0,"Comedy,Fantasy,Romance",6.3,89149.0,nm0000165,Ron Howard,2619,ok,Splash,1984-03-09,en,5.1419,8000000,69800000,Released,6.261,1477,Touchstone Pictures,United States of America
2105,2105,Tron (1982),Action|Adventure|Sci-Fi,1982.0,84827,97,tt0084827,movie,0.0,1982.0,96.0,"Action,Adventure,Sci-Fi",6.7,146135.0,nm0513974,Steven Lisberger,97,ok,Tron,1982-07-09,en,5.3641,17000000,33002371,Released,6.6,2725,Lisberger/Kushner Productions,United States of America
2108,2108,L.A. Story (1991),Comedy|Romance,1991.0,102250,2107,tt0102250,movie,0.0,1991.0,95.0,"Comedy,Drama,Fantasy",6.7,35953.0,nm0413875,Mick Jackson,2107,ok,L.A. Story,1991-02-08,en,2.2661,0,28900000,Released,6.51,381,L.A. Films,United States of America
2109,2109,"Jerk, The (1979)",Comedy,1979.0,79367,6471,tt0079367,movie,0.0,1979.0,94.0,Comedy,7.1,68537.0,nm0005348,Carl Reiner,6471,ok,The Jerk,1979-12-14,en,2.2411,4000000,100000000,Released,6.9,897,Universal Pictures,United States of America
2115,2115,Indiana Jones and the Temple of Doom (1984),Action|Adventure|Fantasy,1984.0,87469,87,tt0087469,movie,0.0,1984.0,118.0,"Action,Adventure",7.5,567710.0,nm0000229,Steven Spielberg,87,ok,Indiana Jones and the Temple of Doom,1984-05-23,en,8.9676,28000000,333000000,Released,7.308,10070,Paramount Pictures,United States of America
2124,2124,"Addams Family, The (1991)",Children|Comedy|Fantasy,1991.0,101272,2907,tt0101272,movie,0.0,1991.0,99.0,"Comedy,Fantasy",7.0,201080.0,nm0001756,Barry Sonnenfeld,2907,ok,The Addams Family,1991-11-22,en,6.7012,30000000,191502426,Released,7.067,5019,Paramount Pictures,United States of America
2125,2125,Ever After: A Cinderella Story (1998),Comedy|Drama|Romance,1998.0,120631,9454,tt0120631,movie,0.0,1998.0,121.0,"Drama,Romance",7.1,86249.0,nm0855035,Andy Tennant,9454,ok,EverAfter,1998-07-31,en,4.2074,26000000,98005666,Released,7.43,1555,20th Century Fox,United States of America
2133,2133,Adventures in Babysitting (1987),Adventure|Comedy,1987.0,92513,14367,tt0092513,movie,0.0,1987.0,102.0,"Adventure,Comedy,Crime",6.9,54050.0,nm0001060,Chris Columbus,14367,ok,Adventures in Babysitting,1987-07-01,en,3.7275,7000000,34368475,Released,6.852,746,Silver Screen Partners III,United States of America
2134,2134,Weird Science (1985),Comedy|Fantasy|Sci-Fi,1985.0,90305,11814,tt0090305,movie,0.0,1985.0,94.0,"Comedy,Romance,Sci-Fi",6.6,105688.0,nm0000455,John Hughes,11814,ok,Weird Science,1985-08-01,en,5.0671,7500000,38934048,Released,6.545,1535,Universal Pictures,United States of America
2137,2137,Charlotte's Web (1973),Animation|Children,1973.0,70016,15171,tt0070016,movie,0.0,1973.0,94.0,"Adventure,Animation,Drama",6.9,24134.0,nm0629363,Charles Nichols,15171,ok,Charlotte's Web,1973-03-01,en,1.6905,0,5232000,Released,6.842,406,Hanna-Barbera Cartoons,United States of America
2139,2139,"Secret of NIMH, The (1982)",Adventure|Animation|Children|Drama,1982.0,84649,11704,tt0084649,movie,0.0,1982.0,82.0,"Adventure,Animation,Drama",7.5,49933.0,nm0089940,Don Bluth,11704,ok,The Secret of NIMH,1982-06-17,en,3.1536,7000000,14665733,Released,7.5,933,United Artists,United States of America
2140,2140,"Dark Crystal, The (1982)",Adventure|Fantasy,1982.0,83791,11639,tt0083791,movie,0.0,1982.0,93.0,"Adventure,Family,Fantasy",7.1,77076.0,nm0001345,Jim Henson,11639,ok,The Dark Crystal,1982-12-17,en,4.1629,15000000,44626631,Released,7.136,1246,ITC Entertainment,United Kingdom
2144,2144,Sixteen Candles (1984),Comedy|Romance,1984.0,88128,15144,tt0088128,movie,0.0,1984.0,93.0,"Comedy,Romance",7.0,135385.0,nm0000455,John Hughes,15144,ok,Sixteen Candles,1984-05-04,en,4.7692,6500000,23686027,Released,6.757,2203,Universal Pictures,United States of America
2145,2145,Pretty in Pink (1986),Comedy|Drama|Romance,1986.0,91790,11522,tt0091790,movie,0.0,1986.0,97.0,"Comedy,Drama,Romance",6.7,95457.0,nm0222043,Howard Deutch,11522,ok,Pretty in Pink,1986-02-28,en,4.5144,9000000,40471663,Released,6.696,1198,Paramount Pictures,United States of America
2150,2150,"Gods Must Be Crazy, The (1980)",Adventure|Comedy,1980.0,80801,8393,tt0080801,movie,0.0,1980.0,109.0,"Adventure,Comedy",7.3,63052.0,nm0371059,Jamie Uys,8393,ok,The Gods Must Be Crazy,1980-09-10,en,6.8124,5000000,200000000,Released,7.256,1304,CAT Films,South Africa
2160,2160,Rosemary's Baby (1968),Drama|Horror|Thriller,1968.0,63522,805,tt0063522,movie,0.0,1968.0,137.0,"Drama,Horror",8.0,257779.0,nm0000591,Roman Polanski,805,ok,Rosemary's Baby,1968-06-12,en,5.8171,3200000,33395426,Released,7.819,4347,William Castle Productions,United States of America
2161,2161,"NeverEnding Story, The (1984)",Adventure|Children|Fantasy,1984.0,88323,34584,tt0088323,movie,0.0,1984.0,102.0,"Adventure,Drama,Family",7.3,170208.0,nm0000583,Wolfgang Petersen,34584,ok,The NeverEnding Story,1984-04-06,de,6.8356,27000000,20158808,Released,7.218,4355,Constantin Film,Germany
2167,2167,Blade (1998),Action|Horror|Thriller,1998.0,120611,36647,tt0120611,movie,0.0,1998.0,120.0,"Action,Horror,Sci-Fi",7.1,330104.0,nm0635759,Stephen Norrington,36647,ok,Blade,1998-08-21,en,11.1906,45000000,131183530,Released,6.8,6652,New Line Cinema,United States of America
2174,2174,Beetlejuice (1988),Comedy|Fantasy,1988.0,94721,4011,tt0094721,movie,0.0,1988.0,92.0,"Comedy,Fantasy",7.4,418134.0,nm0000318,Tim Burton,4011,ok,Beetlejuice,1988-03-30,en,8.9968,15000000,84554197,Released,7.369,8408,Geffen Pictures,United States of America
2186,2186,Strangers on a Train (1951),Crime|Drama|Film-Noir|Thriller,1951.0,44079,845,tt0044079,movie,0.0,1951.0,101.0,"Crime,Drama,Film-Noir",7.9,149065.0,nm0000033,Alfred Hitchcock,845,ok,Strangers on a Train,1951-06-27,en,3.1197,1200000,7000000,Released,7.667,1868,Warner Bros. Pictures,United States of America
2193,2193,Willow (1988),Action|Adventure|Fantasy,1988.0,96446,847,tt0096446,movie,0.0,1988.0,126.0,"Action,Adventure,Drama",7.2,139335.0,nm0000165,Ron Howard,847,ok,Willow,1988-05-20,en,5.7918,35000000,57300000,Released,7.0,2147,Metro-Goldwyn-Mayer,United States of America
2194,2194,"Untouchables, The (1987)",Action|Crime|Drama,1987.0,94226,117,tt0094226,movie,0.0,1987.0,119.0,"Crime,Drama,Thriller",7.8,354074.0,nm0000361,Brian De Palma,117,ok,The Untouchables,1987-06-03,en,6.773,25000000,76270454,Released,7.755,6138,Paramount Pictures,United States of America
2231,2231,Rounders (1998),Drama,1998.0,128442,10220,tt0128442,movie,0.0,1998.0,121.0,"Crime,Drama",7.3,170361.0,nm0001093,John Dahl,10220,ok,Rounders,1998-09-11,en,4.5907,12000000,22912409,Released,7.0,1915,Miramax,United States of America
2232,2232,Cube (1997),Horror|Mystery|Sci-Fi|Thriller,1997.0,123755,431,tt0123755,movie,0.0,1997.0,90.0,"Horror,Mystery,Sci-Fi",7.1,261262.0,nm0622112,Vincenzo Natali,431,ok,Cube,1998-07-11,en,3.8764,257899,8969065,Released,6.819,5186,Cube Libre,Canada
2243,2243,Broadcast News (1987),Comedy|Drama|Romance,1987.0,92699,12626,tt0092699,movie,0.0,1987.0,133.0,"Comedy,Drama,Romance",7.3,36846.0,nm0000985,James L. Brooks,12626,ok,Broadcast News,1987-12-16,en,2.6655,20000000,67330500,Released,6.766,461,Amercent Films,United States of America
2245,2245,Working Girl (1988),Comedy|Drama|Romance,1988.0,96463,3525,tt0096463,movie,0.0,1988.0,113.0,"Comedy,Drama,Romance",6.8,67835.0,nm0001566,Mike Nichols,3525,ok,Working Girl,1988-12-20,en,3.8603,28000000,103173635,Released,6.606,1050,20th Century Fox,United States of America
2248,2248,Say Anything... (1989),Comedy|Drama|Romance,1989.0,98258,2028,tt0098258,movie,0.0,1989.0,100.0,"Comedy,Drama,Romance",7.3,102080.0,nm0001081,Cameron Crowe,2028,ok,Say Anything...,1989-04-14,en,6.285,16000000,20036737,Released,7.013,1097,Gracie Films,United States of America
2253,2253,Toys (1992),Comedy|Fantasy,1992.0,105629,11597,tt0105629,movie,0.0,1992.0,118.0,"Adventure,Comedy,Drama",5.1,35237.0,nm0001469,Barry Levinson,11597,ok,Toys,1992-12-18,en,2.7279,50000000,23278931,Released,5.292,583,20th Century Fox,United States of America
2268,2268,"Few Good Men, A (1992)",Crime|Drama|Thriller,1992.0,104257,881,tt0104257,movie,0.0,1992.0,138.0,"Drama,Thriller",7.7,317129.0,nm0001661,Rob Reiner,881,ok,A Few Good Men,1992-12-11,en,7.1901,40000000,243240178,Released,7.5,4118,David Brown Productions,United States of America
2273,2273,Rush Hour (1998),Action|Comedy|Crime|Thriller,1998.0,120812,2109,tt0120812,movie,0.0,1998.0,98.0,"Action,Comedy,Crime",7.1,328761.0,nm0711840,Brett Ratner,2109,ok,Rush Hour,1998-09-18,en,13.1031,33000000,244721064,Released,7.1,5610,New Line Cinema,United States of America
2278,2278,Ronin (1998),Action|Crime|Thriller,1998.0,122690,8195,tt0122690,movie,0.0,1998.0,122.0,"Action,Crime,Thriller",7.2,207793.0,nm0001239,John Frankenheimer,8195,ok,Ronin,1998-09-25,en,4.7553,55000000,70692101,Released,6.961,2647,United Artists,United Kingdom
2288,2288,"Thing, The (1982)",Action|Horror|Sci-Fi|Thriller,1982.0,84787,1091,tt0084787,movie,0.0,1982.0,109.0,"Horror,Mystery,Sci-Fi",8.2,526044.0,nm0000118,John Carpenter,1091,ok,The Thing,1982-06-25,en,12.0465,15000000,19629760,Released,8.07,7865,Universal Pictures,United States of America
2289,2289,"Player, The (1992)",Comedy|Crime|Drama,1992.0,105151,10403,tt0105151,movie,0.0,1992.0,124.0,"Comedy,Crime,Drama",7.5,72132.0,nm0000265,Robert Altman,10403,ok,The Player,1992-05-08,en,5.5687,8000000,21706101,Released,7.194,942,Avenue Pictures,United States of America
2291,2291,Edward Scissorhands (1990),Drama|Fantasy|Romance,1990.0,99487,162,tt0099487,movie,0.0,1990.0,105.0,"Drama,Fantasy,Romance",7.8,564822.0,nm0000318,Tim Burton,162,ok,Edward Scissorhands,1990-12-07,en,10.5039,20000000,86024005,Released,7.72,13717,20th Century Fox,United States of America
2294,2294,Antz (1998),Adventure|Animation|Children|Comedy|Fantasy,1998.0,120587,8916,tt0120587,movie,0.0,1998.0,83.0,"Adventure,Animation,Comedy",6.5,171163.0,nm0201509,Eric Darnell,8916,ok,Antz,1998-10-02,en,6.0797,60000000,171757863,Released,6.182,4717,Pacific Data Images,United States of America
2300,2300,"Producers, The (1968)",Comedy,1968.0,63462,30197,tt0063462,movie,0.0,1967.0,88.0,"Comedy,Music",7.5,64941.0,nm0000316,Mel Brooks,30197,ok,The Producers,1968-03-18,en,2.8343,947000,0,Released,7.066,896,Crossbow Productions,United States of America
2302,2302,My Cousin Vinny (1992),Comedy,1992.0,104952,10377,tt0104952,movie,0.0,1992.0,120.0,"Comedy,Crime",7.6,158497.0,nm0528718,Jonathan Lynn,10377,ok,My Cousin Vinny,1992-03-13,en,4.7641,11000000,64088552,Released,7.501,1863,Palo Vista Productions,United States of America
2321,2321,Pleasantville (1998),Comedy|Drama|Fantasy,1998.0,120789,2657,tt0120789,movie,0.0,1998.0,124.0,"Comedy,Drama,Fantasy",7.5,143304.0,nm0002657,Gary Ross,2657,ok,Pleasantville,1998-09-17,en,3.9338,60000000,49800000,Released,7.269,1861,New Line Cinema,United States of America
2324,2324,Life Is Beautiful (La Vita è bella) (1997),Comedy|Drama|Romance|War,1997.0,118799,637,tt0118799,movie,0.0,1997.0,116.0,"Comedy,Drama,Romance",8.6,812214.0,nm0000905,Roberto Benigni,637,ok,Life Is Beautiful,1997-12-20,it,13.3889,20000000,230098753,Released,8.439,13939,Mario e Vittorio Cecchi Gori - C.E.I.A.D.,Italy
2329,2329,American History X (1998),Crime|Drama,1998.0,120586,73,tt0120586,movie,0.0,1998.0,119.0,"Crime,Drama",8.5,1272331.0,nm0443411,Tony Kaye,73,ok,American History X,1998-07-01,en,10.759,20000000,23900000,Released,8.327,12505,New Line Cinema,United States of America
2335,2335,"Waterboy, The (1998)",Comedy,1998.0,120484,10663,tt0120484,movie,0.0,1998.0,90.0,"Comedy,Sport",6.2,191952.0,nm0178997,Frank Coraci,10663,ok,The Waterboy,1998-11-06,en,3.9307,23000000,185991646,Released,6.055,2006,Touchstone Pictures,United States of America
2336,2336,Elizabeth (1998),Drama,1998.0,127536,4518,tt0127536,movie,0.0,1998.0,124.0,"Biography,Drama,History",7.4,110196.0,nm0001408,Shekhar Kapur,4518,ok,Elizabeth,1998-09-13,en,4.2983,30000000,82150642,Released,7.165,1497,PolyGram Filmed Entertainment,United Kingdom
2340,2340,Meet Joe Black (1998),Romance,1998.0,119643,297,tt0119643,movie,0.0,1998.0,178.0,"Drama,Fantasy,Romance",7.2,299961.0,nm0000976,Martin Brest,297,ok,Meet Joe Black,1998-11-12,en,9.6592,90000000,142940100,Released,7.358,5712,Universal Pictures,United States of America
2352,2352,"Big Chill, The (1983)",Comedy|Drama,1983.0,85244,12560,tt0085244,movie,0.0,1983.0,105.0,"Comedy,Drama",7.1,45501.0,nm0001410,Lawrence Kasdan,12560,ok,The Big Chill,1983-09-30,en,2.8544,8000000,56342711,Released,6.842,649,Carson Productions,United States of America
2353,2353,Enemy of the State (1998),Action|Thriller,1998.0,120660,9798,tt0120660,movie,0.0,1998.0,132.0,"Action,Thriller",7.3,274777.0,nm0001716,Tony Scott,9798,ok,Enemy of the State,1998-11-20,en,5.2669,90000000,250649836,Released,7.062,4224,Touchstone Pictures,United Kingdom
2355,2355,"Bug's Life, A (1998)",Adventure|Animation|Children|Comedy,1998.0,120623,9487,tt0120623,movie,0.0,1998.0,95.0,"Adventure,Animation,Comedy",7.2,337923.0,nm0005124,John Lasseter,9487,ok,A Bug's Life,1998-11-25,en,10.6768,80000000,363258859,Released,6.974,9687,Pixar,United States of America
2359,2359,Waking Ned Devine (a.k.a. Waking Ned) (1998),Comedy,1998.0,166396,10162,tt0166396,movie,0.0,1998.0,91.0,Comedy,7.3,29800.0,nm0428600,Kirk Jones,10162,ok,Waking Ned,1998-11-20,en,1.6867,3000000,43515982,Released,7.062,338,Tomboy Films,France
2366,2366,King Kong (1933),Action|Adventure|Fantasy|Horror,1933.0,24216,244,tt0024216,movie,0.0,1933.0,100.0,"Adventure,Horror",7.9,95920.0,nm0178260,Merian C. Cooper,244,ok,King Kong,1933-04-07,en,4.7995,672000,10001781,Released,7.596,1606,RKO Radio Pictures,United States of America
2369,2369,Desperately Seeking Susan (1985),Comedy|Drama|Romance,1985.0,89017,8130,tt0089017,movie,0.0,1985.0,104.0,"Comedy,Drama",6.2,28855.0,nm0782384,Susan Seidelman,8130,ok,Desperately Seeking Susan,1985-03-29,en,2.4682,4500000,27399597,Released,6.071,503,Orion Pictures,United States of America
2371,2371,Fletch (1985),Comedy|Crime|Mystery,1985.0,89155,9749,tt0089155,movie,0.0,1985.0,98.0,"Comedy,Crime,Mystery",6.9,61402.0,nm0006916,Michael Ritchie,9749,ok,Fletch,1985-05-31,en,3.3836,8000000,59612888,Released,6.749,762,Universal Pictures,United States of America
2375,2375,"Money Pit, The (1986)",Comedy,1986.0,91541,10466,tt0091541,movie,0.0,1986.0,90.0,Comedy,6.4,66943.0,nm0000907,Richard Benjamin,10466,ok,The Money Pit,1986-03-26,en,3.9685,10000000,54999651,Released,6.511,1230,Amblin Entertainment,United States of America
2376,2376,"View to a Kill, A (1985)",Action|Adventure|Thriller,1985.0,90264,707,tt0090264,movie,0.0,1985.0,131.0,"Action,Adventure,Thriller",6.3,112824.0,nm0322515,John Glen,707,ok,A View to a Kill,1985-05-24,en,4.7446,30000000,152427960,Released,6.249,2185,EON Productions,United Kingdom
2378,2378,Police Academy (1984),Comedy|Crime,1984.0,87928,9336,tt0087928,movie,0.0,1984.0,96.0,Comedy,6.7,149006.0,nm0933505,Hugh Wilson,9336,ok,Police Academy,1984-03-22,en,7.5904,4500000,81198894,Released,6.7,2973,The Ladd Company,United States of America
2384,2384,Babe: Pig in the City (1998),Adventure|Children|Drama,1998.0,120595,9447,tt0120595,movie,0.0,1998.0,97.0,"Adventure,Comedy,Drama",5.9,37533.0,nm0004306,George Miller,9447,ok,Babe: Pig in the City,1998-11-25,en,3.562,90000000,69100000,Released,5.67,1319,Kennedy Miller Productions,Australia
2391,2391,"Simple Plan, A (1998)",Crime|Drama|Thriller,1998.0,120324,10223,tt0120324,movie,0.0,1998.0,121.0,"Crime,Drama,Thriller",7.5,83641.0,nm0000600,Sam Raimi,10223,ok,A Simple Plan,1998-12-11,en,3.4902,17000000,16316273,Released,7.212,1069,Paramount Pictures,United States of America
2393,2393,Star Trek: Insurrection (1998),Action|Drama|Romance|Sci-Fi,1998.0,120844,200,tt0120844,movie,0.0,1998.0,103.0,"Action,Adventure,Sci-Fi",6.4,83135.0,nm0000408,Jonathan Frakes,200,ok,Star Trek: Insurrection,1998-12-11,en,3.7729,70000000,112587658,Released,6.444,1340,Paramount Pictures,United States of America
2394,2394,"Prince of Egypt, The (1998)",Animation|Musical,1998.0,120794,9837,tt0120794,movie,0.0,1998.0,99.0,"Adventure,Animation,Drama",7.2,162163.0,nm0152312,Brenda Chapman,9837,ok,The Prince of Egypt,1998-12-16,en,9.0723,70000000,218613188,Released,7.305,4280,DreamWorks Pictures,United States of America
2395,2395,Rushmore (1998),Comedy|Drama,1998.0,128445,11545,tt0128445,movie,0.0,1998.0,93.0,"Comedy,Drama,Romance",7.6,208327.0,nm0027572,Wes Anderson,11545,ok,Rushmore,1998-12-11,en,3.8942,9000000,17096053,Released,7.398,2711,Touchstone Pictures,United States of America
2396,2396,Shakespeare in Love (1998),Comedy|Drama|Romance,1998.0,138097,1934,tt0138097,movie,0.0,1998.0,123.0,"Comedy,Drama,History",7.1,243033.0,nm0006960,John Madden,1934,ok,Shakespeare in Love,1998-12-11,en,4.2275,25000000,289317794,Released,6.836,3195,Miramax,United States of America
2403,2403,First Blood (Rambo: First Blood) (1982),Action|Adventure|Drama|Thriller,1982.0,83944,1368,tt0083944,movie,0.0,1982.0,93.0,"Action,Adventure,Thriller",7.7,301062.0,nm0467646,Ted Kotcheff,1368,ok,First Blood,1982-10-22,en,11.424,15000000,125212904,Released,7.505,6846,Carolco Pictures,United States of America
2405,2405,"Jewel of the Nile, The (1985)",Action|Adventure|Comedy|Romance,1985.0,89370,10303,tt0089370,movie,0.0,1985.0,106.0,"Action,Adventure,Comedy",6.1,66206.0,nm0853546,Lewis Teague,10303,ok,The Jewel of the Nile,1985-08-01,en,3.4267,25000000,96800000,Released,6.2,1266,SLM Production Group,United States of America
2406,2406,Romancing the Stone (1984),Action|Adventure|Comedy|Romance,1984.0,88011,9326,tt0088011,movie,0.0,1984.0,106.0,"Action,Adventure,Comedy",6.9,111946.0,nm0000709,Robert Zemeckis,9326,ok,Romancing the Stone,1984-03-30,en,4.7339,10000000,86572238,Released,6.8,2028,SLM Production Group,United States of America
2407,2407,Cocoon (1985),Comedy|Sci-Fi,1985.0,88933,10328,tt0088933,movie,0.0,1985.0,117.0,"Comedy,Drama,Sci-Fi",6.7,73257.0,nm0000165,Ron Howard,10328,ok,Cocoon,1985-06-21,en,3.7828,17500000,85300000,Released,6.638,1397,SLM Production Group,United States of America
2409,2409,Rocky II (1979),Action|Drama,1979.0,79817,1367,tt0079817,movie,0.0,1979.0,119.0,"Drama,Sport",7.3,249423.0,nm0000230,Sylvester Stallone,1367,ok,Rocky II,1979-06-15,en,5.7684,7000000,200182160,Released,7.288,4763,United Artists,United States of America
2410,2410,Rocky III (1982),Action|Drama,1982.0,84602,1371,tt0084602,movie,0.0,1982.0,99.0,"Drama,Sport",6.9,228113.0,nm0000230,Sylvester Stallone,1371,ok,Rocky III,1982-05-28,en,6.7116,17000000,125052898,Released,6.899,4469,United Artists,United States of America
2411,2411,Rocky IV (1985),Action|Drama,1985.0,89927,1374,tt0089927,movie,0.0,1985.0,91.0,"Drama,Sport",6.9,244863.0,nm0000230,Sylvester Stallone,1374,ok,Rocky IV,1985-11-21,en,6.3626,31000000,300473716,Released,7.082,4785,United Artists,United States of America
2420,2420,"Karate Kid, The (1984)",Drama,1984.0,87538,1885,tt0087538,movie,0.0,1984.0,126.0,"Action,Drama,Family",7.3,271073.0,nm0000814,John G. Avildsen,1885,ok,The Karate Kid,1984-06-22,en,8.2788,8000000,91138075,Released,7.217,4682,Columbia Pictures,United States of America
2421,2421,"Karate Kid, Part II, The (1986)",Action|Adventure|Drama,1986.0,91326,8856,tt0091326,movie,0.0,1986.0,113.0,"Action,Family,Sport",6.2,109510.0,nm0000814,John G. Avildsen,8856,ok,The Karate Kid Part II,1986-06-18,en,8.3712,13000000,115103979,Released,6.335,2460,Columbia Pictures,United States of America
2423,2423,Christmas Vacation (National Lampoon's Christmas Vacation) (1989),Comedy,1989.0,97958,5825,tt0097958,movie,0.0,1989.0,97.0,Comedy,7.5,247163.0,nm0154819,Jeremiah S. Chechik,5825,ok,National Lampoon's Christmas Vacation,1989-11-30,en,5.8199,27000000,74542088,Released,7.234,2685,Hughes Entertainment,United States of America
2424,2424,You've Got Mail (1998),Comedy|Romance,1998.0,128853,9489,tt0128853,movie,0.0,1998.0,119.0,"Comedy,Drama,Romance",6.7,245725.0,nm0001188,Nora Ephron,9489,ok,You've Got Mail,1998-12-18,en,5.4969,65000000,250800000,Released,6.702,3618,Warner Bros. Pictures,United States of America
2427,2427,"Thin Red Line, The (1998)",Action|Drama|War,1998.0,120863,8741,tt0120863,movie,0.0,1998.0,170.0,"Drama,History,War",7.6,212953.0,nm0000517,Terrence Malick,8741,ok,The Thin Red Line,1998-12-23,en,5.4985,52000000,98126565,Released,7.441,3276,Fox 2000 Pictures,United States of America
2428,2428,"Faculty, The (1998)",Horror|Sci-Fi,1998.0,133751,9276,tt0133751,movie,0.0,1998.0,104.0,"Horror,Mystery,Sci-Fi",6.6,147592.0,nm0001675,Robert Rodriguez,9276,ok,The Faculty,1998-12-25,en,8.0203,15000000,40283321,Released,6.56,2226,Los Hooligans Productions,United States of America
2431,2431,Patch Adams (1998),Comedy|Drama,1998.0,129290,10312,tt0129290,movie,0.0,1998.0,115.0,"Biography,Comedy,Drama",6.9,129990.0,nm0001723,Tom Shadyac,10312,ok,Patch Adams,1998-12-25,en,5.2989,50000000,202292902,Released,7.309,3431,Universal Pictures,United States of America
2455,2455,"Fly, The (1986)",Drama|Horror|Sci-Fi|Thriller,1986.0,91064,9426,tt0091064,movie,0.0,1986.0,96.0,"Drama,Horror,Sci-Fi",7.6,224066.0,nm0000343,David Cronenberg,9426,ok,The Fly,1986-08-15,en,9.981,15000000,60629159,Released,7.43,4939,SLM Production Group,Canada
2470,2470,Crocodile Dundee (1986),Adventure|Comedy,1986.0,90555,9671,tt0090555,movie,0.0,1986.0,97.0,"Adventure,Comedy",6.7,124233.0,nm0265363,Peter Faiman,9671,ok,Crocodile Dundee,1986-09-26,en,5.7192,5000000,328203506,Released,6.442,2104,Rimfire Films,Australia
2471,2471,Crocodile Dundee II (1988),Action|Adventure|Comedy,1988.0,92493,9396,tt0092493,movie,0.0,1988.0,111.0,"Action,Adventure,Comedy",5.7,64393.0,nm0180257,John Cornell,9396,ok,Crocodile Dundee II,1988-05-19,en,3.3903,14000000,239606210,Released,5.881,1215,Rimfire Films,Australia
2478,2478,¡Three Amigos! (1986),Comedy|Western,1986.0,92086,8388,tt0092086,movie,0.0,1986.0,104.0,"Comedy,Western",6.5,92296.0,nm0000484,John Landis,8388,ok,¡Three Amigos!,1986-12-12,en,4.431,25000000,39200000,Released,6.321,1141,L.A. Films,United States of America
2485,2485,She's All That (1999),Comedy|Romance,1999.0,160862,10314,tt0160862,movie,0.0,1999.0,95.0,"Comedy,Romance",6.0,113268.0,nm0410769,Robert Iscove,10314,ok,She's All That,1999-01-29,en,4.4747,10000000,103166989,Released,6.312,2234,Tapestry Films,United States of America
2490,2490,Payback (1999),Action|Thriller,1999.0,120784,2112,tt0120784,movie,0.0,1999.0,100.0,"Action,Crime,Drama",7.0,153650.0,nm0001338,Brian Helgeland,2112,ok,Payback,1999-02-05,en,5.8095,90000000,161626121,Released,6.821,1985,Icon Productions,United States of America
2496,2496,Blast from the Past (1999),Comedy|Romance,1999.0,124298,11622,tt0124298,movie,0.0,1999.0,112.0,"Comedy,Drama,Romance",6.7,77462.0,nm0933505,Hugh Wilson,11622,ok,Blast from the Past,1999-02-12,en,4.9109,35000000,40263020,Released,6.772,1211,Midnight Sun Pictures,United States of America
2501,2501,October Sky (1999),Drama,1999.0,132477,13466,tt0132477,movie,0.0,1999.0,108.0,"Biography,Drama,Family",7.8,111891.0,nm0002653,Joe Johnston,13466,ok,October Sky,1999-02-19,en,4.0804,25000000,34698685,Released,7.673,1419,Universal Pictures,United States of America
2502,2502,Office Space (1999),Comedy|Crime,1999.0,151804,1542,tt0151804,movie,0.0,1999.0,89.0,Comedy,7.6,308464.0,nm0431918,Mike Judge,1542,ok,Office Space,1999-02-19,en,4.9254,10000000,12800000,Released,7.372,3362,20th Century Fox,United States of America
2528,2528,Logan's Run (1976),Action|Adventure|Sci-Fi,1976.0,74812,10803,tt0074812,movie,0.0,1976.0,119.0,"Action,Adventure,Sci-Fi",6.8,65577.0,nm0027183,Michael Anderson,10803,ok,Logan's Run,1976-06-23,en,2.6569,9000000,25000000,Released,6.608,1030,Metro-Goldwyn-Mayer,United States of America
2529,2529,Planet of the Apes (1968),Action|Drama|Sci-Fi,1968.0,63442,871,tt0063442,movie,0.0,1968.0,112.0,"Adventure,Sci-Fi",8.0,210732.0,nm0769874,Franklin J. Schaffner,871,ok,Planet of the Apes,1968-02-07,en,9.5867,5800000,32589624,Released,7.7,3930,APJAC Productions,United States of America
2539,2539,Analyze This (1999),Comedy,1999.0,122933,9535,tt0122933,movie,0.0,1999.0,103.0,"Comedy,Crime",6.7,169350.0,nm0000601,Harold Ramis,9535,ok,Analyze This,1999-03-05,en,3.7347,80000000,176885658,Released,6.513,2115,Warner Bros. Pictures,United States of America
2541,2541,Cruel Intentions (1999),Drama,1999.0,139134,796,tt0139134,movie,0.0,1999.0,97.0,"Drama,Romance",6.8,220286.0,nm0474955,Roger Kumble,796,ok,Cruel Intentions,1999-03-05,en,14.9752,10500000,76347426,Released,6.798,3544,Newmarket Capital Group,United States of America
2542,2542,"Lock, Stock & Two Smoking Barrels (1998)",Comedy|Crime|Thriller,1998.0,120735,100,tt0120735,movie,0.0,1998.0,107.0,"Comedy,Crime",8.1,649994.0,nm0005363,Guy Ritchie,100,ok,"Lock, Stock and Two Smoking Barrels",1998-08-28,en,3.0362,1350000,28356188,Released,8.094,7160,The Steve Tisch Company,United Kingdom
2571,2571,"Matrix, The (1999)",Action|Sci-Fi|Thriller,1999.0,133093,603,tt0133093,movie,0.0,1999.0,136.0,"Action,Sci-Fi",8.7,2245353.0,nm0905154,Lana Wachowski,603,ok,The Matrix,1999-03-31,en,33.3681,63000000,463517383,Released,8.243,27750,Village Roadshow Pictures,United States of America
2572,2572,10 Things I Hate About You (1999),Comedy|Romance,1999.0,147800,4951,tt0147800,movie,0.0,1999.0,97.0,"Comedy,Drama,Romance",7.4,449433.0,nm0432627,Gil Junger,4951,ok,10 Things I Hate About You,1999-03-30,en,14.8887,16000000,53478166,Released,7.589,8865,Mad Chance,United States of America
2580,2580,Go (1999),Comedy|Crime,1999.0,139239,9430,tt0139239,movie,0.0,1999.0,102.0,"Comedy,Crime",7.2,79882.0,nm0510731,Doug Liman,9430,ok,Go,1999-04-09,en,4.1278,6500000,28451622,Released,6.991,811,Banner Entertainment,United States of America
2581,2581,Never Been Kissed (1999),Comedy|Romance,1999.0,151738,11355,tt0151738,movie,0.0,1999.0,107.0,"Comedy,Drama,Romance",6.0,103046.0,nm0331532,Raja Gosnell,11355,ok,Never Been Kissed,1999-04-09,en,3.5423,25000000,84565230,Released,6.162,1573,Fox 2000 Pictures,United States of America
2598,2598,Pushing Tin (1999),Comedy,1999.0,120797,12596,tt0120797,movie,0.0,1999.0,124.0,"Comedy,Drama,Romance",6.0,31733.0,nm0001565,Mike Newell,12596,ok,Pushing Tin,1999-04-23,en,2.2978,33000000,8408835,Released,5.871,433,Taurus Film,Germany
2599,2599,Election (1999),Comedy,1999.0,126886,9451,tt0126886,movie,0.0,1999.0,103.0,"Comedy,Romance",7.2,111514.0,nm0668247,Alexander Payne,9451,ok,Election,1999-04-23,en,3.1714,25000000,14902041,Released,6.86,1179,Paramount Pictures,United States of America
2600,2600,eXistenZ (1999),Action|Sci-Fi|Thriller,1999.0,120907,1946,tt0120907,movie,0.0,1999.0,97.0,"Horror,Mystery,Sci-Fi",6.8,113669.0,nm0000343,David Cronenberg,1946,ok,eXistenZ,1999-04-14,en,4.6774,15000000,2856712,Released,6.786,2157,Alliance Atlantis,Canada
2605,2605,Entrapment (1999),Crime|Thriller,1999.0,137494,1844,tt0137494,movie,0.0,1999.0,113.0,"Action,Crime,Romance",6.3,129768.0,nm0000750,Jon Amiel,1844,ok,Entrapment,1999-04-29,en,3.8314,66000000,212404400,Released,6.236,2215,Fountainbridge Films,United Kingdom
2616,2616,Dick Tracy (1990),Action|Crime,1990.0,99422,8592,tt0099422,movie,0.0,1990.0,105.0,"Action,Comedy,Crime",6.2,70023.0,nm0000886,Warren Beatty,8592,ok,Dick Tracy,1990-06-15,en,2.832,47000000,103738726,Released,6.154,1037,Touchstone Pictures,United States of America
2617,2617,"Mummy, The (1999)",Action|Adventure|Comedy|Fantasy|Horror|Thriller,1999.0,120616,564,tt0120616,movie,0.0,1999.0,124.0,"Action,Adventure,Fantasy",7.1,501561.0,nm0814085,Stephen Sommers,564,ok,The Mummy,1999-04-16,en,20.6927,80000000,415885488,Released,6.967,9924,Alphaville Films,United States of America
2628,2628,Star Wars: Episode I - The Phantom Menace (1999),Action|Adventure|Sci-Fi,1999.0,120915,1893,tt0120915,movie,0.0,1999.0,136.0,"Action,Adventure,Fantasy",6.5,925537.0,nm0000184,George Lucas,1893,ok,Star Wars: Episode I - The Phantom Menace,1999-05-19,en,11.3148,115000000,924317558,Released,6.573,15750,Lucasfilm Ltd.,United States of America
2640,2640,Superman (1978),Action|Adventure|Sci-Fi,1978.0,78346,1924,tt0078346,movie,0.0,1978.0,143.0,"Action,Adventure,Sci-Fi",7.4,207548.0,nm0001149,Richard Donner,1924,ok,Superman,1978-12-14,en,8.7857,55000000,300478449,Released,7.161,4243,Dovemead Films,United Kingdom
2641,2641,Superman II (1980),Action|Sci-Fi,1980.0,81573,8536,tt0081573,movie,0.0,1980.0,127.0,"Action,Adventure,Sci-Fi",6.8,124549.0,nm0504513,Richard Lester,8536,ok,Superman II,1980-12-12,en,6.0446,54000000,216385706,Released,6.752,2504,Dovemead Films,United Kingdom
2642,2642,Superman III (1983),Action|Adventure|Sci-Fi,1983.0,86393,9531,tt0086393,movie,0.0,1983.0,125.0,"Action,Adventure,Comedy",5.0,81297.0,nm0504513,Richard Lester,9531,ok,Superman III,1983-06-17,en,3.9673,39000000,80250623,Released,5.507,1865,Dovemead Films,United States of America
2657,2657,"Rocky Horror Picture Show, The (1975)",Comedy|Horror|Musical|Sci-Fi,1975.0,73629,36685,tt0073629,movie,0.0,1975.0,100.0,"Comedy,Horror,Musical",7.4,183506.0,nm0788940,Jim Sharman,36685,ok,The Rocky Horror Picture Show,1975-08-14,en,5.2332,1400000,171181400,Released,7.4,3116,20th Century Fox,United Kingdom
2671,2671,Notting Hill (1999),Comedy|Romance,1999.0,125439,509,tt0125439,movie,0.0,1999.0,124.0,"Comedy,Drama,Romance",7.2,384195.0,nm0585011,Roger Michell,509,ok,Notting Hill,1999-05-21,en,8.0461,42000000,363889678,Released,7.267,6690,Working Title Films,United Kingdom
2683,2683,Austin Powers: The Spy Who Shagged Me (1999),Action|Adventure|Comedy,1999.0,145660,817,tt0145660,movie,0.0,1999.0,95.0,"Action,Adventure,Comedy",6.7,262542.0,nm0005366,Jay Roach,817,ok,Austin Powers: The Spy Who Shagged Me,1999-06-08,en,5.9622,33000000,312016928,Released,6.305,3652,New Line Cinema,United States of America
2687,2687,Tarzan (1999),Adventure|Animation|Children|Drama,1999.0,120855,37135,tt0120855,movie,0.0,1999.0,88.0,"Adventure,Animation,Comedy",7.3,268698.0,nm0118333,Chris Buck,37135,ok,Tarzan,1999-06-17,en,10.635,130000000,448200000,Released,7.397,7291,Walt Disney Pictures,United States of America
2692,2692,Run Lola Run (Lola rennt) (1998),Action|Crime,1998.0,130827,104,tt0130827,movie,0.0,1998.0,80.0,"Action,Crime,Thriller",7.6,217930.0,nm0878756,Tom Tykwer,104,ok,Run Lola Run,1998-08-20,de,3.9179,1530000,7660911,Released,7.297,2544,X Filme Creative Pool,Germany
2694,2694,Big Daddy (1999),Comedy,1999.0,142342,9032,tt0142342,movie,0.0,1999.0,93.0,"Comedy,Drama",6.5,251605.0,nm0240797,Dennis Dugan,9032,ok,Big Daddy,1999-06-25,en,5.0789,34200000,234801895,Released,6.492,3524,Columbia Pictures,United States of America
2699,2699,Arachnophobia (1990),Comedy|Horror,1990.0,99052,6488,tt0099052,movie,0.0,1990.0,109.0,"Comedy,Horror,Thriller",6.5,80657.0,nm0550881,Frank Marshall,6488,ok,Arachnophobia,1990-07-20,en,2.03,31000000,53200000,Released,6.447,1515,Amblin Entertainment,United States of America
2700,2700,"South Park: Bigger, Longer and Uncut (1999)",Animation|Comedy|Musical,1999.0,158983,9473,tt0158983,movie,0.0,1999.0,81.0,"Animation,Comedy,Fantasy",7.7,224579.0,nm0005295,Trey Parker,9473,ok,"South Park: Bigger, Longer & Uncut",1999-06-24,en,4.1016,21000000,83137864,Released,7.28,2930,Paramount Pictures,United States of America
2701,2701,Wild Wild West (1999),Action|Comedy|Sci-Fi|Western,1999.0,120891,8487,tt0120891,movie,0.0,1999.0,106.0,"Action,Comedy,Sci-Fi",4.9,173438.0,nm0001756,Barry Sonnenfeld,8487,ok,Wild Wild West,1999-06-30,en,4.7836,170000000,222104681,Released,5.321,3566,Warner Bros. Pictures,United States of America
2706,2706,American Pie (1999),Comedy|Romance,1999.0,163651,2105,tt0163651,movie,0.0,1999.0,95.0,Comedy,7.0,468214.0,nm0919369,Paul Weitz,2105,ok,American Pie,1999-07-09,en,17.769,11000000,235483004,Released,6.604,8255,Zide-Perry Productions,United States of America
2707,2707,Arlington Road (1999),Thriller,1999.0,137363,1073,tt0137363,movie,0.0,1999.0,117.0,"Action,Crime,Drama",7.2,98620.0,nm0671210,Mark Pellington,1073,ok,Arlington Road,1999-03-19,en,4.9516,31000000,41100000,Released,7.041,1236,Lakeshore Entertainment,United States of America
2710,2710,"Blair Witch Project, The (1999)",Drama|Horror|Thriller,1999.0,185937,2667,tt0185937,movie,0.0,1999.0,81.0,"Horror,Mystery",6.5,316675.0,nm0617130,Daniel Myrick,2667,ok,The Blair Witch Project,1999-07-14,en,7.219,60000,248639099,Released,6.364,5393,Haxan Films,United States of America
2712,2712,Eyes Wide Shut (1999),Drama|Mystery|Thriller,1999.0,120663,345,tt0120663,movie,0.0,1999.0,159.0,"Drama,Mystery,Thriller",7.5,428561.0,nm0000040,Stanley Kubrick,345,ok,Eyes Wide Shut,1999-07-16,en,12.9388,67,162100000,Released,7.486,6982,Warner Bros. Pictures,United Kingdom
2716,2716,Ghostbusters (a.k.a. Ghost Busters) (1984),Action|Comedy|Sci-Fi,1984.0,87332,620,tt0087332,movie,0.0,1984.0,105.0,"Action,Comedy,Fantasy",7.8,487076.0,nm0718645,Ivan Reitman,620,ok,Ghostbusters,1984-06-08,en,10.1421,30000000,296640120,Released,7.495,9699,Columbia Pictures,United States of America
2717,2717,Ghostbusters II (1989),Comedy|Fantasy|Sci-Fi,1989.0,97428,2978,tt0097428,movie,0.0,1989.0,108.0,"Action,Comedy,Fantasy",6.6,239678.0,nm0718645,Ivan Reitman,2978,ok,Ghostbusters II,1989-06-16,en,5.139,37000000,215394738,Released,6.597,4820,Columbia Pictures,United States of America
2720,2720,Inspector Gadget (1999),Action|Adventure|Children|Comedy,1999.0,141369,332,tt0141369,movie,0.0,1999.0,78.0,"Action,Adventure,Comedy",4.2,53868.0,nm0446109,David Kellogg,332,ok,Inspector Gadget,1999-07-23,en,3.2671,75000000,134403112,Released,4.502,1311,DiC Entertainment,United States of America
2722,2722,Deep Blue Sea (1999),Action|Horror|Sci-Fi|Thriller,1999.0,149261,8914,tt0149261,movie,0.0,1999.0,105.0,"Action,Adventure,Sci-Fi",5.9,151432.0,nm0001317,Renny Harlin,8914,ok,Deep Blue Sea,1999-07-28,en,5.3349,60000000,164648231,Released,5.994,2640,Riche-Ludwig Productions,Australia
2723,2723,Mystery Men (1999),Action|Comedy|Fantasy,1999.0,132347,9824,tt0132347,movie,0.0,1999.0,121.0,"Action,Comedy,Fantasy",6.1,73895.0,nm0882330,Kinka Usher,9824,ok,Mystery Men,1999-08-06,en,4.2122,68000000,29762011,Released,5.842,906,Universal Pictures,United States of America
2724,2724,Runaway Bride (1999),Comedy|Romance,1999.0,163187,4806,tt0163187,movie,0.0,1999.0,116.0,"Comedy,Romance",5.6,110553.0,nm0005190,Garry Marshall,4806,ok,Runaway Bride,1999-07-30,en,4.8375,70000000,309500000,Released,6.107,2159,Paramount Pictures,United States of America
2746,2746,Little Shop of Horrors (1986),Comedy|Horror|Musical,1986.0,91419,10776,tt0091419,movie,0.0,1986.0,94.0,"Comedy,Horror,Musical",7.1,94630.0,nm0000568,Frank Oz,10776,ok,Little Shop of Horrors,1986-12-19,en,4.7254,25000000,53964308,Released,6.964,1617,Geffen Pictures,United States of America
2761,2761,"Iron Giant, The (1999)",Adventure|Animation|Children|Drama|Sci-Fi,1999.0,129167,10386,tt0129167,movie,0.0,1999.0,86.0,"Action,Adventure,Animation",8.1,260144.0,nm0083348,Brad Bird,10386,ok,The Iron Giant,1999-08-06,en,7.0034,50000000,23300000,Released,7.952,6122,Warner Bros. Feature Animation,United States of America
2762,2762,"Sixth Sense, The (1999)",Drama|Horror|Mystery,1999.0,167404,745,tt0167404,movie,0.0,1999.0,107.0,"Drama,Mystery,Thriller",8.2,1143652.0,nm0796117,M. Night Shyamalan,745,ok,The Sixth Sense,1999-08-06,en,11.7658,40000000,672800000,Released,7.951,12791,Spyglass Entertainment,United States of America
2763,2763,"Thomas Crown Affair, The (1999)",Action|Mystery,1999.0,155267,913,tt0155267,movie,0.0,1999.0,113.0,"Crime,Romance,Thriller",6.9,109184.0,nm0001532,John McTiernan,913,ok,The Thomas Crown Affair,1999-08-06,en,4.8167,48000000,124305181,Released,6.749,1344,United Artists,United States of America
2770,2770,Bowfinger (1999),Comedy,1999.0,131325,11353,tt0131325,movie,0.0,1999.0,97.0,Comedy,6.5,77741.0,nm0000568,Frank Oz,11353,ok,Bowfinger,1999-08-12,en,3.2801,55000000,98625775,Released,6.179,940,Universal Pictures,United States of America
2788,2788,Monty Python's And Now for Something Completely Different (1971),Comedy,1971.0,66765,9267,tt0066765,movie,0.0,1971.0,88.0,Comedy,7.5,32690.0,nm0534084,Ian MacNaughton,9267,ok,And Now for Something Completely Different,1971-09-28,en,1.5491,100000,7000,Released,7.215,579,Kettledrum Films,United Kingdom
2791,2791,Airplane! (1980),Comedy,1980.0,80339,813,tt0080339,movie,0.0,1980.0,88.0,Comedy,7.7,287694.0,nm0000720,Jim Abrahams,813,ok,Airplane!,1980-06-27,en,9.3307,3500000,83453539,Released,7.307,5033,Paramount Pictures,United States of America
2795,2795,National Lampoon's Vacation (1983),Comedy,1983.0,85995,11153,tt0085995,movie,0.0,1983.0,98.0,"Adventure,Comedy",7.3,128361.0,nm0000601,Harold Ramis,11153,ok,National Lampoon's Vacation,1983-07-29,en,5.5629,15000000,61418063,Released,7.099,1721,Warner Bros. Pictures,United States of America
2797,2797,Big (1988),Comedy|Drama|Fantasy|Romance,1988.0,94737,2280,tt0094737,movie,0.0,1988.0,104.0,"Comedy,Drama,Fantasy",7.3,260238.0,nm0001508,Penny Marshall,2280,ok,Big,1988-06-03,en,6.9138,18000000,151927281,Released,7.185,4016,American Entertainment Partners II L.P.,United States of America
2804,2804,"Christmas Story, A (1983)",Children|Comedy,1983.0,85334,850,tt0085334,movie,0.0,1983.0,93.0,"Comedy,Family",7.9,180729.0,nm0163706,Bob Clark,850,ok,A Christmas Story,1983-11-18,en,3.1409,3300000,20700000,Released,7.23,1412,Metro-Goldwyn-Mayer,United States of America
2805,2805,Mickey Blue Eyes (1999),Comedy|Romance,1999.0,130121,10154,tt0130121,movie,0.0,1999.0,102.0,"Comedy,Crime,Romance",5.9,39622.0,nm0538614,Kelly Makin,10154,ok,Mickey Blue Eyes,1999-08-16,en,2.489,75000000,54264342,Released,5.695,595,Castle Rock Entertainment,United Kingdom
2826,2826,"13th Warrior, The (1999)",Action|Adventure|Fantasy,1999.0,120657,1911,tt0120657,movie,0.0,1999.0,102.0,"Action,Adventure,History",6.6,139315.0,nm0001532,John McTiernan,1911,ok,The 13th Warrior,1999-08-13,en,4.772,120000000,61698899,Released,6.7,2022,Touchstone Pictures,United States of America
2840,2840,Stigmata (1999),Drama|Thriller,1999.0,145531,10307,tt0145531,movie,0.0,1999.0,103.0,"Horror,Mystery",6.2,77340.0,nm0906548,Rupert Wainwright,10307,ok,Stigmata,1999-09-02,en,3.7648,29000000,50041732,Released,6.292,1231,FGM Entertainment,United States of America
2858,2858,American Beauty (1999),Drama|Romance,1999.0,169547,14,tt0169547,movie,0.0,1999.0,122.0,Drama,8.3,1279189.0,nm0005222,Sam Mendes,14,ok,American Beauty,1999-09-15,en,8.9877,15000000,356296601,Released,8.0,12984,DreamWorks Pictures,United States of America
2871,2871,Deliverance (1972),Adventure|Drama|Thriller,1972.0,68473,10669,tt0068473,movie,0.0,1972.0,109.0,"Adventure,Drama,Thriller",7.6,128793.0,nm0000958,John Boorman,10669,ok,Deliverance,1972-08-18,en,3.8696,2000000,46122355,Released,7.322,1795,Warner Bros. Pictures,United States of America
2872,2872,Excalibur (1981),Adventure|Fantasy,1981.0,82348,11527,tt0082348,movie,0.0,1981.0,140.0,"Adventure,Drama,Fantasy",7.3,73370.0,nm0000958,John Boorman,11527,ok,Excalibur,1981-04-10,en,4.7106,11000000,35000000,Released,6.95,1142,Orion Pictures,United Kingdom
2890,2890,Three Kings (1999),Action|Adventure|Comedy|Drama|War,1999.0,120188,6415,tt0120188,movie,0.0,1999.0,114.0,"Action,Adventure,Comedy",7.1,187558.0,nm0751102,David O. Russell,6415,ok,Three Kings,1999-09-27,en,4.2499,75000000,108000000,Released,6.647,2279,Village Roadshow Pictures,United States of America
2908,2908,Boys Don't Cry (1999),Drama,1999.0,171804,226,tt0171804,movie,0.0,1999.0,118.0,"Biography,Crime,Drama",7.5,107700.0,nm0005303,Kimberly Peirce,226,ok,Boys Don't Cry,1999-09-02,en,3.4166,2000000,11540607,Released,7.42,1455,Fox Searchlight Pictures,United States of America
2915,2915,Risky Business (1983),Comedy,1983.0,86200,9346,tt0086200,movie,0.0,1983.0,99.0,"Comedy,Crime,Drama",6.8,108136.0,nm0001887,Paul Brickman,9346,ok,Risky Business,1983-08-05,en,4.1681,6200000,63541777,Released,6.587,1449,Geffen Pictures,United States of America
2916,2916,Total Recall (1990),Action|Adventure|Sci-Fi|Thriller,1990.0,100802,861,tt0100802,movie,0.0,1990.0,113.0,"Action,Adventure,Sci-Fi",7.5,380949.0,nm0000682,Paul Verhoeven,861,ok,Total Recall,1990-06-01,en,8.431,65000000,261317921,Released,7.318,6419,Carolco Pictures,United States of America
2918,2918,Ferris Bueller's Day Off (1986),Comedy,1986.0,91042,9377,tt0091042,movie,0.0,1986.0,103.0,Comedy,7.8,415689.0,nm0000455,John Hughes,9377,ok,Ferris Bueller's Day Off,1986-06-11,en,6.1679,6000000,70100000,Released,7.57,5348,Paramount Pictures,United States of America
2944,2944,"Dirty Dozen, The (1967)",Action|Drama|War,1967.0,61578,1654,tt0061578,movie,0.0,1967.0,150.0,"Action,Adventure,War",7.7,84023.0,nm0000736,Robert Aldrich,1654,ok,The Dirty Dozen,1967-06-15,en,5.0914,5400000,45300000,Released,7.6,1307,Seven Arts Pictures,United Kingdom
2947,2947,Goldfinger (1964),Action|Adventure|Thriller,1964.0,58150,658,tt0058150,movie,0.0,1964.0,110.0,"Action,Adventure,Thriller",7.7,217636.0,nm0357891,Guy Hamilton,658,ok,Goldfinger,1964-09-20,en,6.3099,3000000,124900000,Released,7.354,3948,EON Productions,United Kingdom
2948,2948,From Russia with Love (1963),Action|Adventure|Thriller,1963.0,57076,657,tt0057076,movie,0.0,1963.0,115.0,"Action,Adventure,Thriller",7.3,158753.0,nm0950109,Terence Young,657,ok,From Russia with Love,1963-10-10,en,6.0943,2000000,78900000,Released,7.059,3342,EON Productions,United Kingdom
2949,2949,Dr. No (1962),Action|Adventure|Thriller,1962.0,55928,646,tt0055928,movie,0.0,1962.0,110.0,"Action,Adventure,Thriller",7.2,195523.0,nm0950109,Terence Young,646,ok,Dr. No,1962-10-07,en,8.394,1000000,59000000,Released,6.987,4024,EON Productions,United Kingdom
2951,2951,"Fistful of Dollars, A (Per un pugno di dollari) (1964)",Action|Western,1964.0,58461,391,tt0058461,movie,0.0,1964.0,99.0,"Drama,Western",7.9,253460.0,nm0001466,Sergio Leone,391,ok,A Fistful of Dollars,1964-09-12,it,9.2053,200000,14500000,Released,7.825,4679,Jolly Film,Germany
2953,2953,Home Alone 2: Lost in New York (1992),Children|Comedy,1992.0,104431,772,tt0104431,movie,0.0,1992.0,120.0,"Adventure,Comedy,Crime",6.9,455668.0,nm0001060,Chris Columbus,772,ok,Home Alone 2: Lost in New York,1992-11-15,en,16.6432,18000000,358994850,Released,6.785,10568,20th Century Fox,United States of America
2959,2959,Fight Club (1999),Action|Crime|Drama|Thriller,1999.0,137523,550,tt0137523,movie,0.0,1999.0,139.0,"Crime,Drama,Thriller",8.8,2604651.0,nm0000399,David Fincher,550,ok,Fight Club,1999-10-15,en,26.1601,63000000,100853753,Released,8.4,31901,Fox 2000 Pictures,Germany
2968,2968,Time Bandits (1981),Adventure|Comedy|Fantasy|Sci-Fi,1981.0,81633,36819,tt0081633,movie,0.0,1981.0,110.0,"Adventure,Comedy,Fantasy",6.9,74158.0,nm0000416,Terry Gilliam,36819,ok,Time Bandits,1981-07-13,en,3.3561,5000000,42365581,Released,6.624,1143,Handmade Films,United Kingdom
2985,2985,RoboCop (1987),Action|Crime|Drama|Sci-Fi|Thriller,1987.0,93870,5548,tt0093870,movie,0.0,1987.0,102.0,"Action,Crime,Sci-Fi",7.6,308591.0,nm0000682,Paul Verhoeven,5548,ok,RoboCop,1987-07-17,en,8.063,13000000,53424681,Released,7.356,5693,Orion Pictures,United States of America
2986,2986,RoboCop 2 (1990),Action|Crime|Sci-Fi|Thriller,1990.0,100502,5549,tt0100502,movie,0.0,1990.0,117.0,"Action,Crime,Sci-Fi",5.8,99924.0,nm0449984,Irvin Kershner,5549,ok,RoboCop 2,1990-06-22,en,5.3148,35000000,45681173,Released,6.031,2110,Orion Pictures,United States of America
2987,2987,Who Framed Roger Rabbit? (1988),Adventure|Animation|Children|Comedy|Crime|Fantasy|Mystery,1988.0,96438,856,tt0096438,movie,0.0,1988.0,104.0,"Adventure,Animation,Comedy",7.7,233477.0,nm0000709,Robert Zemeckis,856,ok,Who Framed Roger Rabbit,1988-06-22,en,7.7057,70000000,329800000,Released,7.537,6145,Amblin Entertainment,United States of America
2989,2989,For Your Eyes Only (1981),Action|Adventure|Thriller,1981.0,82398,699,tt0082398,movie,0.0,1981.0,127.0,"Action,Adventure,Thriller",6.7,116455.0,nm0322515,John Glen,699,ok,For Your Eyes Only,1981-06-24,en,5.1189,28000000,195300000,Released,6.539,2068,EON Productions,United Kingdom
2990,2990,Licence to Kill (1989),Action|Adventure|Thriller,1989.0,97742,709,tt0097742,movie,0.0,1989.0,133.0,"Action,Adventure,Thriller",6.7,120487.0,nm0322515,John Glen,709,ok,Licence to Kill,1989-06-13,en,4.6721,32000000,156167015,Released,6.428,2145,EON Productions,Mexico
2991,2991,Live and Let Die (1973),Action|Adventure|Thriller,1973.0,70328,253,tt0070328,movie,0.0,1973.0,121.0,"Action,Adventure,Thriller",6.7,124697.0,nm0357891,Guy Hamilton,253,ok,Live and Let Die,1973-06-27,en,4.6674,7000000,126400000,Released,6.502,2274,EON Productions,United Kingdom
2993,2993,Thunderball (1965),Action|Adventure|Thriller,1965.0,59800,660,tt0059800,movie,0.0,1965.0,130.0,"Action,Adventure,Thriller",6.9,137788.0,nm0950109,Terence Young,660,ok,Thunderball,1965-12-11,en,6.0496,9000000,141200000,Released,6.667,2617,EON Productions,United Kingdom
2997,2997,Being John Malkovich (1999),Comedy|Drama|Fantasy,1999.0,120601,492,tt0120601,movie,0.0,1999.0,113.0,"Comedy,Drama,Fantasy",7.7,369741.0,nm0005069,Spike Jonze,492,ok,Being John Malkovich,1999-10-29,en,4.5459,13000000,22863596,Released,7.418,4763,Propaganda Films,United States of America
3000,3000,Princess Mononoke (Mononoke-hime) (1997),Action|Adventure|Animation|Drama|Fantasy,1997.0,119698,128,tt0119698,movie,0.0,1997.0,133.0,"Adventure,Animation,Fantasy",8.3,483354.0,nm0594503,Hayao Miyazaki,128,ok,Princess Mononoke,1997-07-12,ja,13.9684,23500000,176506186,Released,8.322,8923,Studio Ghibli,Japan
3005,3005,"Bone Collector, The (1999)",Thriller,1999.0,145681,9481,tt0145681,movie,0.0,1999.0,118.0,"Crime,Drama,Mystery",6.7,200390.0,nm0637518,Phillip Noyce,9481,ok,The Bone Collector,1999-11-04,en,6.963,73000000,151493655,Released,6.8,3845,Universal Pictures,United States of America
3006,3006,"Insider, The (1999)",Drama|Thriller,1999.0,140352,9008,tt0140352,movie,0.0,1999.0,157.0,"Biography,Drama,History",7.8,192425.0,nm0000520,Michael Mann,9008,ok,The Insider,1999-10-28,en,4.4693,90000000,60300000,Released,7.46,2055,Touchstone Pictures,United States of America
3033,3033,Spaceballs (1987),Comedy|Sci-Fi,1987.0,94012,957,tt0094012,movie,0.0,1987.0,96.0,"Adventure,Comedy,Sci-Fi",7.1,226948.0,nm0000316,Mel Brooks,957,ok,Spaceballs,1987-06-24,en,8.8571,22700000,38120460,Released,6.866,3372,Metro-Goldwyn-Mayer,United States of America
3034,3034,Robin Hood (1973),Adventure|Animation|Children|Comedy|Musical,1973.0,70608,11886,tt0070608,movie,0.0,1973.0,83.0,"Adventure,Animation,Comedy",7.5,150009.0,nm0718627,Wolfgang Reitherman,11886,ok,Robin Hood,1973-11-08,en,6.1212,5000000,33000000,Released,7.304,4632,Walt Disney Productions,United States of America
3037,3037,Little Big Man (1970),Western,1970.0,65988,11040,tt0065988,movie,0.0,1970.0,139.0,"Adventure,Comedy,Drama",7.5,40358.0,nm0671957,Arthur Penn,11040,ok,Little Big Man,1970-12-23,en,2.5129,15000000,31559552,Released,7.45,714,Cinema Center Films,United States of America
3039,3039,Trading Places (1983),Comedy,1983.0,86465,1621,tt0086465,movie,0.0,1983.0,116.0,Comedy,7.5,182449.0,nm0000484,John Landis,1621,ok,Trading Places,1983-06-07,en,16.4162,15000000,90404800,Released,7.228,3636,Cinema Group Ventures,United States of America
3052,3052,Dogma (1999),Adventure|Comedy|Fantasy,1999.0,120655,1832,tt0120655,movie,0.0,1999.0,130.0,"Adventure,Comedy,Drama",7.3,240623.0,nm0003620,Kevin Smith,1832,ok,Dogma,1999-10-04,en,4.9774,10000000,33535478,Released,6.931,2825,View Askew Productions,United States of America
3070,3070,"Adventures of Buckaroo Banzai Across the 8th Dimension, The (1984)",Adventure|Comedy|Sci-Fi,1984.0,86856,11379,tt0086856,movie,0.0,1984.0,103.0,"Adventure,Comedy,Sci-Fi",6.2,32856.0,nm0725379,W.D. Richter,11379,ok,The Adventures of Buckaroo Banzai Across the 8th Dimension,1984-08-10,en,5.0016,17000000,6254148,Released,5.964,486,Sherwood Productions,United States of America
3072,3072,Moonstruck (1987),Comedy|Romance,1987.0,93565,2039,tt0093565,movie,0.0,1987.0,102.0,"Comedy,Drama,Romance",7.2,78973.0,nm0422484,Norman Jewison,2039,ok,Moonstruck,1987-12-16,en,4.9228,15000000,122100000,Released,6.853,1088,Star Partners,United States of America
3081,3081,Sleepy Hollow (1999),Fantasy|Horror|Mystery|Romance,1999.0,162661,2668,tt0162661,movie,0.0,1999.0,105.0,"Fantasy,Horror,Mystery",7.3,412829.0,nm0000318,Tim Burton,2668,ok,Sleepy Hollow,1999-11-19,en,7.2861,100000000,206071526,Released,7.189,7320,Paramount Pictures,United States of America
3082,3082,"World Is Not Enough, The (1999)",Action|Adventure|Thriller,1999.0,143145,36643,tt0143145,movie,0.0,1999.0,128.0,"Action,Adventure,Thriller",6.4,220618.0,nm0000776,Michael Apted,36643,ok,The World Is Not Enough,1999-11-17,en,7.0923,135000000,361832400,Released,6.287,3245,EON Productions,United Kingdom
3087,3087,Scrooged (1988),Comedy|Fantasy|Romance,1988.0,96061,9647,tt0096061,movie,0.0,1988.0,101.0,"Comedy,Drama,Fantasy",6.9,128947.0,nm0001149,Richard Donner,9647,ok,Scrooged,1988-11-22,en,3.6045,32000000,60300000,Released,6.788,1689,Paramount Pictures,United States of America
3098,3098,"Natural, The (1984)",Drama,1984.0,87781,11393,tt0087781,movie,0.0,1984.0,138.0,"Drama,Sport",7.4,57622.0,nm0001469,Barry Levinson,11393,ok,The Natural,1984-05-11,en,3.4933,28000000,48000000,Released,6.901,658,TriStar Pictures,United States of America
3100,3100,"River Runs Through It, A (1992)",Drama,1992.0,105265,293,tt0105265,movie,0.0,1992.0,123.0,Drama,7.2,71057.0,nm0000602,Robert Redford,293,ok,A River Runs Through It,1992-10-09,en,4.797,12000000,43440294,Released,7.025,1182,Allied Filmmakers,United Kingdom
3101,3101,Fatal Attraction (1987),Drama|Thriller,1987.0,93010,10998,tt0093010,movie,0.0,1987.0,119.0,"Drama,Thriller",6.9,111310.0,nm0001490,Adrian Lyne,10998,ok,Fatal Attraction,1987-09-18,en,4.767,14000000,320145693,Released,6.846,1680,Paramount Pictures,United States of America
3104,3104,Midnight Run (1988),Action|Comedy|Crime|Thriller,1988.0,95631,9013,tt0095631,movie,0.0,1988.0,126.0,"Action,Comedy,Crime",7.5,103693.0,nm0000976,Martin Brest,9013,ok,Midnight Run,1988-07-20,en,3.4992,30000000,38413606,Released,7.183,1266,Universal Pictures,United States of America
3105,3105,Awakenings (1990),Drama|Mystery,1990.0,99077,11005,tt0099077,movie,0.0,1990.0,121.0,"Biography,Drama",7.8,176713.0,nm0001508,Penny Marshall,11005,ok,Awakenings,1990-12-04,en,6.0694,31000000,52096475,Released,7.774,2843,Parkes/Lasker productions,United States of America
3107,3107,Backdraft (1991),Action|Drama,1991.0,101393,2924,tt0101393,movie,0.0,1991.0,137.0,"Action,Drama,Mystery",6.7,93602.0,nm0000165,Ron Howard,2924,ok,Backdraft,1991-05-24,en,4.3836,75000000,152368585,Released,6.661,1553,Trilogy Entertainment Group,United States of America
3108,3108,"Fisher King, The (1991)",Comedy|Drama|Fantasy|Romance,1991.0,101889,177,tt0101889,movie,0.0,1991.0,137.0,"Comedy,Drama,Fantasy",7.5,96676.0,nm0000416,Terry Gilliam,177,ok,The Fisher King,1991-09-20,en,3.8626,24000000,41895491,Released,7.318,1456,TriStar Pictures,United States of America
3114,3114,Toy Story 2 (1999),Adventure|Animation|Children|Comedy|Fantasy,1999.0,120363,863,tt0120363,movie,0.0,1999.0,92.0,"Adventure,Animation,Comedy",7.9,669350.0,nm0005124,John Lasseter,863,ok,Toy Story 2,1999-10-30,en,16.2881,90000000,497375404,Released,7.6,14814,Pixar,United States of America
3147,3147,"Green Mile, The (1999)",Crime|Drama,1999.0,120689,497,tt0120689,movie,0.0,1999.0,189.0,"Crime,Drama,Fantasy",8.6,1560024.0,nm0001104,Frank Darabont,497,ok,The Green Mile,1999-12-10,en,28.0945,60000000,286801374,Released,8.504,19163,Castle Rock Entertainment,United States of America
3148,3148,"Cider House Rules, The (1999)",Drama,1999.0,124315,1715,tt0124315,movie,0.0,1999.0,126.0,"Drama,Romance",7.4,109476.0,nm0002120,Lasse Hallström,1715,ok,The Cider House Rules,1999-12-17,en,6.2324,24000000,88500000,Released,7.087,1286,Miramax,United States of America
3160,3160,Magnolia (1999),Drama,1999.0,175880,334,tt0175880,movie,0.0,1999.0,188.0,Drama,8.0,350635.0,nm0000759,Paul Thomas Anderson,334,ok,Magnolia,1999-12-17,en,6.32,37000000,48451803,Released,7.731,3980,New Line Cinema,United States of America
3168,3168,Easy Rider (1969),Adventure|Drama,1969.0,64276,624,tt0064276,movie,0.0,1969.0,95.0,"Adventure,Drama",7.2,123613.0,nm0000454,Dennis Hopper,624,ok,Easy Rider,1969-06-26,en,3.9278,400000,60000000,Released,7.05,2144,Columbia Pictures,United States of America
3174,3174,Man on the Moon (1999),Comedy|Drama,1999.0,125664,1850,tt0125664,movie,0.0,1999.0,118.0,"Biography,Comedy,Drama",7.4,143472.0,nm0001232,Miloš Forman,1850,ok,Man on the Moon,1999-12-22,en,3.6628,82000000,47434430,Released,7.241,1974,Mutual Film Company,United States of America
3175,3175,Galaxy Quest (1999),Adventure|Comedy|Sci-Fi,1999.0,177789,926,tt0177789,movie,0.0,1999.0,102.0,"Adventure,Comedy,Sci-Fi",7.4,191494.0,nm0661751,Dean Parisot,926,ok,Galaxy Quest,1999-12-25,en,4.588,45000000,90683916,Released,7.082,2502,DreamWorks Pictures,United States of America
3176,3176,"Talented Mr. Ripley, The (1999)",Drama|Mystery|Thriller,1999.0,134119,1213,tt0134119,movie,0.0,1999.0,139.0,"Crime,Drama,Thriller",7.4,271836.0,nm0005237,Anthony Minghella,1213,ok,The Talented Mr. Ripley,1999-12-25,en,11.1186,40000000,128798265,Released,7.2,4124,Mirage Enterprises,United States of America
3186,3186,"Girl, Interrupted (1999)",Drama,1999.0,172493,3558,tt0172493,movie,0.0,1999.0,127.0,"Biography,Drama",7.3,234621.0,nm0003506,James Mangold,3558,ok,"Girl, Interrupted",1999-12-21,en,10.4453,40000000,48350205,Released,7.6,4128,Red Wagon Entertainment,United States of America
3210,3210,Fast Times at Ridgemont High (1982),Comedy|Drama|Romance,1982.0,83929,13342,tt0083929,movie,0.0,1982.0,90.0,"Comedy,Drama",7.1,124885.0,nm0002132,Amy Heckerling,13342,ok,Fast Times at Ridgemont High,1982-08-13,en,5.4103,4500000,27100000,Released,6.803,1365,Refugee Films,United States of America
3247,3247,Sister Act (1992),Comedy|Crime,1992.0,105417,2005,tt0105417,movie,0.0,1992.0,100.0,"Comedy,Family,Music",6.6,118380.0,nm0001915,Emile Ardolino,2005,ok,Sister Act,1992-05-28,en,6.4036,31000000,231605150,Released,6.825,3428,Touchstone Pictures,United States of America
3252,3252,Scent of a Woman (1992),Drama,1992.0,105323,9475,tt0105323,movie,0.0,1992.0,156.0,Drama,8.0,371455.0,nm0000976,Martin Brest,9475,ok,Scent of a Woman,1992-12-23,en,8.7043,31000000,134100000,Released,7.786,3911,Universal Pictures,United States of America
3253,3253,Wayne's World (1992),Comedy,1992.0,105793,8872,tt0105793,movie,0.0,1992.0,94.0,"Comedy,Music",7.0,182095.0,nm0790715,Penelope Spheeris,8872,ok,Wayne's World,1992-02-14,en,4.6138,20000000,183097323,Released,6.687,2461,Paramount Pictures,United States of America
3254,3254,Wayne's World 2 (1993),Comedy,1993.0,108525,8873,tt0108525,movie,0.0,1993.0,95.0,"Comedy,Music",6.2,92141.0,nm0839660,Stephen Surjik,8873,ok,Wayne's World 2,1993-12-10,en,3.2483,40000000,48198019,Released,6.091,1159,Paramount Pictures,United States of America
3255,3255,"League of Their Own, A (1992)",Comedy|Drama,1992.0,104694,11287,tt0104694,movie,0.0,1992.0,128.0,"Comedy,Drama,Sport",7.4,130382.0,nm0001508,Penny Marshall,11287,ok,A League of Their Own,1992-07-01,en,5.9427,40000000,132440069,Released,7.205,1527,Columbia Pictures,United States of America
3256,3256,Patriot Games (1992),Action|Crime|Drama|Thriller,1992.0,105112,9869,tt0105112,movie,0.0,1992.0,117.0,"Action,Thriller",6.8,128298.0,nm0637518,Phillip Noyce,9869,ok,Patriot Games,1992-06-04,en,4.361,45000000,178051587,Released,6.681,1803,Paramount Pictures,United States of America
3257,3257,"Bodyguard, The (1992)",Drama|Romance|Thriller,1992.0,103855,619,tt0103855,movie,0.0,1992.0,129.0,"Drama,Music,Romance",6.4,159472.0,nm0413875,Mick Jackson,619,ok,The Bodyguard,1992-11-25,en,6.482,25000000,411006740,Released,6.706,3224,Kasdan Pictures,United States of America
3263,3263,White Men Can't Jump (1992),Comedy|Drama,1992.0,105812,10158,tt0105812,movie,0.0,1992.0,115.0,"Comedy,Sport",6.8,104881.0,nm0005421,Ron Shelton,10158,ok,White Men Can't Jump,1992-03-27,en,2.672,31000000,90753806,Released,6.647,1513,20th Century Fox,United States of America
3264,3264,Buffy the Vampire Slayer (1992),Action|Comedy|Horror,1992.0,103893,10206,tt0103893,movie,0.0,1992.0,86.0,"Action,Comedy,Fantasy",5.7,53752.0,nm0476900,Fran Rubel Kuzui,10206,ok,Buffy the Vampire Slayer,1992-07-24,en,3.364,7000000,16624456,Released,5.622,907,Kuzui Enterprises,United States of America
3269,3269,Forever Young (1992),Drama|Romance|Sci-Fi,1992.0,104291,10326,tt0104291,movie,0.0,1992.0,102.0,"Drama,Romance,Sci-Fi",6.4,52752.0,nm0591171,Steve Miner,10326,ok,Forever Young,1992-12-16,en,2.7426,20000000,128000000,Released,6.499,964,Warner Bros. Pictures,United States of America
3273,3273,Scream 3 (2000),Comedy|Horror|Mystery|Thriller,2000.0,134084,4234,tt0134084,movie,0.0,2000.0,116.0,"Horror,Mystery",5.7,185125.0,nm0000127,Wes Craven,4234,ok,Scream 3,2000-02-04,en,7.2644,40000000,161838076,Released,6.01,4019,Dimension Films,United States of America
3275,3275,"Boondock Saints, The (2000)",Action|Crime|Drama|Thriller,2000.0,144117,8374,tt0144117,movie,0.0,1999.0,108.0,"Action,Crime,Thriller",7.6,262305.0,nm0240627,Troy Duffy,8374,ok,The Boondock Saints,1999-01-22,en,4.3599,6000000,38256,Released,7.254,2674,Franchise Pictures,Canada
3285,3285,"Beach, The (2000)",Adventure|Drama,2000.0,163978,1907,tt0163978,movie,0.0,2000.0,119.0,"Adventure,Drama,Romance",6.6,268742.0,nm0000965,Danny Boyle,1907,ok,The Beach,2000-02-03,en,8.4086,40000000,144056873,Released,6.5,4688,Figment Films,United Kingdom
3298,3298,Boiler Room (2000),Crime|Drama|Thriller,2000.0,181984,14181,tt0181984,movie,0.0,2000.0,120.0,"Crime,Drama,Thriller",7.0,60187.0,nm0950226,Ben Younger,14181,ok,Boiler Room,2000-02-18,en,3.614,7000000,28780255,Released,6.7,735,New Line Cinema,United States of America
3300,3300,Pitch Black (2000),Horror|Sci-Fi|Thriller,2000.0,134847,2787,tt0134847,movie,0.0,2000.0,109.0,"Horror,Sci-Fi,Thriller",7.0,263746.0,nm0878638,David Twohy,2787,ok,Pitch Black,2000-02-18,en,2.7262,23000000,53187659,Released,6.861,4768,Interscope Communications,United States of America
3301,3301,"Whole Nine Yards, The (2000)",Comedy|Crime,2000.0,190138,2069,tt0190138,movie,0.0,2000.0,98.0,"Comedy,Crime",6.7,136556.0,nm0528718,Jonathan Lynn,2069,ok,The Whole Nine Yards,2000-02-18,en,3.9795,41300000,106371651,Released,6.465,2060,Rational Packaging,United States of America
3317,3317,Wonder Boys (2000),Comedy|Drama,2000.0,185014,11004,tt0185014,movie,0.0,2000.0,107.0,"Comedy,Drama",7.2,69060.0,nm0000436,Curtis Hanson,11004,ok,Wonder Boys,2000-02-22,en,2.9127,35000000,33426588,Released,6.837,657,Paramount Pictures,Germany
3354,3354,Mission to Mars (2000),Sci-Fi,2000.0,183523,2067,tt0183523,movie,0.0,2000.0,114.0,"Adventure,Sci-Fi,Thriller",5.7,79705.0,nm0000361,Brian De Palma,2067,ok,Mission to Mars,2000-03-10,en,3.2079,90000000,110983407,Released,6.024,1565,Touchstone Pictures,United States of America
3360,3360,Hoosiers (a.k.a. Best Shot) (1986),Drama|Romance,1986.0,91217,5693,tt0091217,movie,0.0,1986.0,114.0,"Drama,Sport",7.4,57004.0,nm0000770,David Anspaugh,5693,ok,Hoosiers,1986-11-14,en,2.7421,9000000,28600000,Released,7.051,583,De Haven Productions,United States of America
3361,3361,Bull Durham (1988),Comedy|Drama|Romance,1988.0,94812,287,tt0094812,movie,0.0,1988.0,108.0,"Comedy,Romance,Sport",7.0,64115.0,nm0005421,Ron Shelton,287,ok,Bull Durham,1988-06-15,en,2.8663,7000000,50888000,Released,6.624,672,The Mount Company,United States of America
3362,3362,Dog Day Afternoon (1975),Crime|Drama,1975.0,72890,968,tt0072890,movie,0.0,1975.0,125.0,"Biography,Crime,Drama",8.0,292508.0,nm0001486,Sidney Lumet,968,ok,Dog Day Afternoon,1975-09-21,en,5.8308,1800000,56665856,Released,7.844,3344,Artists Entertainment Complex,United States of America
3363,3363,American Graffiti (1973),Comedy|Drama,1973.0,69704,838,tt0069704,movie,0.0,1973.0,110.0,"Comedy,Drama",7.4,105373.0,nm0000184,George Lucas,838,ok,American Graffiti,1973-08-11,en,3.9237,777000,140000000,Released,7.0,1568,Lucasfilm Ltd.,United States of America
3386,3386,JFK (1991),Drama|Mystery|Thriller,1991.0,102138,820,tt0102138,movie,0.0,1991.0,189.0,"Drama,History,Thriller",8.0,182188.0,nm0000231,Oliver Stone,820,ok,JFK,1991-12-20,en,6.5519,40000000,205405498,Released,7.603,2398,Warner Bros. Pictures,United States of America
3396,3396,"Muppet Movie, The (1979)",Adventure|Children|Comedy|Musical,1979.0,79588,11176,tt0079588,movie,0.0,1979.0,95.0,"Adventure,Comedy,Family",7.6,42632.0,nm0292419,James Frawley,11176,ok,The Muppet Movie,1979-06-22,en,4.0839,8000000,75161953,Released,7.211,691,ITC Entertainment,United Kingdom
3408,3408,Erin Brockovich (2000),Drama,2000.0,195685,462,tt0195685,movie,0.0,2000.0,131.0,"Biography,Drama",7.5,246066.0,nm0001752,Steven Soderbergh,462,ok,Erin Brockovich,2000-03-17,en,6.7051,52000000,256271286,Released,7.435,3626,Jersey Films,United States of America
3409,3409,Final Destination (2000),Drama|Thriller,2000.0,195714,9532,tt0195714,movie,0.0,2000.0,98.0,"Horror,Thriller",6.7,334726.0,nm0939128,James Wong,9532,ok,Final Destination,2000-03-17,en,7.7058,23000000,112880294,Released,6.635,6620,Zide-Perry Productions,United States of America
3418,3418,Thelma & Louise (1991),Adventure|Crime|Drama,1991.0,103074,1541,tt0103074,movie,0.0,1991.0,130.0,"Adventure,Crime,Drama",7.6,192925.0,nm0000631,Ridley Scott,1541,ok,Thelma & Louise,1991-05-24,en,6.0983,16000000,45361000,Released,7.601,3840,Scott Free Productions,United Kingdom
3421,3421,Animal House (1978),Comedy,1978.0,77975,8469,tt0077975,movie,0.0,1978.0,109.0,Comedy,7.4,136084.0,nm0000484,John Landis,8469,ok,Animal House,1978-07-28,en,4.7406,2700000,141000000,Released,6.972,1654,Universal Pictures,United States of America
3424,3424,Do the Right Thing (1989),Drama,1989.0,97216,925,tt0097216,movie,0.0,1989.0,120.0,"Comedy,Drama",7.9,123944.0,nm0000490,Spike Lee,925,ok,Do the Right Thing,1989-06-14,en,3.8668,6500000,37300000,Released,7.766,1975,Universal Pictures,United States of America
3438,3438,Teenage Mutant Ninja Turtles (1990),Action|Children|Comedy|Fantasy|Sci-Fi,1990.0,100758,1498,tt0100758,movie,0.0,1990.0,93.0,"Action,Adventure,Comedy",6.8,112526.0,nm0006625,Steve Barron,1498,ok,Teenage Mutant Ninja Turtles,1990-03-30,en,5.477,13500000,201965915,Released,6.712,1947,Orange Sky Golden Harvest,Hong Kong
3448,3448,"Good Morning, Vietnam (1987)",Comedy|Drama|War,1987.0,93105,801,tt0093105,movie,0.0,1987.0,121.0,"Biography,Comedy,Drama",7.3,165316.0,nm0001469,Barry Levinson,801,ok,"Good Morning, Vietnam",1987-12-23,en,4.4428,13000000,123922370,Released,7.302,2991,Touchstone Pictures,United States of America
3450,3450,Grumpy Old Men (1993),Comedy,1993.0,107050,11520,tt0107050,movie,0.0,1993.0,103.0,"Comedy,Drama,Romance",7.0,57522.0,nm0677953,Donald Petrie,11520,ok,Grumpy Old Men,1993-12-25,en,3.4224,35100000,70172621,Released,6.664,742,John Davis,United States of America
3462,3462,Modern Times (1936),Comedy|Drama|Romance,1936.0,27977,3082,tt0027977,movie,0.0,1936.0,87.0,"Comedy,Drama,Romance",8.5,285112.0,nm0000122,Charles Chaplin,3082,ok,Modern Times,1936-02-05,en,6.74,1500000,1800000,Released,8.3,4063,Charles Chaplin Productions,United States of America
3471,3471,Close Encounters of the Third Kind (1977),Adventure|Drama|Sci-Fi,1977.0,75860,840,tt0075860,movie,0.0,1977.0,138.0,"Drama,Sci-Fi",7.6,233057.0,nm0000229,Steven Spielberg,840,ok,Close Encounters of the Third Kind,1977-12-14,en,5.7671,20000000,306889114,Released,7.35,4612,Julia/Michael Phillips Productions,United Kingdom
3476,3476,Jacob's Ladder (1990),Horror|Mystery,1990.0,99871,2291,tt0099871,movie,0.0,1990.0,113.0,"Drama,Horror,Mystery",7.4,129051.0,nm0001490,Adrian Lyne,2291,ok,Jacob's Ladder,1990-11-02,en,5.5388,25000000,26118851,Released,7.371,1876,Carolco Pictures,United States of America
3481,3481,High Fidelity (2000),Comedy|Drama|Romance,2000.0,146882,243,tt0146882,movie,0.0,2000.0,113.0,"Comedy,Drama,Music",7.4,199104.0,nm0001241,Stephen Frears,243,ok,High Fidelity,2000-03-17,en,3.591,30000000,47100000,Released,7.138,2182,Touchstone Pictures,United Kingdom
3489,3489,Hook (1991),Adventure|Comedy|Fantasy,1991.0,102057,879,tt0102057,movie,0.0,1991.0,142.0,"Adventure,Comedy,Family",6.8,291247.0,nm0000229,Steven Spielberg,879,ok,Hook,1991-04-10,en,8.9257,70000000,300854823,Released,6.841,5705,Amblin Entertainment,United States of America
3499,3499,Misery (1990),Drama|Horror|Thriller,1990.0,100157,1700,tt0100157,movie,0.0,1990.0,107.0,"Drama,Thriller",7.8,265957.0,nm0001661,Rob Reiner,1700,ok,Misery,1990-11-30,en,6.6747,20000000,61300000,Released,7.747,5201,Castle Rock Entertainment,United States of America
3504,3504,Network (1976),Comedy|Drama,1976.0,74958,10774,tt0074958,movie,0.0,1976.0,121.0,Drama,8.1,186706.0,nm0001486,Sidney Lumet,10774,ok,Network,1976-11-27,en,5.5208,3800000,23700000,Released,7.805,2009,Metro-Goldwyn-Mayer,United States of America
3510,3510,Frequency (2000),Drama|Thriller,2000.0,186151,10559,tt0186151,movie,0.0,2000.0,118.0,"Crime,Drama,Mystery",7.4,123477.0,nm0387706,Gregory Hoblit,10559,ok,Frequency,2000-04-28,en,5.3635,31000000,68106245,Released,7.273,1996,New Line Cinema,United States of America
3527,3527,Predator (1987),Action|Sci-Fi|Thriller,1987.0,93773,106,tt0093773,movie,0.0,1987.0,107.0,"Action,Adventure,Horror",7.8,500400.0,nm0001532,John McTiernan,106,ok,Predator,1987-06-12,en,20.5109,15000000,98267558,Released,7.547,9033,20th Century Fox,United States of America
3534,3534,28 Days (2000),Drama,2000.0,191754,10468,tt0191754,movie,0.0,2000.0,103.0,"Comedy,Drama",6.1,57742.0,nm0858525,Betty Thomas,10468,ok,28 Days,2000-04-06,en,3.5894,43000000,62198945,Released,6.154,1075,Columbia Pictures,United States of America
3535,3535,American Psycho (2000),Crime|Horror|Mystery|Thriller,2000.0,144084,1359,tt0144084,movie,0.0,2000.0,102.0,"Crime,Drama,Horror",7.6,836924.0,nm0366004,Mary Harron,1359,ok,American Psycho,2000-04-13,en,11.3287,7000000,34269748,Released,7.408,12208,Lionsgate,Canada
3536,3536,Keeping the Faith (2000),Comedy|Drama|Romance,2000.0,171433,4967,tt0171433,movie,0.0,2000.0,128.0,"Comedy,Drama,Romance",6.4,54400.0,nm0001570,Edward Norton,4967,ok,Keeping the Faith,2000-04-14,en,2.0181,30000000,59945183,Released,6.09,661,Spyglass Entertainment,United States of America
3552,3552,Caddyshack (1980),Comedy,1980.0,80487,11977,tt0080487,movie,0.0,1980.0,98.0,"Comedy,Sport",7.2,134414.0,nm0000601,Harold Ramis,11977,ok,Caddyshack,1980-07-25,en,4.677,6000000,39846344,Released,6.603,1290,Orion Pictures,United States of America
3555,3555,U-571 (2000),Action|Thriller|War,2000.0,141926,3536,tt0141926,movie,0.0,2000.0,116.0,"Action,War",6.6,91881.0,nm0609236,Jonathan Mostow,3536,ok,U-571,2000-04-20,en,3.7668,62000000,127700000,Released,6.523,1346,Universal Pictures,United States of America
3556,3556,"Virgin Suicides, The (1999)",Drama|Romance,1999.0,159097,1443,tt0159097,movie,0.0,1999.0,97.0,"Drama,Romance",7.2,186204.0,nm0001068,Sofia Coppola,1443,ok,The Virgin Suicides,2000-04-21,en,5.5855,6000000,10409377,Released,7.1,3585,American Zoetrope,United States of America
3578,3578,Gladiator (2000),Action|Adventure|Drama,2000.0,172495,98,tt0172495,movie,0.0,2000.0,155.0,"Action,Adventure,Drama",8.5,1847783.0,nm0000631,Ridley Scott,98,ok,Gladiator,2000-05-04,en,21.1175,103000000,465516248,Released,8.225,20787,Universal Pictures,United Kingdom
3608,3608,Pee-wee's Big Adventure (1985),Adventure|Comedy,1985.0,89791,5683,tt0089791,movie,0.0,1985.0,91.0,"Adventure,Comedy,Family",7.1,63687.0,nm0000318,Tim Burton,5683,ok,Pee-wee's Big Adventure,1985-07-26,en,2.6391,6000000,40900000,Released,6.5,842,Aspen Film Society,United States of America
3617,3617,Road Trip (2000),Comedy,2000.0,215129,9285,tt0215129,movie,0.0,2000.0,93.0,Comedy,6.5,188722.0,nm0680846,Todd Phillips,9285,ok,Road Trip,2000-05-19,en,5.2874,16000000,119754278,Released,6.237,2169,DreamWorks Pictures,United States of America
3623,3623,Mission: Impossible II (2000),Action|Adventure|Thriller,2000.0,120755,955,tt0120755,movie,0.0,2000.0,123.0,"Action,Adventure,Thriller",6.1,413943.0,nm0000247,John Woo,955,ok,Mission: Impossible II,2000-05-24,en,7.2695,125000000,546388108,Released,6.144,7528,Paramount Pictures,United States of America
3624,3624,Shanghai Noon (2000),Action|Adventure|Comedy|Western,2000.0,184894,8584,tt0184894,movie,0.0,2000.0,110.0,"Action,Adventure,Comedy",6.6,142266.0,nm0223359,Tom Dey,8584,ok,Shanghai Noon,2000-05-26,en,4.2199,55000000,99274467,Released,6.4,2749,Touchstone Pictures,United States of America
3638,3638,Moonraker (1979),Action|Adventure|Sci-Fi|Thriller,1979.0,79574,698,tt0079574,movie,0.0,1979.0,126.0,"Action,Adventure,Sci-Fi",6.3,117605.0,nm0318150,Lewis Gilbert,698,ok,Moonraker,1979-06-26,en,5.4857,34000000,210308099,Released,6.183,2204,EON Productions,France
3671,3671,Blazing Saddles (1974),Comedy|Western,1974.0,71230,11072,tt0071230,movie,0.0,1974.0,93.0,"Comedy,Western",7.7,164586.0,nm0000316,Mel Brooks,11072,ok,Blazing Saddles,1974-02-07,en,5.0048,2600000,119500000,Released,7.24,2061,Crossbow Productions,United States of America
3681,3681,For a Few Dollars More (Per qualche dollaro in più) (1965),Action|Drama|Thriller|Western,1965.0,59578,938,tt0059578,movie,0.0,1965.0,132.0,"Drama,Western",8.2,300036.0,nm0001466,Sergio Leone,938,ok,For a Few Dollars More,1965-12-18,it,7.0973,600000,15000000,Released,8.017,4408,PEA,Germany
3697,3697,Predator 2 (1990),Action|Sci-Fi|Thriller,1990.0,100403,169,tt0100403,movie,0.0,1990.0,108.0,"Action,Horror,Sci-Fi",6.3,202040.0,nm0394280,Stephen Hopkins,169,ok,Predator 2,1990-11-21,en,9.3785,35000000,57120318,Released,6.304,3800,Davis Entertainment,United States of America
3698,3698,"Running Man, The (1987)",Action|Sci-Fi,1987.0,93894,865,tt0093894,movie,0.0,1987.0,101.0,"Action,Sci-Fi,Thriller",6.6,190846.0,nm0001274,Paul Michael Glaser,865,ok,The Running Man,1987-11-13,en,6.8945,27000000,38122105,Released,6.5,2817,Braveworld Productions,United States of America
3702,3702,Mad Max (1979),Action|Adventure|Sci-Fi,1979.0,79501,9659,tt0079501,movie,0.0,1979.0,88.0,"Action,Adventure,Sci-Fi",6.8,244744.0,nm0004306,George Miller,9659,ok,Mad Max,1979-04-12,en,6.6633,350000,100000000,Released,6.677,4927,Kennedy Miller Productions,Australia
3703,3703,"Road Warrior, The (Mad Max 2) (1981)",Action|Adventure|Sci-Fi|Thriller,1981.0,82694,8810,tt0082694,movie,0.0,1981.0,96.0,"Action,Adventure,Sci-Fi",7.6,213138.0,nm0004306,George Miller,8810,ok,Mad Max 2,1981-12-24,en,7.0236,2000000,24600832,Released,7.385,4151,Kennedy Miller Productions,Australia
3704,3704,Mad Max Beyond Thunderdome (1985),Action|Adventure|Sci-Fi,1985.0,89530,9355,tt0089530,movie,0.0,1985.0,107.0,"Action,Adventure,Sci-Fi",6.2,162170.0,nm0004306,George Miller,9355,ok,Mad Max Beyond Thunderdome,1985-06-29,en,5.4554,10000000,36230219,Released,6.223,3249,Kennedy Miller Productions,Australia
3717,3717,Gone in 60 Seconds (2000),Action|Crime,2000.0,187078,9679,tt0187078,movie,0.0,2000.0,118.0,"Action,Crime,Thriller",6.5,309968.0,nm0784061,Dominic Sena,9679,ok,Gone in Sixty Seconds,2000-06-09,en,6.765,90000000,237200000,Released,6.458,4841,Touchstone Pictures,United States of America
3740,3740,Big Trouble in Little China (1986),Action|Adventure|Comedy|Fantasy,1986.0,90728,6978,tt0090728,movie,0.0,1986.0,99.0,"Action,Adventure,Comedy",7.2,167102.0,nm0000118,John Carpenter,6978,ok,Big Trouble in Little China,1986-05-30,en,5.4796,25000000,11102672,Released,7.206,3305,Taft Entertainment Pictures,United States of America
3745,3745,Titan A.E. (2000),Action|Adventure|Animation|Children|Sci-Fi,2000.0,120913,7450,tt0120913,movie,0.0,2000.0,94.0,"Action,Adventure,Animation",6.6,66658.0,nm0089940,Don Bluth,7450,ok,Titan A.E.,2000-06-16,en,4.1376,75000000,36754634,Released,6.619,1174,David Kirschner Productions,United States of America
3751,3751,Chicken Run (2000),Animation|Children|Comedy,2000.0,120630,7443,tt0120630,movie,0.0,2000.0,84.0,"Adventure,Animation,Comedy",7.1,224874.0,nm0520485,Peter Lord,7443,ok,Chicken Run,2000-06-23,en,7.6776,45000000,224834564,Released,6.839,5383,Aardman,France
3752,3752,"Me, Myself & Irene (2000)",Adventure|Comedy,2000.0,183505,2123,tt0183505,movie,0.0,2000.0,116.0,Comedy,6.6,265085.0,nm0125803,Bobby Farrelly,2123,ok,"Me, Myself & Irene",2000-06-22,en,7.2509,51000000,149270999,Released,6.613,4217,Conundrum Entertainment,United States of America
3753,3753,"Patriot, The (2000)",Action|Drama|War,2000.0,187393,2024,tt0187393,movie,0.0,2000.0,165.0,"Action,Drama,War",7.2,312466.0,nm0000386,Roland Emmerich,2024,ok,The Patriot,2000-06-28,en,7.464,110000000,215294342,Released,7.186,4272,Columbia Pictures,Germany
3755,3755,"Perfect Storm, The (2000)",Drama|Thriller,2000.0,177971,2133,tt0177971,movie,0.0,2000.0,130.0,"Action,Adventure,Drama",6.5,188326.0,nm0000583,Wolfgang Petersen,2133,ok,The Perfect Storm,2000-06-29,en,5.2464,130000000,328718434,Released,6.481,2540,Radiant Productions,United States of America
3785,3785,Scary Movie (2000),Comedy|Horror,2000.0,175142,4247,tt0175142,movie,0.0,2000.0,88.0,Comedy,6.3,325594.0,nm0005540,Keenen Ivory Wayans,4247,ok,Scary Movie,2000-07-07,en,14.5984,19000000,278023280,Released,6.39,7702,Brad Grey Pictures,United States of America
3793,3793,X-Men (2000),Action|Adventure|Sci-Fi,2000.0,120903,36657,tt0120903,movie,0.0,2000.0,104.0,"Action,Adventure,Sci-Fi",7.3,691447.0,nm0001741,Bryan Singer,36657,ok,X-Men,2000-07-13,en,0.5137,75000000,296339527,Released,7.012,12129,The Donners' Company,United States of America
3798,3798,What Lies Beneath (2000),Drama|Horror|Mystery,2000.0,161081,2655,tt0161081,movie,0.0,2000.0,130.0,"Drama,Horror,Mystery",6.6,145519.0,nm0000709,Robert Zemeckis,2655,ok,What Lies Beneath,2000-07-21,en,5.5027,100000000,291420351,Released,6.436,2015,DreamWorks Pictures,United States of America
3809,3809,What About Bob? (1991),Comedy,1991.0,103241,10276,tt0103241,movie,0.0,1991.0,99.0,Comedy,7.0,78916.0,nm0000568,Frank Oz,10276,ok,What About Bob?,1991-05-17,en,2.3674,35000000,63710000,Released,6.884,896,Touchstone Pictures,United States of America
3825,3825,Coyote Ugly (2000),Comedy|Drama|Romance,2000.0,200550,6282,tt0200550,movie,0.0,2000.0,100.0,"Comedy,Drama,Music",5.8,128625.0,nm0573589,David McNally,6282,ok,Coyote Ugly,2000-07-30,en,7.0142,45000000,113900000,Released,6.263,2265,Touchstone Pictures,United States of America
3826,3826,Hollow Man (2000),Horror|Sci-Fi|Thriller,2000.0,164052,9383,tt0164052,movie,0.0,2000.0,112.0,"Action,Horror,Sci-Fi",5.9,147368.0,nm0000682,Paul Verhoeven,9383,ok,Hollow Man,2000-08-04,en,6.8112,95000000,190213455,Released,5.96,2750,Columbia Pictures,Germany
3827,3827,Space Cowboys (2000),Action|Adventure|Comedy|Sci-Fi,2000.0,186566,5551,tt0186566,movie,0.0,2000.0,130.0,"Action,Adventure,Thriller",6.5,91169.0,nm0000142,Clint Eastwood,5551,ok,Space Cowboys,2000-08-04,en,3.8967,65000000,128900000,Released,6.393,1514,Village Roadshow Pictures,United States of America
3863,3863,"Cell, The (2000)",Drama|Horror|Thriller,2000.0,209958,8843,tt0209958,movie,0.0,2000.0,107.0,"Crime,Horror,Sci-Fi",6.4,115992.0,nm0802248,Tarsem Singh,8843,ok,The Cell,2000-08-18,en,5.1092,33000000,104155843,Released,6.267,1696,Caro-McLeod,United States of America
3868,3868,"Naked Gun: From the Files of Police Squad!, The (1988)",Action|Comedy|Crime|Romance,1988.0,95705,37136,tt0095705,movie,0.0,1988.0,85.0,"Comedy,Crime",7.6,222118.0,nm0001878,David Zucker,37136,ok,The Naked Gun: From the Files of Police Squad!,1988-12-02,en,9.4598,12000000,152356177,Released,7.275,4466,Paramount Pictures,United States of America
3869,3869,"Naked Gun 2 1/2: The Smell of Fear, The (1991)",Comedy,1991.0,102510,37137,tt0102510,movie,0.0,1991.0,85.0,"Comedy,Crime",6.9,141247.0,nm0001878,David Zucker,37137,ok,The Naked Gun 2½: The Smell of Fear,1991-06-28,en,5.8014,23000000,192030411,Released,6.811,2735,Paramount Pictures,United States of America
3882,3882,Bring It On (2000),Comedy,2000.0,204946,1588,tt0204946,movie,0.0,2000.0,98.0,"Comedy,Romance,Sport",6.2,114279.0,nm0715636,Peyton Reed,1588,ok,Bring It On,2000-08-25,en,4.2221,28000000,90449929,Released,6.26,1839,Universal Pictures,United States of America
3897,3897,Almost Famous (2000),Drama,2000.0,181875,786,tt0181875,movie,0.0,2000.0,122.0,"Adventure,Comedy,Drama",7.9,315344.0,nm0001081,Cameron Crowe,786,ok,Almost Famous,2000-09-15,en,5.7369,60000000,47386287,Released,7.5,3083,DreamWorks Pictures,United States of America
3910,3910,Dancer in the Dark (2000),Drama|Musical,2000.0,168629,16,tt0168629,movie,0.0,2000.0,135.0,"Crime,Drama,Musical",7.9,123971.0,nm0001885,Lars von Trier,16,ok,Dancer in the Dark,2000-09-01,en,3.5302,12500000,40061153,Released,7.849,1992,Zentropa Entertainments,Denmark
3911,3911,Best in Show (2000),Comedy,2000.0,218839,13785,tt0218839,movie,0.0,2000.0,90.0,Comedy,7.5,75471.0,nm0001302,Christopher Guest,13785,ok,Best in Show,2000-09-29,en,4.2815,0,0,Released,6.881,664,Castle Rock Entertainment,United States of America
3916,3916,Remember the Titans (2000),Drama,2000.0,210945,10637,tt0210945,movie,0.0,2000.0,113.0,"Biography,Comedy,Drama",7.8,249625.0,nm0945026,Boaz Yakin,10637,ok,Remember the Titans,2000-09-29,en,7.3748,30000000,136700000,Released,7.641,2916,Jerry Bruckheimer Films,United States of America
3948,3948,Meet the Parents (2000),Comedy,2000.0,212338,1597,tt0212338,movie,0.0,2000.0,108.0,"Comedy,Romance",7.0,378223.0,nm0005366,Jay Roach,1597,ok,Meet the Parents,2000-10-06,en,7.2716,55000000,330444045,Released,6.694,6357,Universal Pictures,United States of America
3949,3949,Requiem for a Dream (2000),Drama,2000.0,180093,641,tt0180093,movie,0.0,2000.0,102.0,Drama,8.3,972801.0,nm0004716,Darren Aronofsky,641,ok,Requiem for a Dream,2000-10-06,en,6.3079,4500000,7390108,Released,8.012,10904,Artisan Entertainment,United States of America
3967,3967,Billy Elliot (2000),Drama,2000.0,249462,71,tt0249462,movie,0.0,2000.0,110.0,"Drama,Music",7.7,151987.0,nm0197636,Stephen Daldry,71,ok,Billy Elliot,2000-09-28,en,4.9436,5000000,109280263,Released,7.592,4067,StudioCanal,France
3968,3968,Bedazzled (2000),Comedy,2000.0,230030,1636,tt0230030,movie,0.0,2000.0,93.0,"Comedy,Fantasy",6.1,119241.0,nm0000601,Harold Ramis,1636,ok,Bedazzled,2000-10-19,en,6.1501,48000000,90383208,Released,6.102,2099,KirchMedia,Germany
3969,3969,Pay It Forward (2000),Drama,2000.0,223897,10647,tt0223897,movie,0.0,2000.0,123.0,Drama,7.2,128801.0,nm0001460,Mimi Leder,10647,ok,Pay It Forward,2000-10-20,en,5.2971,40000000,55707411,Released,7.358,1986,Bel Air Entertainment,United States of America
3977,3977,Charlie's Angels (2000),Action|Comedy,2000.0,160127,4327,tt0160127,movie,0.0,2000.0,98.0,"Action,Adventure,Comedy",5.7,207568.0,nm0629334,McG,4327,ok,Charlie's Angels,2000-11-02,en,9.3253,92000000,264105545,Released,5.853,4490,Columbia Pictures,United States of America
3979,3979,Little Nicky (2000),Comedy,2000.0,185431,9678,tt0185431,movie,0.0,2000.0,90.0,"Comedy,Fantasy",5.3,119500.0,nm0109359,Steven Brill,9678,ok,Little Nicky,2000-11-10,en,4.5687,85000000,58292295,Released,5.843,1967,New Line Cinema,United States of America
3984,3984,Diamonds Are Forever (1971),Action|Adventure|Thriller,1971.0,66995,681,tt0066995,movie,0.0,1971.0,120.0,"Action,Adventure,Thriller",6.5,123285.0,nm0357891,Guy Hamilton,681,ok,Diamonds Are Forever,1971-12-14,en,4.2077,7200000,116019547,Released,6.402,2358,EON Productions,United Kingdom
3986,3986,"6th Day, The (2000)",Action|Sci-Fi|Thriller,2000.0,216216,8452,tt0216216,movie,0.0,2000.0,123.0,"Action,Mystery,Sci-Fi",6.0,133919.0,nm0006854,Roger Spottiswoode,8452,ok,The 6th Day,2000-11-17,en,4.0803,82000000,96085477,Released,6.001,2246,Phoenix Pictures,United States of America
3988,3988,How the Grinch Stole Christmas (a.k.a. The Grinch) (2000),Children|Comedy|Fantasy,2000.0,170016,8871,tt0170016,movie,0.0,2000.0,104.0,"Comedy,Family,Fantasy",6.4,333004.0,nm0000165,Ron Howard,8871,ok,How the Grinch Stole Christmas,2000-11-17,en,8.3011,123000000,345800000,Released,6.779,8247,Universal Pictures,United States of America
3994,3994,Unbreakable (2000),Drama|Sci-Fi,2000.0,217869,9741,tt0217869,movie,0.0,2000.0,106.0,"Drama,Mystery,Sci-Fi",7.3,467562.0,nm0796117,M. Night Shyamalan,9741,ok,Unbreakable,2000-11-22,en,6.8546,75000000,248118121,Released,7.143,9886,Barry Mendel Productions,United States of America
3996,3996,"Crouching Tiger, Hidden Dragon (Wo hu cang long) (2000)",Action|Drama|Romance,2000.0,190332,146,tt0190332,movie,0.0,2000.0,120.0,"Action,Adventure,Drama",7.9,294635.0,nm0000487,Ang Lee,146,ok,"Crouching Tiger, Hidden Dragon",2000-07-06,zh,6.2516,17000000,213978518,Released,7.434,3541,Sony Pictures Classics,Hong Kong
4002,4002,"Planes, Trains & Automobiles (1987)",Comedy,1987.0,93748,2609,tt0093748,movie,0.0,1987.0,93.0,"Comedy,Drama",7.6,180646.0,nm0000455,John Hughes,2609,ok,"Planes, Trains and Automobiles",1987-11-26,en,4.23,15000000,49500000,Released,7.254,2184,Paramount Pictures,United States of America
4007,4007,Wall Street (1987),Drama,1987.0,94291,10673,tt0094291,movie,0.0,1987.0,126.0,"Crime,Drama",7.3,174600.0,nm0000231,Oliver Stone,10673,ok,Wall Street,1987-12-10,en,4.835,15000000,43900000,Released,7.166,2241,20th Century Fox,United States of America
4011,4011,Snatch (2000),Comedy|Crime|Thriller,2000.0,208092,107,tt0208092,movie,0.0,2000.0,102.0,"Comedy,Crime",8.2,976492.0,nm0005363,Guy Ritchie,107,ok,Snatch,2000-09-01,en,10.1353,100000000,83557872,Released,7.8,9920,SKA Films,United Kingdom
4014,4014,Chocolat (2000),Drama|Romance,2000.0,241303,392,tt0241303,movie,0.0,2000.0,121.0,"Drama,Romance",7.2,210327.0,nm0002120,Lasse Hallström,392,ok,Chocolat,2000-12-22,en,5.6101,25000000,152700626,Released,6.974,3493,Miramax,United States of America
4015,4015,"Dude, Where's My Car? (2000)",Comedy|Sci-Fi,2000.0,242423,8859,tt0242423,movie,0.0,2000.0,83.0,"Comedy,Mystery,Sci-Fi",5.5,152749.0,nm0500444,Danny Leiner,8859,ok,"Dude, Where's My Car?",2000-12-15,en,3.7663,13000000,73180723,Released,5.53,2068,20th Century Fox,United States of America
4016,4016,"Emperor's New Groove, The (2000)",Adventure|Animation|Children|Comedy|Fantasy,2000.0,120917,11688,tt0120917,movie,0.0,2000.0,78.0,"Adventure,Animation,Comedy",7.4,248750.0,nm0227540,Mark Dindal,11688,ok,The Emperor's New Groove,2000-12-15,en,12.0153,100000000,169327687,Released,7.559,7258,Walt Disney Feature Animation,United States of America
4018,4018,What Women Want (2000),Comedy|Romance,2000.0,207201,3981,tt0207201,movie,0.0,2000.0,127.0,"Comedy,Fantasy,Romance",6.5,239466.0,nm0583600,Nancy Meyers,3981,ok,What Women Want,2000-12-15,en,7.0532,70000000,374100000,Released,6.452,4359,Paramount Pictures,United States of America
4019,4019,Finding Forrester (2000),Drama,2000.0,181536,711,tt0181536,movie,0.0,2000.0,136.0,"Drama,Sport",7.3,93173.0,nm0001814,Gus Van Sant,711,ok,Finding Forrester,2000-12-21,en,2.5739,43000000,80100000,Released,7.123,1195,Laurence Mark Productions,United States of America
4022,4022,Cast Away (2000),Drama,2000.0,162222,8358,tt0162222,movie,0.0,2000.0,143.0,"Adventure,Drama,Romance",7.8,689204.0,nm0000709,Robert Zemeckis,8358,ok,Cast Away,2000-12-22,en,9.2132,90000000,429632142,Released,7.661,12212,20th Century Fox,United States of America
4023,4023,"Family Man, The (2000)",Comedy|Drama|Romance,2000.0,218967,5994,tt0218967,movie,0.0,2000.0,125.0,"Comedy,Drama,Fantasy",6.9,130883.0,nm0711840,Brett Ratner,5994,ok,The Family Man,2000-12-12,en,4.697,60000000,124700000,Released,6.814,2193,Beacon Pictures,United States of America
4025,4025,Miss Congeniality (2000),Comedy|Crime,2000.0,212346,1493,tt0212346,movie,0.0,2000.0,109.0,"Action,Comedy,Crime",6.4,248061.0,nm0677953,Donald Petrie,1493,ok,Miss Congeniality,2000-12-22,en,5.4915,45000000,212000000,Released,6.523,4207,Village Roadshow Pictures,United States of America
4027,4027,"O Brother, Where Art Thou? (2000)",Adventure|Comedy|Crime,2000.0,190590,134,tt0190590,movie,0.0,2000.0,107.0,"Adventure,Comedy,Crime",7.7,351541.0,nm0001054,Joel Coen,134,ok,"O Brother, Where Art Thou?",2000-08-30,en,5.4929,26000000,71877090,Released,7.329,4569,Touchstone Pictures,France
4034,4034,Traffic (2000),Crime|Drama|Thriller,2000.0,181865,1900,tt0181865,movie,0.0,2000.0,147.0,"Crime,Drama,Thriller",7.5,230436.0,nm0001752,Steven Soderbergh,1900,ok,Traffic,2000-12-27,en,5.9166,48000000,207500000,Released,7.086,2397,USA Films,United States of America
4069,4069,"Wedding Planner, The (2001)",Comedy|Romance,2001.0,209475,2018,tt0209475,movie,0.0,2001.0,103.0,"Comedy,Romance",5.4,92869.0,nm0788202,Adam Shankman,2018,ok,The Wedding Planner,2001-01-26,en,4.2367,35000000,94700000,Released,5.928,1811,Tapestry Films,Germany
4085,4085,Beverly Hills Cop (1984),Action|Comedy|Crime|Drama,1984.0,86960,90,tt0086960,movie,0.0,1984.0,105.0,"Action,Comedy,Crime",7.4,232157.0,nm0000976,Martin Brest,90,ok,Beverly Hills Cop,1984-12-05,en,5.7816,14000000,316360478,Released,7.206,4572,Paramount Pictures,United States of America
4105,4105,"Evil Dead, The (1981)",Fantasy|Horror|Thriller,1981.0,83907,764,tt0083907,movie,0.0,1981.0,85.0,Horror,7.3,251152.0,nm0000600,Sam Raimi,764,ok,The Evil Dead,1981-10-15,en,7.8865,350000,29612367,Released,7.274,4438,Renaissance Pictures,United States of America
4128,4128,"Lost Boys, The (1987)",Comedy|Horror|Thriller,1987.0,93437,1547,tt0093437,movie,0.0,1987.0,97.0,"Comedy,Horror",7.2,177364.0,nm0001708,Joel Schumacher,1547,ok,The Lost Boys,1987-07-31,en,5.437,8500000,32222567,Released,7.091,2271,Warner Bros. Pictures,United States of America
4148,4148,Hannibal (2001),Horror|Thriller,2001.0,212985,9740,tt0212985,movie,0.0,2001.0,131.0,"Crime,Drama,Thriller",6.8,313605.0,nm0000631,Ridley Scott,9740,ok,Hannibal,2001-02-08,en,1.5469,87000000,351692268,Released,6.775,5169,The De Laurentiis Company,United Kingdom
4161,4161,"Mexican, The (2001)",Action|Comedy,2001.0,236493,6073,tt0236493,movie,0.0,2001.0,123.0,"Adventure,Comedy,Drama",6.1,121111.0,nm0893659,Gore Verbinski,6073,ok,The Mexican,2001-03-01,en,3.8099,57000000,147845033,Released,5.954,1595,Newmarket Films,United States of America
4223,4223,Enemy at the Gates (2001),Drama|War,2001.0,215750,853,tt0215750,movie,0.0,2001.0,131.0,"Action,Drama,War",7.5,293273.0,nm0000269,Jean-Jacques Annaud,853,ok,Enemy at the Gates,2001-02-28,en,8.1779,68000000,96976270,Released,7.417,4010,Paramount Pictures,United States of America
4226,4226,Memento (2000),Mystery|Thriller,2000.0,209144,77,tt0209144,movie,0.0,2000.0,113.0,"Drama,Mystery,Thriller",8.4,1434192.0,nm0634240,Christopher Nolan,77,ok,Memento,2000-10-11,en,11.921,9000000,40060108,Released,8.177,16138,Newmarket Films,United States of America
4232,4232,Spy Kids (2001),Action|Adventure|Children|Comedy,2001.0,227538,10054,tt0227538,movie,0.0,2001.0,88.0,"Action,Adventure,Comedy",5.6,135891.0,nm0001675,Robert Rodriguez,10054,ok,Spy Kids,2001-03-18,en,6.7662,35000000,147934180,Released,5.817,3694,Troublemaker Studios,United States of America
4235,4235,Amores Perros (Love's a Bitch) (2000),Drama|Thriller,2000.0,245712,55,tt0245712,movie,0.0,2000.0,154.0,"Drama,Thriller",8.0,272385.0,nm0327944,Alejandro G. Iñárritu,55,ok,Amores Perros,2000-06-16,es,4.8689,2000000,20908467,Released,7.636,2898,Altavista Films,Mexico
4239,4239,Blow (2001),Crime|Drama,2001.0,221027,4133,tt0221027,movie,0.0,2001.0,124.0,"Biography,Crime,Drama",7.5,287335.0,nm0001130,Ted Demme,4133,ok,Blow,2001-04-04,en,5.4515,53000000,83300000,Released,7.353,4576,New Line Cinema,United States of America
4246,4246,Bridget Jones's Diary (2001),Comedy|Drama|Romance,2001.0,243155,634,tt0243155,movie,0.0,2001.0,97.0,"Comedy,Drama,Romance",6.8,286719.0,nm0536632,Sharon Maguire,634,ok,Bridget Jones's Diary,2001-04-13,en,4.9343,25000000,281929795,Released,6.74,5467,Universal Pictures,Ireland
4247,4247,Joe Dirt (2001),Adventure|Comedy|Mystery|Romance,2001.0,245686,10956,tt0245686,movie,0.0,2001.0,91.0,"Adventure,Comedy,Drama",6.0,65510.0,nm0330140,Dennie Gordon,10956,ok,Joe Dirt,2001-04-10,en,4.4998,17700000,30987695,Released,5.631,800,Columbia Pictures,United States of America
4262,4262,Scarface (1983),Action|Crime|Drama,1983.0,86250,111,tt0086250,movie,0.0,1983.0,170.0,"Crime,Drama",8.3,1014690.0,nm0000361,Brian De Palma,111,ok,Scarface,1983-12-09,en,21.173,25000000,66023329,Released,8.156,12942,Universal Pictures,United States of America
4270,4270,"Mummy Returns, The (2001)",Action|Adventure|Comedy|Thriller,2001.0,209163,1734,tt0209163,movie,0.0,2001.0,130.0,"Action,Adventure,Fantasy",6.4,367607.0,nm0814085,Stephen Sommers,1734,ok,The Mummy Returns,2001-05-04,en,14.9951,98000000,443280904,Released,6.398,7620,Universal Pictures,United States of America
4299,4299,"Knight's Tale, A (2001)",Action|Comedy|Romance,2001.0,183790,9476,tt0183790,movie,0.0,2001.0,132.0,"Action,Adventure,Drama",7.0,219678.0,nm0001338,Brian Helgeland,9476,ok,A Knight's Tale,2001-05-11,en,7.3281,65000000,117487473,Released,6.873,3367,Columbia Pictures,United States of America
4306,4306,Shrek (2001),Adventure|Animation|Children|Comedy|Fantasy|Romance,2001.0,126029,808,tt0126029,movie,0.0,2001.0,90.0,"Adventure,Animation,Comedy",7.9,810154.0,nm0011470,Andrew Adamson,808,ok,Shrek,2001-05-18,en,27.115,60000000,488977919,Released,7.759,18640,Pacific Data Images,United States of America
4308,4308,Moulin Rouge (2001),Drama|Musical|Romance,2001.0,203009,824,tt0203009,movie,0.0,2001.0,127.0,"Drama,Musical,Romance",7.5,314389.0,nm0525303,Baz Luhrmann,824,ok,Moulin Rouge!,2001-05-18,en,5.5582,52500000,179213434,Released,7.529,4826,20th Century Fox,Australia
4310,4310,Pearl Harbor (2001),Action|Drama|Romance|War,2001.0,213149,676,tt0213149,movie,0.0,2001.0,183.0,"Action,Drama,Romance",6.3,369456.0,nm0000881,Michael Bay,676,ok,Pearl Harbor,2001-05-21,en,9.3575,140000000,449220945,Released,6.936,6966,Touchstone Pictures,United States of America
4321,4321,City Slickers (1991),Comedy|Western,1991.0,101587,1406,tt0101587,movie,0.0,1991.0,113.0,"Comedy,Western",6.8,67720.0,nm0881038,Ron Underwood,1406,ok,City Slickers,1991-06-07,en,3.0563,27000000,179033791,Released,6.462,861,Castle Rock Entertainment,United States of America
4343,4343,Evolution (2001),Comedy|Sci-Fi,2001.0,251075,9397,tt0251075,movie,0.0,2001.0,101.0,"Comedy,Sci-Fi",6.1,143057.0,nm0718645,Ivan Reitman,9397,ok,Evolution,2001-06-08,en,5.4897,80000000,98376292,Released,6.105,2467,DreamWorks Pictures,United States of America
4344,4344,Swordfish (2001),Action|Crime|Drama,2001.0,244244,9705,tt0244244,movie,0.0,2001.0,99.0,"Action,Crime,Thriller",6.5,203361.0,nm0784061,Dominic Sena,9705,ok,Swordfish,2001-06-08,en,6.1072,102000000,147080413,Released,6.259,2927,Village Roadshow Pictures,United States of America
4361,4361,Tootsie (1982),Comedy|Romance,1982.0,84805,9576,tt0084805,movie,0.0,1982.0,116.0,"Comedy,Drama,Romance",7.4,122180.0,nm0001628,Sydney Pollack,9576,ok,Tootsie,1982-12-17,en,3.7728,21000000,177200000,Released,7.201,1915,Mirage Enterprises,United States of America
4367,4367,Lara Croft: Tomb Raider (2001),Action|Adventure,2001.0,146316,1995,tt0146316,movie,0.0,2001.0,100.0,"Action,Adventure,Fantasy",5.8,230818.0,nm0922346,Simon West,1995,ok,Lara Croft: Tomb Raider,2001-06-15,en,7.0922,115000000,274703340,Released,5.909,6486,Paramount Pictures,United Kingdom
4369,4369,"Fast and the Furious, The (2001)",Action|Crime|Thriller,2001.0,232500,9799,tt0232500,movie,0.0,2001.0,106.0,"Action,Crime,Thriller",6.8,457019.0,nm0003418,Rob Cohen,9799,ok,The Fast and the Furious,2001-06-22,en,1.0008,38000000,207283925,Released,7.002,10769,Ardustry Entertainment,Germany
4370,4370,A.I. Artificial Intelligence (2001),Adventure|Drama|Sci-Fi,2001.0,212720,644,tt0212720,movie,0.0,2001.0,146.0,"Adventure,Drama,Sci-Fi",7.2,339000.0,nm0000229,Steven Spielberg,644,ok,A.I. Artificial Intelligence,2001-06-29,en,8.6136,100000000,235926552,Released,7.054,6623,Warner Bros. Pictures,United Kingdom
4388,4388,Scary Movie 2 (2001),Comedy,2001.0,257106,4248,tt0257106,movie,0.0,2001.0,83.0,"Comedy,Horror",5.4,193839.0,nm0005540,Keenen Ivory Wayans,4248,ok,Scary Movie 2,2001-07-04,en,11.4378,45000000,141220678,Released,5.815,5116,Brad Grey Pictures,United States of America
4446,4446,Final Fantasy: The Spirits Within (2001),Adventure|Animation|Fantasy|Sci-Fi,2001.0,173840,2114,tt0173840,movie,0.0,2001.0,106.0,"Action,Adventure,Animation",6.4,86108.0,nm0756983,Hironobu Sakaguchi,2114,ok,Final Fantasy: The Spirits Within,2001-07-02,en,3.4365,137000000,85131830,Released,6.195,1582,Chris Lee Productions,Japan
4447,4447,Legally Blonde (2001),Comedy|Romance,2001.0,250494,8835,tt0250494,movie,0.0,2001.0,96.0,"Comedy,Romance",6.5,284550.0,nm0525659,Robert Luketic,8835,ok,Legally Blonde,2001-07-13,en,10.3178,18000000,141778365,Released,6.806,4509,Metro-Goldwyn-Mayer,United States of America
4448,4448,"Score, The (2001)",Action|Drama,2001.0,227445,11371,tt0227445,movie,0.0,2001.0,124.0,"Crime,Drama,Thriller",6.8,143707.0,nm0000568,Frank Oz,11371,ok,The Score,2001-07-13,en,4.7245,68000000,113579918,Released,6.698,1839,Horseshoe Bay Productions,Germany
4489,4489,Coming to America (1988),Comedy|Romance,1988.0,94898,9602,tt0094898,movie,0.0,1988.0,117.0,"Comedy,Romance",7.1,240001.0,nm0000484,John Landis,9602,ok,Coming to America,1988-06-29,en,7.8392,30000000,288752301,Released,6.878,4717,Eddie Murphy Productions,United States of America
4545,4545,Short Circuit (1986),Comedy|Sci-Fi,1986.0,91949,2605,tt0091949,movie,0.0,1986.0,98.0,"Comedy,Family,Sci-Fi",6.6,70607.0,nm0000824,John Badham,2605,ok,Short Circuit,1986-05-09,en,4.2157,10000000,40697761,Released,6.643,1607,TriStar Pictures,United States of America
4571,4571,Bill & Ted's Excellent Adventure (1989),Adventure|Comedy|Sci-Fi,1989.0,96928,1648,tt0096928,movie,0.0,1989.0,90.0,"Adventure,Comedy,Music",6.9,149388.0,nm0378893,Stephen Herek,1648,ok,Bill & Ted's Excellent Adventure,1989-02-17,en,3.3459,10000000,40510984,Released,6.9,2082,DEG,United States of America
4623,4623,Major League (1989),Comedy,1989.0,97815,9942,tt0097815,movie,0.0,1989.0,107.0,"Comedy,Sport",7.2,83079.0,nm0911486,David S. Ward,9942,ok,Major League,1989-02-16,en,3.5342,11000000,75000000,Released,6.887,868,Mirage Enterprises,United States of America
4638,4638,Jurassic Park III (2001),Action|Adventure|Sci-Fi|Thriller,2001.0,163025,331,tt0163025,movie,0.0,2001.0,92.0,"Action,Adventure,Sci-Fi",6.0,370380.0,nm0002653,Joe Johnston,331,ok,Jurassic Park III,2001-07-18,en,0.4936,93000000,368780809,Released,6.171,7803,Universal Pictures,United States of America
4641,4641,Ghost World (2001),Comedy|Drama,2001.0,162346,1548,tt0162346,movie,0.0,2001.0,111.0,"Comedy,Drama",7.3,132148.0,nm0959062,Terry Zwigoff,1548,ok,Ghost World,2001-07-20,en,2.4422,7000000,8800000,Released,7.093,1567,Mr. Mudd,United Kingdom
4643,4643,Planet of the Apes (2001),Action|Adventure|Drama|Sci-Fi,2001.0,133152,869,tt0133152,movie,0.0,2001.0,120.0,"Action,Adventure,Sci-Fi",5.7,241860.0,nm0000318,Tim Burton,869,ok,Planet of the Apes,2001-07-26,en,6.5019,100000000,362211740,Released,5.769,4394,20th Century Fox,United States of America
4700,4700,"Princess Diaries, The (2001)",Children|Comedy|Romance,2001.0,247638,9880,tt0247638,movie,0.0,2001.0,115.0,"Comedy,Family,Romance",6.4,181910.0,nm0005190,Garry Marshall,9880,ok,The Princess Diaries,2001-08-03,en,8.9356,37000000,165335153,Released,6.962,5252,Bottom of the Ninth Productions,United States of America
4701,4701,Rush Hour 2 (2001),Action|Comedy,2001.0,266915,5175,tt0266915,movie,0.0,2001.0,90.0,"Action,Comedy,Crime",6.7,260321.0,nm0711840,Brett Ratner,5175,ok,Rush Hour 2,2001-08-03,en,11.9814,90000000,347325802,Released,6.758,4560,New Line Cinema,United States of America
4718,4718,American Pie 2 (2001),Comedy,2001.0,252866,2770,tt0252866,movie,0.0,2001.0,108.0,Comedy,6.5,286811.0,nm0736930,J.B. Rogers,2770,ok,American Pie 2,2001-08-10,en,7.4092,30000000,287553595,Released,6.251,5277,Universal Pictures,United States of America
4720,4720,"Others, The (2001)",Drama|Horror|Mystery|Thriller,2001.0,230600,1933,tt0230600,movie,0.0,2001.0,104.0,"Horror,Mystery,Thriller",7.6,427005.0,nm0024622,Alejandro Amenábar,1933,ok,The Others,2001-08-02,en,9.1576,17000000,210002906,Released,7.618,7126,Cruise/Wagner Productions,Spain
4734,4734,Jay and Silent Bob Strike Back (2001),Adventure|Comedy,2001.0,261392,2294,tt0261392,movie,0.0,2001.0,104.0,Comedy,6.8,166457.0,nm0003620,Kevin Smith,2294,ok,Jay and Silent Bob Strike Back,2001-08-22,en,10.8335,22000000,33788161,Released,6.434,1727,Dimension Films,United States of America
4776,4776,Training Day (2001),Crime|Drama|Thriller,2001.0,139654,2034,tt0139654,movie,0.0,2001.0,122.0,"Crime,Drama,Thriller",7.8,516891.0,nm0298807,Antoine Fuqua,2034,ok,Training Day,2001-10-05,en,8.226,45000000,104900000,Released,7.518,6545,WV Films II,United States of America
4816,4816,Zoolander (2001),Comedy,2001.0,196229,9398,tt0196229,movie,0.0,2001.0,90.0,Comedy,6.5,316601.0,nm0001774,Ben Stiller,9398,ok,Zoolander,2001-09-28,en,5.3676,28000000,60780981,Released,6.22,4889,Paramount Pictures,United States of America
4823,4823,Serendipity (2001),Comedy|Romance,2001.0,240890,9778,tt0240890,movie,0.0,2001.0,90.0,"Comedy,Romance",6.8,131747.0,nm0155093,Peter Chelsom,9778,ok,Serendipity,2001-10-05,en,5.6775,28000000,77516304,Released,7.0,2131,Tapestry Films,United States of America
4848,4848,Mulholland Drive (2001),Crime|Drama|Film-Noir|Mystery|Thriller,2001.0,166924,1018,tt0166924,movie,0.0,2001.0,147.0,"Drama,Mystery,Thriller",7.9,428093.0,nm0000186,David Lynch,1018,ok,Mulholland Drive,2001-06-06,en,9.3911,15000000,20289986,Released,7.801,6992,StudioCanal,France
4855,4855,Dirty Harry (1971),Action|Crime|Thriller,1971.0,66999,984,tt0066999,movie,0.0,1971.0,102.0,"Action,Crime,Thriller",7.7,180801.0,nm0796923,Don Siegel,984,ok,Dirty Harry,1971-12-23,en,5.726,4000000,35976000,Released,7.449,2719,Malpaso Productions,United States of America
4865,4865,From Hell (2001),Crime|Horror|Mystery|Thriller,2001.0,120681,768,tt0120681,movie,0.0,2001.0,122.0,"Crime,Horror,Mystery",6.7,171874.0,nm0400436,Albert Hughes,768,ok,From Hell,2001-02-08,en,3.7037,35000000,74558115,Released,6.698,2996,Underworld Pictures,United States of America
4874,4874,K-PAX (2001),Drama|Fantasy|Mystery|Sci-Fi,2001.0,272152,167,tt0272152,movie,0.0,2001.0,120.0,"Drama,Mystery,Sci-Fi",7.4,202593.0,nm0812200,Iain Softley,167,ok,K-PAX,2001-10-26,en,4.8074,48000000,50315140,Released,7.207,2728,Intermedia Films,Germany
4878,4878,Donnie Darko (2001),Drama|Mystery|Sci-Fi|Thriller,2001.0,246578,141,tt0246578,movie,0.0,2001.0,113.0,"Drama,Mystery,Sci-Fi",8.0,911436.0,nm0446819,Richard Kelly,141,ok,Donnie Darko,2001-01-19,en,8.4882,4500000,7500000,Released,7.764,13348,Flower Films,United States of America
4886,4886,"Monsters, Inc. (2001)",Adventure|Animation|Children|Comedy|Fantasy,2001.0,198781,585,tt0198781,movie,0.0,2001.0,92.0,"Adventure,Animation,Comedy",8.1,1074103.0,nm0230032,Pete Docter,585,ok,"Monsters, Inc.",2001-11-01,en,23.4682,115000000,579700000,Released,7.848,19684,Pixar,United States of America
4890,4890,Shallow Hal (2001),Comedy|Fantasy|Romance,2001.0,256380,9889,tt0256380,movie,0.0,2001.0,114.0,"Comedy,Drama,Fantasy",6.0,154228.0,nm0125803,Bobby Farrelly,9889,ok,Shallow Hal,2001-11-01,en,6.7124,40000000,141069860,Released,6.167,3134,20th Century Fox,United States of America
4896,4896,Harry Potter and the Sorcerer's Stone (a.k.a. Harry Potter and the Philosopher's Stone) (2001),Adventure|Children|Fantasy,2001.0,241527,671,tt0241527,movie,0.0,2001.0,152.0,"Adventure,Family,Fantasy",7.7,951578.0,nm0001060,Chris Columbus,671,ok,Harry Potter and the Philosopher's Stone,2001-11-16,en,28.1069,125000000,976475550,Released,7.898,29449,Warner Bros. Pictures,United Kingdom
4901,4901,Spy Game (2001),Action|Crime|Drama|Thriller,2001.0,266987,1535,tt0266987,movie,0.0,2001.0,126.0,"Action,Crime,Thriller",7.1,177873.0,nm0001716,Tony Scott,1535,ok,Spy Game,2001-11-18,en,3.8308,115000000,143049560,Released,6.921,2344,TOHO,France
4958,4958,Behind Enemy Lines (2001),Action|Drama|War,2001.0,159273,8007,tt0159273,movie,0.0,2001.0,106.0,"Action,Drama,Thriller",6.4,119365.0,nm0601382,John Moore,8007,ok,Behind Enemy Lines,2001-11-30,en,4.3085,40000000,91753202,Released,6.42,1634,Davis Entertainment,United States of America
4963,4963,Ocean's Eleven (2001),Crime|Thriller,2001.0,240772,161,tt0240772,movie,0.0,2001.0,116.0,"Crime,Thriller",7.7,673227.0,nm0001752,Steven Soderbergh,161,ok,Ocean's Eleven,2001-12-07,en,12.3126,85000000,450717150,Released,7.458,12480,Warner Bros. Pictures,United States of America
4973,4973,"Amelie (Fabuleux destin d'Amélie Poulain, Le) (2001)",Comedy|Romance,2001.0,211915,194,tt0211915,movie,0.0,2001.0,122.0,"Comedy,Romance",8.3,839568.0,nm0000466,Jean-Pierre Jeunet,194,ok,Amélie,2001-04-25,fr,10.1358,10000000,173921954,Released,7.919,12348,Victoires Productions,France
4975,4975,Vanilla Sky (2001),Mystery|Romance|Sci-Fi|Thriller,2001.0,259711,1903,tt0259711,movie,0.0,2001.0,136.0,"Fantasy,Mystery,Romance",6.9,308544.0,nm0001081,Cameron Crowe,1903,ok,Vanilla Sky,2001-12-14,en,6.0951,68000000,203388341,Released,6.82,4626,Paramount Pictures,United States of America
4979,4979,"Royal Tenenbaums, The (2001)",Comedy|Drama,2001.0,265666,9428,tt0265666,movie,0.0,2001.0,110.0,"Comedy,Drama",7.6,334897.0,nm0027572,Wes Anderson,9428,ok,The Royal Tenenbaums,2001-10-05,en,6.0432,21000000,71441250,Released,7.458,4992,Touchstone Pictures,United States of America
4980,4980,Bill & Ted's Bogus Journey (1991),Adventure|Comedy|Fantasy|Sci-Fi,1991.0,101452,1649,tt0101452,movie,0.0,1991.0,93.0,"Adventure,Comedy,Fantasy",6.3,84984.0,nm0382072,Peter Hewitt,1649,ok,Bill & Ted's Bogus Journey,1991-07-19,en,2.6688,20000000,38040268,Released,6.29,1346,Nelson Entertainment,United States of America
4993,4993,"Lord of the Rings: The Fellowship of the Ring, The (2001)",Adventure|Fantasy,2001.0,120737,120,tt0120737,movie,0.0,2001.0,178.0,"Adventure,Drama,Fantasy",8.9,2204505.0,nm0001392,Peter Jackson,120,ok,The Lord of the Rings: The Fellowship of the Ring,2001-12-18,en,30.1269,93000000,871368364,Released,8.433,27404,New Line Cinema,New Zealand
4995,4995,"Beautiful Mind, A (2001)",Drama|Romance,2001.0,268978,453,tt0268978,movie,0.0,2001.0,135.0,"Biography,Drama,Mystery",8.2,1052815.0,nm0000165,Ron Howard,453,ok,A Beautiful Mind,2001-12-14,en,8.3702,58000000,316791257,Released,7.854,11028,Universal Pictures,United States of America
5010,5010,Black Hawk Down (2001),Action|Drama|War,2001.0,265086,855,tt0265086,movie,0.0,2001.0,144.0,"Action,Drama,History",7.7,454465.0,nm0000631,Ridley Scott,855,ok,Black Hawk Down,2001-12-28,en,9.2178,92000000,172989651,Released,7.392,6326,Jerry Bruckheimer Films,United Kingdom
5013,5013,Gosford Park (2001),Comedy|Drama|Mystery,2001.0,280707,5279,tt0280707,movie,0.0,2001.0,137.0,"Comedy,Drama,Mystery",7.2,102208.0,nm0000265,Robert Altman,5279,ok,Gosford Park,2001-12-26,en,3.8411,19800000,87754044,Released,6.818,1230,Sandcastle 5,Italy
5060,5060,M*A*S*H (a.k.a. MASH) (1970),Comedy|Drama|War,1970.0,66026,651,tt0066026,movie,0.0,1970.0,116.0,"Comedy,Drama,War",7.3,82686.0,nm0000265,Robert Altman,651,ok,M*A*S*H,1970-02-18,en,4.1004,3500000,81600000,Released,6.949,1148,Ingo Preminger Productions,United States of America
5064,5064,The Count of Monte Cristo (2002),Action|Adventure|Drama|Thriller,2002.0,245844,11362,tt0245844,movie,0.0,2002.0,131.0,"Action,Adventure,Drama",7.7,159917.0,nm0721817,Kevin Reynolds,11362,ok,The Count of Monte Cristo,2002-01-23,en,8.33,35000000,75395048,Released,7.672,2005,Touchstone Pictures,Ireland
5103,5103,"Sandlot, The (1993)",Children|Comedy|Drama,1993.0,108037,11528,tt0108037,movie,0.0,1993.0,101.0,"Comedy,Drama,Family",7.8,114768.0,nm0262693,David Mickey Evans,11528,ok,The Sandlot,1993-04-07,en,4.7715,7000000,34348444,Released,7.543,1306,Island World,United States of America
5110,5110,Super Troopers (2001),Comedy|Crime|Mystery,2001.0,247745,39939,tt0247745,movie,0.0,2001.0,100.0,"Comedy,Crime,Mystery",7.0,118711.0,nm0151540,Jay Chandrasekhar,39939,ok,Super Troopers,2001-02-15,en,3.3858,3000000,23182223,Released,6.561,1215,Fox Searchlight Pictures,United States of America
5171,5171,"Time Machine, The (2002)",Action|Adventure|Sci-Fi,2002.0,268695,2135,tt0268695,movie,0.0,2002.0,96.0,"Action,Adventure,Sci-Fi",6.0,135926.0,nm0920425,Simon Wells,2135,ok,The Time Machine,2002-03-04,en,5.7353,80000000,123729176,Released,6.305,2519,DreamWorks Pictures,United States of America
5218,5218,Ice Age (2002),Adventure|Animation|Children|Comedy,2002.0,268380,425,tt0268380,movie,0.0,2002.0,81.0,"Adventure,Animation,Comedy",7.5,564261.0,nm0917188,Chris Wedge,425,ok,Ice Age,2002-03-14,en,17.52,59000000,383257136,Released,7.37,14218,Blue Sky Studios,United States of America
5219,5219,Resident Evil (2002),Action|Horror|Sci-Fi|Thriller,2002.0,120804,1576,tt0120804,movie,0.0,2002.0,100.0,"Action,Horror,Sci-Fi",6.6,310510.0,nm0027271,Paul W.S. Anderson,1576,ok,Resident Evil,2002-03-15,en,6.0006,33000000,102984862,Released,6.651,6877,Impact Pictures,Canada
5225,5225,And Your Mother Too (Y tu mamá también) (2001),Drama|Romance,2001.0,245574,1391,tt0245574,movie,0.0,2001.0,106.0,Drama,7.7,141047.0,nm0190859,Alfonso Cuarón,1391,ok,Y Tu Mamá También,2001-06-08,es,7.5319,5000000,33600000,Released,7.416,1737,Bésame Mucho Pictures,Mexico
5254,5254,Blade II (2002),Action|Horror|Thriller,2002.0,187738,36586,tt0187738,movie,0.0,2002.0,117.0,"Action,Horror,Sci-Fi",6.7,252416.0,nm0868219,Guillermo del Toro,36586,ok,Blade II,2002-03-22,en,7.0977,54000000,155010032,Released,6.6,5171,New Line Cinema,United States of America
5266,5266,Panic Room (2002),Thriller,2002.0,258000,4547,tt0258000,movie,0.0,2002.0,112.0,"Crime,Drama,Thriller",6.8,314445.0,nm0000399,David Fincher,4547,ok,Panic Room,2002-03-29,en,5.6202,48000000,197100000,Released,6.79,5378,Columbia Pictures,United States of America
5283,5283,National Lampoon's Van Wilder (2002),Comedy,2002.0,283111,11452,tt0283111,movie,0.0,2002.0,92.0,"Comedy,Romance",6.4,120710.0,nm0065608,Walt Becker,11452,ok,National Lampoon's Van Wilder,2002-03-29,en,4.7075,6000000,39241323,Released,6.026,1941,Tapestry Films,United States of America
5299,5299,My Big Fat Greek Wedding (2002),Comedy|Romance,2002.0,259446,8346,tt0259446,movie,0.0,2002.0,95.0,"Comedy,Drama,Romance",6.6,151247.0,nm0959034,Joel Zwick,8346,ok,My Big Fat Greek Wedding,2002-04-19,en,3.8778,5000000,368744044,Released,6.501,2281,Gold Circle Films,United States of America
5313,5313,The Scorpion King (2002),Action|Adventure|Fantasy|Thriller,2002.0,277296,9334,tt0277296,movie,0.0,2002.0,92.0,"Action,Adventure,Fantasy",5.5,151706.0,nm0751080,Chuck Russell,9334,ok,The Scorpion King,2002-04-18,en,5.6161,60000000,165333180,Released,5.593,3360,Universal Pictures,United States of America
5349,5349,Spider-Man (2002),Action|Adventure|Sci-Fi|Thriller,2002.0,145487,557,tt0145487,movie,0.0,2002.0,121.0,"Action,Adventure,Sci-Fi",7.4,967521.0,nm0000600,Sam Raimi,557,ok,Spider-Man,2002-05-01,en,22.5146,139000000,821708551,Released,7.326,20556,Marvel Enterprises,United States of America
5377,5377,About a Boy (2002),Comedy|Drama|Romance,2002.0,276751,245,tt0276751,movie,0.0,2002.0,101.0,"Comedy,Drama,Romance",7.1,200111.0,nm0919363,Chris Weitz,245,ok,About a Boy,2002-04-26,en,4.4167,27000000,129000000,Released,6.696,2383,Universal Pictures,United Kingdom
5378,5378,Star Wars: Episode II - Attack of the Clones (2002),Action|Adventure|Sci-Fi|IMAX,2002.0,121765,1894,tt0121765,movie,0.0,2002.0,142.0,"Action,Adventure,Fantasy",6.6,819668.0,nm0000184,George Lucas,1894,ok,Star Wars: Episode II - Attack of the Clones,2002-05-15,en,8.3878,120000000,649398328,Released,6.6,14265,Lucasfilm Ltd.,United States of America
5388,5388,Insomnia (2002),Action|Crime|Drama|Mystery|Thriller,2002.0,278504,320,tt0278504,movie,0.0,2002.0,118.0,"Drama,Mystery,Thriller",7.2,342464.0,nm0634240,Christopher Nolan,320,ok,Insomnia,2002-05-24,en,4.9969,46000000,113714830,Released,6.958,5259,Alcon Entertainment,United States of America
5418,5418,"Bourne Identity, The (2002)",Action|Mystery|Thriller,2002.0,258463,2501,tt0258463,movie,0.0,2002.0,119.0,"Action,Mystery,Thriller",7.8,613209.0,nm0510731,Doug Liman,2501,ok,The Bourne Identity,2002-06-14,en,10.4125,60000000,214034224,Released,7.476,10034,Universal Pictures,United States of America
5444,5444,Lilo & Stitch (2002),Adventure|Animation|Children|Sci-Fi,2002.0,275847,11544,tt0275847,movie,0.0,2002.0,85.0,"Adventure,Animation,Comedy",7.4,243694.0,nm0213450,Dean DeBlois,11544,ok,Lilo & Stitch,2002-06-21,en,10.6814,80000000,273144151,Released,7.558,7052,Walt Disney Pictures,United States of America
5445,5445,Minority Report (2002),Action|Crime|Mystery|Sci-Fi|Thriller,2002.0,181689,180,tt0181689,movie,0.0,2002.0,145.0,"Action,Crime,Mystery",7.6,621131.0,nm0000229,Steven Spielberg,180,ok,Minority Report,2002-06-20,en,7.6588,102000000,358372926,Released,7.353,9567,Digital Image Associates,United States of America
5449,5449,Mr. Deeds (2002),Comedy|Romance,2002.0,280590,2022,tt0280590,movie,0.0,2002.0,96.0,"Comedy,Romance",5.8,163817.0,nm0109359,Steven Brill,2022,ok,Mr. Deeds,2002-06-28,en,4.5511,50000000,171269565,Released,5.918,2509,Columbia Pictures,United States of America
5459,5459,Men in Black II (a.k.a. MIIB) (a.k.a. MIB 2) (2002),Action|Comedy|Sci-Fi,2002.0,120912,608,tt0120912,movie,0.0,2002.0,88.0,"Action,Adventure,Comedy",6.2,431415.0,nm0001756,Barry Sonnenfeld,608,ok,Men in Black II,2002-07-03,en,7.8898,140000000,445135288,Released,6.384,10600,Columbia Pictures,United States of America
5464,5464,Road to Perdition (2002),Crime|Drama,2002.0,257044,4147,tt0257044,movie,0.0,2002.0,117.0,"Crime,Drama,Thriller",7.6,300583.0,nm0005222,Sam Mendes,4147,ok,Road to Perdition,2002-07-12,en,5.8889,80000000,181001478,Released,7.352,3970,DreamWorks Pictures,United States of America
5481,5481,Austin Powers in Goldmember (2002),Comedy,2002.0,295178,818,tt0295178,movie,0.0,2002.0,94.0,"Action,Adventure,Comedy",6.3,234614.0,nm0005366,Jay Roach,818,ok,Austin Powers in Goldmember,2002-07-26,en,5.5803,63000000,296938801,Released,6.018,3409,Eric's Boy,United States of America
5502,5502,Signs (2002),Horror|Sci-Fi|Thriller,2002.0,286106,2675,tt0286106,movie,0.0,2002.0,106.0,"Drama,Mystery,Sci-Fi",6.8,414032.0,nm0796117,M. Night Shyamalan,2675,ok,Signs,2002-08-02,en,7.6556,72000000,408200000,Released,6.698,6221,Touchstone Pictures,United States of America
5507,5507,xXx (2002),Action|Crime|Thriller,2002.0,295701,7451,tt0295701,movie,0.0,2002.0,124.0,"Action,Adventure,Drama",5.9,193699.0,nm0003418,Rob Cohen,7451,ok,xXx,2002-08-09,en,62.2358,70000000,277448382,Released,5.987,4876,Revolution Studios,United States of America
5574,5574,"Transporter, The (2002)",Action|Crime,2002.0,293662,4108,tt0293662,movie,0.0,2002.0,92.0,"Action,Crime,Thriller",6.8,338158.0,nm0504642,Louis Leterrier,4108,ok,The Transporter,2002-10-02,en,8.7374,21000000,43900000,Released,6.72,5785,TF1 Films Production,United States of America
5617,5617,Secretary (2002),Comedy|Drama|Romance,2002.0,274812,11013,tt0274812,movie,0.0,2002.0,107.0,"Comedy,Drama,Romance",6.9,109562.0,nm0787601,Steven Shainberg,11013,ok,Secretary,2002-09-20,en,24.1811,4000000,9300000,Released,6.791,1884,Slough Pond,United States of America
5618,5618,Spirited Away (Sen to Chihiro no kamikakushi) (2001),Adventure|Animation|Fantasy,2001.0,245429,129,tt0245429,movie,0.0,2001.0,124.0,"Adventure,Animation,Family",8.6,965828.0,nm0594503,Hayao Miyazaki,129,ok,Spirited Away,2001-07-20,ja,32.5404,19000000,274925095,Released,8.534,18222,Studio Ghibli,Japan
5620,5620,Sweet Home Alabama (2002),Comedy|Romance,2002.0,256415,11529,tt0256415,movie,0.0,2002.0,108.0,"Comedy,Romance",6.2,134792.0,nm0855035,Andy Tennant,11529,ok,Sweet Home Alabama,2002-09-26,en,4.9072,30000000,180622424,Released,6.418,1691,Touchstone Pictures,United States of America
5630,5630,Red Dragon (2002),Crime|Mystery|Thriller,2002.0,289765,9533,tt0289765,movie,0.0,2002.0,124.0,"Crime,Drama,Thriller",7.2,311506.0,nm0711840,Brett Ratner,9533,ok,Red Dragon,2002-10-02,en,1.7426,78000000,209196298,Released,7.042,4703,Universal Pictures,Germany
5669,5669,Bowling for Columbine (2002),Documentary,2002.0,310793,1430,tt0310793,movie,0.0,2002.0,120.0,"Crime,Documentary,Drama",7.9,152429.0,nm0601619,Michael Moore,1430,ok,Bowling for Columbine,2002-10-09,en,11.5092,4000000,35564473,Released,7.512,1682,Vif Babelsberger Filmproduktion,Canada
5673,5673,Punch-Drunk Love (2002),Comedy|Drama|Romance,2002.0,272338,8051,tt0272338,movie,0.0,2002.0,95.0,"Comedy,Drama,Romance",7.3,198590.0,nm0000759,Paul Thomas Anderson,8051,ok,Punch-Drunk Love,2002-10-11,en,5.0344,25000000,24665649,Released,7.102,2723,Revolution Studios,United States of America
5679,5679,"Ring, The (2002)",Horror|Mystery|Thriller,2002.0,298130,565,tt0298130,movie,0.0,2002.0,115.0,"Horror,Mystery",7.1,402077.0,nm0893659,Gore Verbinski,565,ok,The Ring,2002-10-18,en,9.2521,48000000,249348933,Released,6.699,6638,DreamWorks Pictures,United States of America
5810,5810,8 Mile (2002),Drama,2002.0,298203,65,tt0298203,movie,0.0,2002.0,110.0,"Drama,Music",7.2,351392.0,nm0000436,Curtis Hanson,65,ok,8 Mile,2002-11-08,en,7.9962,41000000,242875078,Released,7.142,7781,Mikona Productions,Germany
5816,5816,Harry Potter and the Chamber of Secrets (2002),Adventure|Fantasy,2002.0,295297,672,tt0295297,movie,0.0,2002.0,161.0,"Adventure,Family,Fantasy",7.5,766066.0,nm0001060,Chris Columbus,672,ok,Harry Potter and the Chamber of Secrets,2002-11-13,en,18.8512,100000000,876688482,Released,7.703,23479,Warner Bros. Pictures,United Kingdom
5872,5872,Die Another Day (2002),Action|Adventure|Thriller,2002.0,246460,36669,tt0246460,movie,0.0,2002.0,133.0,"Action,Adventure,Thriller",6.1,240655.0,nm0848414,Lee Tamahori,36669,ok,Die Another Day,2002-11-17,en,7.4169,142000000,431971116,Released,5.998,3866,EON Productions,United Kingdom
5881,5881,Solaris (2002),Drama|Romance|Sci-Fi,2002.0,307479,2103,tt0307479,movie,0.0,2002.0,99.0,"Drama,Mystery,Romance",6.2,89185.0,nm0001752,Steven Soderbergh,2103,ok,Solaris,2002-11-27,en,3.354,47000000,30002758,Released,5.947,1437,20th Century Fox,United States of America
5902,5902,Adaptation (2002),Comedy|Drama|Romance,2002.0,268126,2757,tt0268126,movie,0.0,2002.0,115.0,"Comedy,Drama",7.6,214082.0,nm0005069,Spike Jonze,2757,ok,Adaptation.,2002-12-06,en,4.2013,19000000,32800000,Released,7.339,2757,Columbia Pictures,United States of America
5903,5903,Equilibrium (2002),Action|Sci-Fi|Thriller,2002.0,238380,7299,tt0238380,movie,0.0,2002.0,107.0,"Action,Drama,Sci-Fi",7.3,362195.0,nm0934483,Kurt Wimmer,7299,ok,Equilibrium,2002-12-06,en,5.5021,20000000,5400000,Released,7.047,4983,Dimension Films,United States of America
5945,5945,About Schmidt (2002),Comedy|Drama,2002.0,257360,2755,tt0257360,movie,0.0,2002.0,125.0,Drama,7.2,138135.0,nm0668247,Alexander Payne,2755,ok,About Schmidt,2002-12-12,en,2.9834,30000000,105834556,Released,6.9,1361,Avery Pix,United States of America
5952,5952,"Lord of the Rings: The Two Towers, The (2002)",Adventure|Fantasy,2002.0,167261,121,tt0167261,movie,0.0,2002.0,179.0,"Adventure,Drama,Fantasy",8.8,1955366.0,nm0001392,Peter Jackson,121,ok,The Lord of the Rings: The Two Towers,2002-12-18,en,22.6205,79000000,926287400,Released,8.416,23763,New Line Cinema,New Zealand
5954,5954,25th Hour (2002),Crime|Drama,2002.0,307901,1429,tt0307901,movie,0.0,2002.0,135.0,Drama,7.6,191595.0,nm0000490,Spike Lee,1429,ok,25th Hour,2002-12-19,en,3.6454,5000000,23932055,Released,7.323,2555,Touchstone Pictures,United States of America
5956,5956,Gangs of New York (2002),Crime|Drama,2002.0,217505,3131,tt0217505,movie,0.0,2002.0,167.0,"Crime,Drama",7.5,505333.0,nm0000217,Martin Scorsese,3131,ok,Gangs of New York,2002-12-14,en,7.6454,100000000,193772504,Released,7.316,7172,Miramax,United States of America
5971,5971,My Neighbor Totoro (Tonari no Totoro) (1988),Animation|Children|Drama|Fantasy,1988.0,96283,8392,tt0096283,movie,0.0,1988.0,86.0,"Adventure,Animation,Comedy",8.1,430878.0,nm0594503,Hayao Miyazaki,8392,ok,My Neighbor Totoro,1988-04-16,ja,12.0447,3700000,41000000,Released,8.062,8760,Studio Ghibli,Japan
5989,5989,Catch Me If You Can (2002),Crime|Drama,2002.0,264464,640,tt0264464,movie,0.0,2002.0,141.0,"Biography,Crime,Drama",8.1,1236456.0,nm0000229,Steven Spielberg,640,ok,Catch Me If You Can,2002-12-16,en,14.7019,52000000,352114312,Released,7.977,17003,Kemp Company,United States of America
5991,5991,Chicago (2002),Comedy|Crime|Drama|Musical,2002.0,299658,1574,tt0299658,movie,0.0,2002.0,113.0,"Comedy,Crime,Musical",7.2,256462.0,nm0551128,Rob Marshall,1574,ok,Chicago,2002-12-10,en,5.0673,45000000,306776732,Released,7.128,2891,Miramax,United States of America
5995,5995,"Pianist, The (2002)",Drama|War,2002.0,253474,423,tt0253474,movie,0.0,2002.0,150.0,"Biography,Drama,Music",8.5,1011492.0,nm0000591,Roman Polanski,423,ok,The Pianist,2002-09-17,en,13.0998,35000000,120098945,Released,8.374,10089,R.P. Productions,France
6016,6016,City of God (Cidade de Deus) (2002),Action|Adventure|Crime|Drama|Thriller,2002.0,317248,598,tt0317248,movie,0.0,2002.0,130.0,"Crime,Drama",8.6,870247.0,nm0576987,Fernando Meirelles,598,ok,City of God,2002-08-30,pt,15.0009,3300000,30641770,Released,8.43,8138,O2 Filmes,Brazil
6155,6155,How to Lose a Guy in 10 Days (2003),Comedy|Romance,2003.0,251127,9919,tt0251127,movie,0.0,2003.0,116.0,"Comedy,Romance",6.5,321436.0,nm0677953,Donald Petrie,9919,ok,How to Lose a Guy in 10 Days,2003-02-07,en,8.7971,50000000,177500000,Released,6.9,4441,Paramount Pictures,United States of America
6157,6157,Daredevil (2003),Action|Crime,2003.0,287978,9480,tt0287978,movie,0.0,2003.0,103.0,"Action,Crime,Drama",5.3,240950.0,nm0425756,Mark Steven Johnson,9480,ok,Daredevil,2003-02-14,en,7.1674,78000000,179179718,Released,5.293,5435,Marvel Enterprises,Switzerland
6188,6188,Old School (2003),Comedy,2003.0,302886,11635,tt0302886,movie,0.0,2003.0,88.0,Comedy,7.0,257239.0,nm0680846,Todd Phillips,11635,ok,Old School,2003-02-21,en,8.4241,24000000,87100000,Released,6.629,2094,The Montecito Picture Company,United States of America
6218,6218,Bend It Like Beckham (2002),Comedy|Drama|Romance,2002.0,286499,455,tt0286499,movie,0.0,2002.0,112.0,"Comedy,Drama,Romance",6.7,122907.0,nm0149446,Gurinder Chadha,455,ok,Bend It Like Beckham,2002-04-11,en,4.0716,3500000,76585951,Released,6.325,2011,Kintop Pictures,Germany
6281,6281,Phone Booth (2002),Drama|Thriller,2002.0,183649,1817,tt0183649,movie,0.0,2002.0,81.0,"Crime,Thriller",7.1,301703.0,nm0001708,Joel Schumacher,1817,ok,Phone Booth,2003-01-06,en,4.763,13000000,97837138,Released,6.9,4127,Fox 2000 Pictures,United States of America
6283,6283,Cowboy Bebop: The Movie (Cowboy Bebop: Tengoku no Tobira) (2001),Action|Animation|Sci-Fi|Thriller,2001.0,275277,11299,tt0275277,movie,0.0,2001.0,115.0,"Action,Animation,Crime",7.8,57305.0,nm0913860,Shin'ichirô Watanabe,11299,ok,Cowboy Bebop: The Movie,2001-09-01,ja,3.721,0,0,Released,7.723,1023,TriStar Pictures,Japan
6287,6287,Anger Management (2003),Comedy,2003.0,305224,9506,tt0305224,movie,0.0,2003.0,106.0,Comedy,6.3,242022.0,nm0781842,Peter Segal,9506,ok,Anger Management,2003-04-11,en,4.899,75000000,195745823,Released,6.161,3420,Columbia Pictures,United States of America
6297,6297,Holes (2003),Adventure|Children|Comedy|Mystery,2003.0,311289,8326,tt0311289,movie,0.0,2003.0,117.0,"Adventure,Comedy,Drama",7.0,109655.0,nm0001112,Andrew Davis,8326,ok,Holes,2003-04-18,en,4.4186,20000000,71406573,Released,6.901,1532,Phoenix Pictures,United States of America
6323,6323,Identity (2003),Crime|Horror|Mystery|Thriller,2003.0,309698,2832,tt0309698,movie,0.0,2003.0,90.0,"Mystery,Thriller",7.3,292590.0,nm0003506,James Mangold,2832,ok,Identity,2003-04-25,en,10.8701,28000000,90259536,Released,7.177,4316,Konrad Pictures,United States of America
6333,6333,X2: X-Men United (2003),Action|Adventure|Sci-Fi|Thriller,2003.0,290334,36658,tt0290334,movie,0.0,2003.0,134.0,"Action,Sci-Fi,Thriller",7.4,611495.0,nm0001741,Bryan Singer,36658,ok,X2,2003-04-27,en,0.4947,110000000,407711549,Released,7.036,10844,The Donners' Company,United States of America
6350,6350,Laputa: Castle in the Sky (Tenkû no shiro Rapyuta) (1986),Action|Adventure|Animation|Children|Fantasy|Sci-Fi,1986.0,92067,10515,tt0092067,movie,0.0,1986.0,124.0,"Adventure,Animation,Family",8.0,197933.0,nm0594503,Hayao Miyazaki,10515,ok,Castle in the Sky,1986-08-02,ja,7.1684,3000000,5228752,Released,7.969,4658,Studio Ghibli,Japan
6365,6365,"Matrix Reloaded, The (2003)",Action|Adventure|Sci-Fi|Thriller|IMAX,2003.0,234215,604,tt0234215,movie,0.0,2003.0,138.0,"Action,Sci-Fi",7.2,669964.0,nm0905154,Lana Wachowski,604,ok,The Matrix Reloaded,2003-05-15,en,10.2518,150000000,738599701,Released,7.073,11884,Village Roadshow Pictures,United States of America
6373,6373,Bruce Almighty (2003),Comedy|Drama|Fantasy|Romance,2003.0,315327,310,tt0315327,movie,0.0,2003.0,101.0,"Comedy,Fantasy",6.8,469824.0,nm0001723,Tom Shadyac,310,ok,Bruce Almighty,2003-05-23,en,8.3468,80000000,484592874,Released,6.725,11441,Pit Bull Productions,United States of America
6377,6377,Finding Nemo (2003),Adventure|Animation|Children|Comedy,2003.0,266543,12,tt0266543,movie,0.0,2003.0,100.0,"Adventure,Animation,Comedy",8.2,1206572.0,nm0004056,Andrew Stanton,12,ok,Finding Nemo,2003-05-30,en,20.4996,94000000,940335536,Released,7.818,20470,Pixar,United States of America
6378,6378,"Italian Job, The (2003)",Action|Crime,2003.0,317740,9654,tt0317740,movie,0.0,2003.0,111.0,"Action,Crime,Thriller",7.0,407078.0,nm0336620,F. Gary Gray,9654,ok,The Italian Job,2003-05-30,en,7.5647,60000000,176070171,Released,6.787,5976,De Line Pictures,France
6502,6502,28 Days Later (2002),Action|Horror|Sci-Fi,2002.0,289043,170,tt0289043,movie,0.0,2002.0,113.0,"Drama,Horror,Sci-Fi",7.5,546838.0,nm0000965,Danny Boyle,170,ok,28 Days Later,2002-10-31,en,12.0803,8000000,82784517,Released,7.242,8425,DNA Films,United Kingdom
6503,6503,Charlie's Angels: Full Throttle (2003),Action|Adventure|Comedy|Crime|Thriller,2003.0,305357,9471,tt0305357,movie,0.0,2003.0,106.0,"Action,Adventure,Comedy",5.0,138990.0,nm0629334,McG,9471,ok,Charlie's Angels: Full Throttle,2003-06-25,en,4.8387,120000000,259175788,Released,5.486,3272,Wonderland Sound and Vision,United States of America
6534,6534,Hulk (2003),Action|Adventure|Sci-Fi,2003.0,286716,1927,tt0286716,movie,0.0,2003.0,138.0,"Action,Sci-Fi",5.7,292596.0,nm0000487,Ang Lee,1927,ok,Hulk,2003-06-19,en,8.7914,137000000,245360480,Released,5.579,6234,Marvel Enterprises,United States of America
6537,6537,Terminator 3: Rise of the Machines (2003),Action|Adventure|Sci-Fi,2003.0,181852,296,tt0181852,movie,0.0,2003.0,109.0,"Action,Sci-Fi",6.3,436959.0,nm0609236,Jonathan Mostow,296,ok,Terminator 3: Rise of the Machines,2003-07-02,en,8.5363,200000000,435000000,Released,6.187,7201,Intermedia Films,Germany
6539,6539,Pirates of the Caribbean: The Curse of the Black Pearl (2003),Action|Adventure|Comedy|Fantasy,2003.0,325980,22,tt0325980,movie,0.0,2003.0,143.0,"Action,Adventure,Fantasy",8.1,1323984.0,nm0893659,Gore Verbinski,22,ok,Pirates of the Caribbean: The Curse of the Black Pearl,2003-07-09,en,18.9628,140000000,655011224,Released,7.821,22121,Walt Disney Pictures,United States of America
6541,6541,"League of Extraordinary Gentlemen, The (a.k.a. LXG) (2003)",Action|Fantasy|Sci-Fi,2003.0,311429,8698,tt0311429,movie,0.0,2003.0,110.0,"Action,Adventure,Fantasy",5.8,191926.0,nm0635759,Stephen Norrington,8698,ok,The League of Extraordinary Gentlemen,2003-07-11,en,5.4381,78000000,179265204,Released,5.976,4322,20th Century Fox,Germany
6593,6593,Freaky Friday (2003),Children|Comedy|Fantasy,2003.0,322330,10330,tt0322330,movie,0.0,2003.0,97.0,"Comedy,Family,Fantasy",6.4,177333.0,nm0914132,Mark Waters,10330,ok,Freaky Friday,2003-08-05,en,5.9327,26000000,160846332,Released,6.58,4244,Casual Friday Productions,United States of America
6708,6708,Matchstick Men (2003),Comedy|Crime|Drama,2003.0,325805,7270,tt0325805,movie,0.0,2003.0,116.0,"Comedy,Crime,Drama",7.3,145458.0,nm0000631,Ridley Scott,7270,ok,Matchstick Men,2003-09-12,en,2.8399,62000000,65565672,Released,7.003,1964,Warner Bros. Pictures,United Kingdom
6711,6711,Lost in Translation (2003),Comedy|Drama|Romance,2003.0,335266,153,tt0335266,movie,0.0,2003.0,102.0,"Comedy,Drama",7.7,529680.0,nm0001068,Sofia Coppola,153,ok,Lost in Translation,2003-09-18,en,7.8487,4000000,119723856,Released,7.4,8042,American Zoetrope,United Kingdom
6754,6754,Underworld (2003),Action|Fantasy|Horror,2003.0,320691,277,tt0320691,movie,0.0,2003.0,121.0,"Action,Fantasy,Thriller",7.0,300614.0,nm0936482,Len Wiseman,277,ok,Underworld,2003-09-19,en,6.6703,22000000,95708457,Released,6.8,6559,Screen Gems,United States of America
6773,6773,"Triplets of Belleville, The (Les triplettes de Belleville) (2003)",Animation|Comedy|Fantasy,2003.0,286244,9662,tt0286244,movie,0.0,2003.0,80.0,"Adventure,Animation,Comedy",7.7,59440.0,nm0158984,Sylvain Chomet,9662,ok,The Triplets of Belleville,2003-06-11,fr,2.1743,9500000,14776760,Released,7.4,1036,Les Armateurs,France
6787,6787,All the President's Men (1976),Drama|Thriller,1976.0,74119,891,tt0074119,movie,0.0,1976.0,138.0,"Drama,History,Thriller",7.9,138535.0,nm0001587,Alan J. Pakula,891,ok,All the President's Men,1976-04-09,en,4.9438,8500000,70600000,Released,7.661,2060,Wildwood Enterprises,United States of America
6807,6807,Monty Python's The Meaning of Life (1983),Comedy,1983.0,85959,4543,tt0085959,movie,0.0,1983.0,107.0,"Comedy,Musical",7.5,130083.0,nm0001402,Terry Jones,4543,ok,Monty Python's The Meaning of Life,1983-03-31,en,3.4209,9000000,42749697,Released,7.3,2091,Celandine Films,United Kingdom
6863,6863,School of Rock (2003),Comedy|Musical,2003.0,332379,1584,tt0332379,movie,0.0,2003.0,109.0,"Comedy,Music",7.2,358035.0,nm0000500,Richard Linklater,1584,ok,School of Rock,2003-10-03,en,7.5639,35000000,131098967,Released,7.082,6146,Paramount Pictures,United States of America
6870,6870,Mystic River (2003),Crime|Drama|Mystery,2003.0,327056,322,tt0327056,movie,0.0,2003.0,138.0,"Crime,Drama,Mystery",7.9,522560.0,nm0000142,Clint Eastwood,322,ok,Mystic River,2003-10-08,en,6.2818,25000000,156800000,Released,7.743,7408,Warner Bros. Pictures,United States of America
6873,6873,Intolerable Cruelty (2003),Comedy|Romance,2003.0,138524,11775,tt0138524,movie,0.0,2003.0,100.0,"Comedy,Crime,Romance",6.3,105819.0,nm0001054,Joel Coen,11775,ok,Intolerable Cruelty,2003-10-10,en,3.3144,60000000,119940815,Released,5.955,1656,Universal Pictures,United States of America
6874,6874,Kill Bill: Vol. 1 (2003),Action|Crime|Thriller,2003.0,266697,24,tt0266697,movie,0.0,2003.0,111.0,"Action,Crime,Thriller",8.2,1306415.0,nm0000233,Quentin Tarantino,24,ok,Kill Bill: Vol. 1,2003-10-10,en,12.6109,30000000,180906076,Released,7.97,18835,Miramax,United States of America
6888,6888,Scary Movie 3 (2003),Comedy|Horror,2003.0,306047,4256,tt0306047,movie,0.0,2003.0,84.0,Comedy,5.6,172287.0,nm0001878,David Zucker,4256,ok,Scary Movie 3,2003-10-24,en,7.7476,45000000,220673217,Released,5.963,4447,Brad Grey Pictures,United States of America
6934,6934,"Matrix Revolutions, The (2003)",Action|Adventure|Sci-Fi|Thriller|IMAX,2003.0,242653,605,tt0242653,movie,0.0,2003.0,129.0,"Action,Sci-Fi",6.7,574848.0,nm0905154,Lana Wachowski,605,ok,The Matrix Revolutions,2003-11-05,en,9.0224,150000000,424988211,Released,6.75,10745,Village Roadshow Pictures,United States of America
6936,6936,Elf (2003),Children|Comedy|Fantasy,2003.0,319343,10719,tt0319343,movie,0.0,2003.0,97.0,"Adventure,Comedy,Family",7.1,346598.0,nm0269463,Jon Favreau,10719,ok,Elf,2003-11-07,en,6.1482,32000000,228500000,Released,6.666,4516,New Line Cinema,United States of America
6942,6942,Love Actually (2003),Comedy|Drama|Romance,2003.0,314331,508,tt0314331,movie,0.0,2003.0,135.0,"Comedy,Drama,Romance",7.5,580267.0,nm0193485,Richard Curtis,508,ok,Love Actually,2003-09-07,en,7.9181,40000000,250779876,Released,7.096,7358,Working Title Films,France
6947,6947,Master and Commander: The Far Side of the World (2003),Adventure|Drama|War,2003.0,311113,8619,tt0311113,movie,0.0,2003.0,138.0,"Action,Adventure,Drama",7.5,255619.0,nm0001837,Peter Weir,8619,ok,Master and Commander: The Far Side of the World,2003-11-14,en,5.1027,150000000,211623421,Released,7.19,3498,20th Century Fox,United States of America
6953,6953,21 Grams (2003),Crime|Drama|Mystery|Romance|Thriller,2003.0,315733,470,tt0315733,movie,0.0,2003.0,124.0,"Crime,Drama,Thriller",7.6,253511.0,nm0327944,Alejandro G. Iñárritu,470,ok,21 Grams,2003-09-06,en,4.3137,20000000,60427839,Released,7.322,3379,This is that,United States of America
6957,6957,Bad Santa (2003),Comedy|Crime,2003.0,307987,10147,tt0307987,movie,0.0,2003.0,92.0,"Comedy,Crime,Drama",7.0,167666.0,nm0959062,Terry Zwigoff,10147,ok,Bad Santa,2003-11-26,en,4.4725,23000000,76500000,Released,6.569,2377,Mike Zoss Productions,United States of America
6979,6979,WarGames (1983),Drama|Sci-Fi|Thriller,1983.0,86567,860,tt0086567,movie,0.0,1983.0,114.0,"Action,Drama,Sci-Fi",7.1,121402.0,nm0000824,John Badham,860,ok,WarGames,1983-06-03,en,5.3196,12000000,124600000,Released,7.069,2138,Sherwood Productions,United States of America
7022,7022,Battle Royale (Batoru rowaiaru) (2000),Action|Drama|Horror|Thriller,2000.0,266308,3176,tt0266308,movie,0.0,2000.0,114.0,"Action,Drama,Thriller",7.5,207129.0,nm0297935,Kinji Fukasaku,3176,ok,Battle Royale,2000-12-16,ja,5.0116,4500000,30600000,Released,7.3,3791,Toei Company,Japan
7090,7090,Hero (Ying xiong) (2002),Action|Adventure|Drama,2002.0,299977,79,tt0299977,movie,0.0,2002.0,94.0,"Action,Adventure,Drama",7.9,194200.0,nm0955443,Yimou Zhang,79,ok,Hero,2002-12-19,zh,7.5113,31000000,177394432,Released,7.509,2480,Beijing New Picture Film Co. Ltd.,Hong Kong
7099,7099,Nausicaä of the Valley of the Wind (Kaze no tani no Naushika) (1984),Adventure|Animation|Drama|Fantasy|Sci-Fi,1984.0,87544,81,tt0087544,movie,0.0,1984.0,117.0,"Adventure,Animation,Sci-Fi",8.0,196998.0,nm0594503,Hayao Miyazaki,81,ok,Nausicaä of the Valley of the Wind,1984-03-11,ja,6.2778,1000000,9016411,Released,7.949,4044,Topcraft,Japan
7143,7143,"Last Samurai, The (2003)",Action|Adventure|Drama|War,2003.0,325710,616,tt0325710,movie,0.0,2003.0,154.0,"Action,Drama",7.8,504662.0,nm0001880,Edward Zwick,616,ok,The Last Samurai,2003-12-05,en,11.0221,140000000,456800000,Released,7.604,7493,Radar Pictures,United States of America
7147,7147,Big Fish (2003),Drama|Fantasy|Romance,2003.0,319061,587,tt0319061,movie,0.0,2003.0,125.0,"Adventure,Drama,Fantasy",7.9,478356.0,nm0000318,Tim Burton,587,ok,Big Fish,2003-12-10,en,9.4063,70000000,123200000,Released,7.758,7729,Columbia Pictures,United States of America
7153,7153,"Lord of the Rings: The Return of the King, The (2003)",Action|Adventure|Drama|Fantasy,2003.0,167260,122,tt0167260,movie,0.0,2003.0,201.0,"Adventure,Drama,Fantasy",9.0,2162614.0,nm0001392,Peter Jackson,122,ok,The Lord of the Rings: The Return of the King,2003-12-17,en,34.5875,94000000,1118888979,Released,8.5,26404,New Line Cinema,New Zealand
7173,7173,Along Came Polly (2004),Comedy|Romance,2004.0,343135,5966,tt0343135,movie,0.0,2004.0,90.0,"Comedy,Romance",6.0,151064.0,nm0357453,John Hamburg,5966,ok,Along Came Polly,2004-01-16,en,5.3051,42000000,178300000,Released,6.029,3006,Jersey Films,United States of America
7254,7254,The Butterfly Effect (2004),Drama|Sci-Fi|Thriller,2004.0,289879,1954,tt0289879,movie,0.0,2004.0,113.0,"Drama,Sci-Fi,Thriller",7.6,555917.0,nm0107774,Eric Bress,1954,ok,The Butterfly Effect,2004-01-17,en,7.0955,13000000,96800000,Released,7.575,8179,FilmEngine,Canada
7293,7293,50 First Dates (2004),Comedy|Romance,2004.0,343660,1824,tt0343660,movie,0.0,2004.0,99.0,"Comedy,Drama,Romance",6.8,414536.0,nm0781842,Peter Segal,1824,ok,50 First Dates,2004-02-13,en,9.0103,75000000,196482882,Released,6.871,7685,Columbia Pictures,United States of America
7323,7323,"Good bye, Lenin! (2003)",Comedy|Drama,2003.0,301357,338,tt0301357,movie,0.0,2003.0,121.0,"Comedy,Drama,Romance",7.7,159729.0,nm0065615,Wolfgang Becker,338,ok,"Good Bye, Lenin!",2003-02-13,de,3.1249,4800000,79384880,Released,7.542,2615,WDR,Germany
7325,7325,Starsky & Hutch (2004),Action|Comedy|Crime|Thriller,2004.0,335438,9384,tt0335438,movie,0.0,2004.0,101.0,"Comedy,Crime",6.1,161690.0,nm0680846,Todd Phillips,9384,ok,Starsky & Hutch,2004-03-05,en,4.0848,60000000,170300000,Released,5.825,2508,Warner Bros. Pictures,United States of America
7346,7346,"Girl Next Door, The (2004)",Comedy|Romance,2004.0,265208,10591,tt0265208,movie,0.0,2004.0,109.0,"Comedy,Drama,Romance",6.7,263014.0,nm0339004,Luke Greenfield,10591,ok,The Girl Next Door,2004-04-09,en,13.9748,21000000,31635150,Released,6.736,3976,Epsilon Motion Pictures,Switzerland
7361,7361,Eternal Sunshine of the Spotless Mind (2004),Drama|Romance|Sci-Fi,2004.0,338013,38,tt0338013,movie,0.0,2004.0,108.0,"Drama,Romance,Sci-Fi",8.3,1182004.0,nm0327273,Michel Gondry,38,ok,Eternal Sunshine of the Spotless Mind,2004-03-19,en,23.8908,20000000,72258126,Released,8.09,16260,Focus Features,United States of America
7371,7371,Dogville (2003),Drama|Mystery|Thriller,2003.0,276919,553,tt0276919,movie,0.0,2003.0,171.0,"Crime,Drama",8.0,168619.0,nm0001885,Lars von Trier,553,ok,Dogville,2003-05-21,en,5.4467,10000000,16690617,Released,7.754,2672,Zentropa Entertainments,Denmark
7373,7373,Hellboy (2004),Action|Adventure|Fantasy|Horror,2004.0,167190,1487,tt0167190,movie,0.0,2004.0,122.0,"Action,Adventure,Fantasy",6.9,370433.0,nm0868219,Guillermo del Toro,1487,ok,Hellboy,2004-04-02,en,6.2074,66000000,99318987,Released,6.674,7386,Revolution Studios,United States of America
7387,7387,Dawn of the Dead (1978),Action|Drama|Horror,1978.0,77402,923,tt0077402,movie,0.0,1978.0,127.0,"Horror,Thriller",7.8,136508.0,nm0001681,George A. Romero,923,ok,Dawn of the Dead,1978-09-02,en,4.905,640000,55000000,Released,7.487,2282,Dawn Associates,Italy
7438,7438,Kill Bill: Vol. 2 (2004),Action|Drama|Thriller,2004.0,378194,393,tt0378194,movie,0.0,2004.0,137.0,"Action,Crime,Thriller",8.0,869862.0,nm0000233,Quentin Tarantino,393,ok,Kill Bill: Vol. 2,2004-04-16,en,9.4923,30000000,152159461,Released,7.878,14990,Super Cool ManChu,United States of America
7444,7444,13 Going on 30 (2004),Comedy|Fantasy|Romance,2004.0,337563,10096,tt0337563,movie,0.0,2004.0,98.0,"Comedy,Fantasy,Romance",6.3,247353.0,nm0935095,Gary Winick,10096,ok,13 Going on 30,2004-04-13,en,8.0369,37000000,96458118,Released,6.8,5513,Revolution Studios,United States of America
7445,7445,Man on Fire (2004),Action|Crime|Drama|Mystery|Thriller,2004.0,328107,9509,tt0328107,movie,0.0,2004.0,146.0,"Action,Crime,Drama",7.7,419692.0,nm0001716,Tony Scott,9509,ok,Man on Fire,2004-04-23,en,18.9198,70000000,130300000,Released,7.461,5632,Fox 2000 Pictures,Switzerland
7451,7451,Mean Girls (2004),Comedy,2004.0,377092,10625,tt0377092,movie,0.0,2004.0,97.0,Comedy,7.1,486214.0,nm0914132,Mark Waters,10625,ok,Mean Girls,2004-04-30,en,15.6178,17000000,130195052,Released,7.223,9407,Broadway Video,United States of America
7454,7454,Van Helsing (2004),Action|Adventure|Fantasy|Horror,2004.0,338526,7131,tt0338526,movie,0.0,2004.0,131.0,"Action,Adventure,Fantasy",6.1,306935.0,nm0814085,Stephen Sommers,7131,ok,Van Helsing,2004-05-03,en,24.5112,160000000,300257475,Released,6.401,6590,Universal Pictures,Czech Republic
7458,7458,Troy (2004),Action|Adventure|Drama|War,2004.0,332452,652,tt0332452,movie,0.0,2004.0,163.0,"Action,Adventure,Drama",7.3,615058.0,nm0000583,Wolfgang Petersen,652,ok,Troy,2004-05-13,en,19.5007,175000000,497409852,Released,7.168,10979,Warner Bros. Pictures,United Kingdom
8360,8360,Shrek 2 (2004),Adventure|Animation|Children|Comedy|Musical|Romance,2004.0,298148,809,tt0298148,movie,0.0,2004.0,93.0,"Adventure,Animation,Comedy",7.4,555004.0,nm0011470,Andrew Adamson,809,ok,Shrek 2,2004-05-19,en,13.6731,150000000,935454538,Released,7.311,13360,DreamWorks Animation,United States of America
8361,8361,"Day After Tomorrow, The (2004)",Action|Adventure|Drama|Sci-Fi|Thriller,2004.0,319262,435,tt0319262,movie,0.0,2004.0,124.0,"Action,Adventure,Sci-Fi",6.5,511738.0,nm0000386,Roland Emmerich,435,ok,The Day After Tomorrow,2004-05-26,en,7.5559,125000000,552639571,Released,6.6,8801,20th Century Fox,United States of America
8368,8368,Harry Potter and the Prisoner of Azkaban (2004),Adventure|Fantasy|IMAX,2004.0,304141,673,tt0304141,movie,0.0,2004.0,142.0,"Adventure,Family,Fantasy",7.9,766919.0,nm0190859,Alfonso Cuarón,673,ok,Harry Potter and the Prisoner of Azkaban,2004-05-31,en,20.6987,130000000,789804554,Released,8.008,23050,Warner Bros. Pictures,United Kingdom
8371,8371,"Chronicles of Riddick, The (2004)",Action|Sci-Fi|Thriller,2004.0,296572,2789,tt0296572,movie,0.0,2004.0,119.0,"Action,Adventure,Sci-Fi",6.6,251556.0,nm0878638,David Twohy,2789,ok,The Chronicles of Riddick,2004-06-11,en,2.9311,105000000,115772733,Released,6.55,4462,Radar Pictures,United States of America
8376,8376,Napoleon Dynamite (2004),Comedy,2004.0,374900,8193,tt0374900,movie,0.0,2004.0,96.0,Comedy,7.0,255889.0,nm0381478,Jared Hess,8193,ok,Napoleon Dynamite,2004-06-11,en,3.9401,400000,46118097,Released,6.786,2140,Napoleon Pictures,United States of America
8464,8464,Super Size Me (2004),Comedy|Documentary|Drama,2004.0,390521,9372,tt0390521,movie,0.0,2004.0,100.0,Documentary,7.2,116704.0,nm1041597,Morgan Spurlock,9372,ok,Super Size Me,2004-01-17,en,1.6666,65000,28575078,Released,6.723,1768,The Con,United States of America
8528,8528,Dodgeball: A True Underdog Story (2004),Comedy,2004.0,364725,9472,tt0364725,movie,0.0,2004.0,92.0,"Comedy,Sport",6.7,285956.0,nm1098493,Rawson Marshall Thurber,9472,ok,DodgeBall: A True Underdog Story,2004-06-18,en,5.4203,20000000,168423227,Released,6.363,3803,20th Century Fox,United States of America
8529,8529,"Terminal, The (2004)",Comedy|Drama|Romance,2004.0,362227,594,tt0362227,movie,0.0,2004.0,128.0,"Comedy,Drama,Romance",7.4,535109.0,nm0000229,Steven Spielberg,594,ok,The Terminal,2004-06-17,en,6.5797,60000000,219417255,Released,7.352,8645,DreamWorks Pictures,United States of America
8533,8533,"Notebook, The (2004)",Drama|Romance,2004.0,332280,11036,tt0332280,movie,0.0,2004.0,123.0,"Drama,Romance",7.8,688368.0,nm0001024,Nick Cassavetes,11036,ok,The Notebook,2004-06-25,en,21.3009,29000000,115600000,Released,7.888,12476,New Line Cinema,United States of America
8622,8622,Fahrenheit 9/11 (2004),Documentary,2004.0,361596,1777,tt0361596,movie,0.0,2004.0,122.0,"Documentary,Drama,War",7.5,135061.0,nm0601619,Michael Moore,1777,ok,Fahrenheit 9/11,2004-06-25,en,3.0762,6000000,222400000,Released,7.084,1516,Fellowship Adventure Group,Italy
8636,8636,Spider-Man 2 (2004),Action|Adventure|Sci-Fi|IMAX,2004.0,316654,558,tt0316654,movie,0.0,2004.0,127.0,"Action,Adventure,Sci-Fi",7.5,784284.0,nm0000600,Sam Raimi,558,ok,Spider-Man 2,2004-06-25,en,9.0594,200000000,788976453,Released,7.304,16260,Marvel Enterprises,United States of America
8641,8641,Anchorman: The Legend of Ron Burgundy (2004),Comedy,2004.0,357413,8699,tt0357413,movie,0.0,2004.0,94.0,Comedy,7.1,401317.0,nm0570912,Adam McKay,8699,ok,Anchorman: The Legend of Ron Burgundy,2004-06-28,en,4.7954,26000000,90574188,Released,6.702,4563,DreamWorks Pictures,United States of America
8644,8644,"I, Robot (2004)",Action|Adventure|Sci-Fi|Thriller,2004.0,343818,2048,tt0343818,movie,0.0,2004.0,115.0,"Action,Mystery,Sci-Fi",7.1,614256.0,nm0001639,Alex Proyas,2048,ok,"I, Robot",2004-07-15,en,9.8265,120000000,347234916,Released,6.961,12590,Davis Entertainment,United States of America
8665,8665,"Bourne Supremacy, The (2004)",Action|Crime|Thriller,2004.0,372183,2502,tt0372183,movie,0.0,2004.0,108.0,"Action,Mystery,Thriller",7.7,512812.0,nm0339030,Paul Greengrass,2502,ok,The Bourne Supremacy,2004-07-23,en,7.4897,75000000,288500217,Released,7.329,8110,Universal Pictures,United States of America
8783,8783,"Village, The (2004)",Drama|Mystery|Thriller,2004.0,368447,6947,tt0368447,movie,0.0,2004.0,108.0,"Drama,Mystery,Thriller",6.6,296533.0,nm0796117,M. Night Shyamalan,6947,ok,The Village,2004-07-30,en,5.4822,60000000,256700000,Released,6.482,4557,Touchstone Pictures,United States of America
8784,8784,Garden State (2004),Comedy|Drama|Romance,2004.0,333766,401,tt0333766,movie,0.0,2004.0,102.0,"Comedy,Drama,Romance",7.4,228986.0,nm0103785,Zach Braff,401,ok,Garden State,2004-07-28,en,3.1323,2500000,26781723,Released,7.08,2037,Camelot Pictures,United States of America
8798,8798,Collateral (2004),Action|Crime|Drama|Thriller,2004.0,369339,1538,tt0369339,movie,0.0,2004.0,120.0,"Action,Crime,Drama",7.5,467183.0,nm0000520,Michael Mann,1538,ok,Collateral,2004-08-04,en,6.8194,65000000,220239925,Released,7.2,6230,Paramount Pictures,United States of America
8807,8807,Harold and Kumar Go to White Castle (2004),Adventure|Comedy,2004.0,366551,11282,tt0366551,movie,0.0,2004.0,88.0,"Adventure,Comedy",7.0,216099.0,nm0500444,Danny Leiner,11282,ok,Harold & Kumar Go to White Castle,2004-07-02,en,4.195,9000000,23936908,Released,6.6,2255,Senator International,United States of America
8873,8873,"Motorcycle Diaries, The (Diarios de motocicleta) (2004)",Adventure|Drama,2004.0,318462,1653,tt0318462,movie,0.0,2004.0,126.0,"Adventure,Biography,Drama",7.7,109034.0,nm0758574,Walter Salles,1653,ok,The Motorcycle Diaries,2004-02-06,es,3.0853,0,57663224,Released,7.418,1421,Film4 Productions,Argentina
8874,8874,Shaun of the Dead (2004),Comedy|Horror,2004.0,365748,747,tt0365748,movie,0.0,2004.0,99.0,"Comedy,Horror",7.8,638734.0,nm0942367,Edgar Wright,747,ok,Shaun of the Dead,2004-04-09,en,7.6893,6000000,39396175,Released,7.542,9280,WT² Productions,United Kingdom
8910,8910,I Heart Huckabees (2004),Comedy,2004.0,356721,1599,tt0356721,movie,0.0,2004.0,107.0,Comedy,6.5,67622.0,nm0751102,David O. Russell,1599,ok,I ♥ Huckabees,2004-09-10,en,3.2352,22000000,20094909,Released,6.295,699,Fox Searchlight Pictures,Germany
8917,8917,Team America: World Police (2004),Action|Adventure|Animation|Comedy,2004.0,372588,3989,tt0372588,movie,0.0,2004.0,98.0,"Action,Comedy",7.2,185027.0,nm0005295,Trey Parker,3989,ok,Team America: World Police,2004-10-10,en,3.0905,32000000,50826898,Released,6.734,2036,Paramount Pictures,United States of America
8949,8949,Sideways (2004),Comedy|Drama|Romance,2004.0,375063,9675,tt0375063,movie,0.0,2004.0,127.0,"Comedy,Drama,Romance",7.5,216934.0,nm0668247,Alexander Payne,9675,ok,Sideways,2004-10-22,en,4.1329,16000000,109502303,Released,7.118,1873,Fox Searchlight Pictures,United States of America
8950,8950,The Machinist (2004),Drama|Mystery|Thriller,2004.0,361862,4553,tt0361862,movie,0.0,2004.0,101.0,"Drama,Thriller",7.6,441631.0,nm0026442,Brad Anderson,4553,ok,The Machinist,2004-09-24,en,4.9914,5000000,8203235,Released,7.5,6110,Castelao Productions,Spain
8957,8957,Saw (2004),Horror|Mystery|Thriller,2004.0,387564,176,tt0387564,movie,0.0,2004.0,103.0,"Horror,Mystery,Thriller",7.6,509619.0,nm1490123,James Wan,176,ok,Saw,2004-10-01,en,11.0181,1200000,104045735,Released,7.421,10002,Twisted Pictures,United States of America
8961,8961,"Incredibles, The (2004)",Action|Adventure|Animation|Children|Comedy,2004.0,317705,9806,tt0317705,movie,0.0,2004.0,115.0,"Action,Adventure,Animation",8.0,899848.0,nm0083348,Brad Bird,9806,ok,The Incredibles,2004-10-27,en,16.0014,92000000,631442092,Released,7.7,18807,Pixar,United States of America
8969,8969,Bridget Jones: The Edge of Reason (2004),Comedy|Drama|Romance,2004.0,317198,9801,tt0317198,movie,0.0,2004.0,108.0,"Comedy,Drama,Romance",6.0,133062.0,nm0452319,Beeban Kidron,9801,ok,Bridget Jones: The Edge of Reason,2004-11-10,en,3.1808,40000000,265126918,Released,6.228,3017,StudioCanal,United Kingdom
8970,8970,Finding Neverland (2004),Drama,2004.0,308644,866,tt0308644,movie,0.0,2004.0,106.0,"Biography,Drama,Family",7.6,217279.0,nm0286975,Marc Forster,866,ok,Finding Neverland,2004-10-29,en,3.744,25000000,116766556,Released,7.318,3726,Miramax,United States of America
8972,8972,National Treasure (2004),Action|Adventure|Drama|Mystery|Thriller,2004.0,368891,2059,tt0368891,movie,0.0,2004.0,131.0,"Action,Adventure,Mystery",6.9,376804.0,nm0005509,Jon Turteltaub,2059,ok,National Treasure,2004-11-19,en,7.2221,100000000,347500000,Released,6.651,6824,Walt Disney Pictures,United States of America
8983,8983,House of Flying Daggers (Shi mian mai fu) (2004),Action|Drama|Romance,2004.0,385004,9550,tt0385004,movie,0.0,2004.0,119.0,"Action,Adventure,Drama",7.5,119708.0,nm0955443,Yimou Zhang,9550,ok,House of Flying Daggers,2004-08-03,zh,4.1842,15000000,92863945,Released,7.264,1783,China Film Co-Production,China
8984,8984,Ocean's Twelve (2004),Action|Comedy|Crime|Thriller,2004.0,349903,163,tt0349903,movie,0.0,2004.0,125.0,"Crime,Thriller",6.5,438443.0,nm0001752,Steven Soderbergh,163,ok,Ocean's Twelve,2004-12-09,en,6.9413,110000000,362744280,Released,6.566,7850,Warner Bros. Pictures,United States of America
27660,27660,"Animatrix, The (2003)",Action|Animation|Drama|Sci-Fi,2003.0,328832,55931,tt0328832,,,,,,7.3,91047.0,nm0161285,Peter Chung,55931,ok,The Animatrix,2003-05-09,en,4.9947,5000000,68000000,Released,7.216,1759,Warner Bros. Pictures,Japan
27706,27706,Lemony Snicket's A Series of Unfortunate Events (2004),Adventure|Children|Comedy|Fantasy,2004.0,339291,11774,tt0339291,movie,0.0,2004.0,108.0,"Adventure,Comedy,Family",6.8,231320.0,nm0797869,Brad Silberling,11774,ok,Lemony Snicket's A Series of Unfortunate Events,2004-12-16,en,5.9683,140000000,209073645,Released,6.819,5262,Paramount Pictures,United States of America
27773,27773,Old Boy (2003),Mystery|Thriller,2003.0,364569,670,tt0364569,movie,0.0,2003.0,120.0,"Action,Drama,Mystery",8.3,717846.0,nm0661791,Park Chan-wook,670,ok,Oldboy,2003-11-21,ko,19.0948,3000000,17500000,Released,8.2,9778,Show East,South Korea
27904,27904,"Scanner Darkly, A (2006)",Animation|Drama|Mystery|Sci-Fi|Thriller,2006.0,405296,3509,tt0405296,movie,0.0,2006.0,100.0,"Animation,Comedy,Crime",7.0,121929.0,nm0000500,Richard Linklater,3509,ok,A Scanner Darkly,2006-07-07,en,3.5582,8700000,7659918,Released,6.798,1933,Warner Independent Pictures,United States of America
30707,30707,Million Dollar Baby (2004),Drama,2004.0,405159,70,tt0405159,movie,0.0,2004.0,132.0,"Drama,Sport",8.1,765666.0,nm0000142,Clint Eastwood,70,ok,Million Dollar Baby,2004-12-05,en,7.5253,30000000,216763646,Released,7.954,10309,Lakeshore Entertainment,Switzerland
30749,30749,Hotel Rwanda (2004),Drama|War,2004.0,395169,205,tt0395169,movie,0.0,2004.0,121.0,"Biography,Drama,History",8.1,391873.0,nm0313623,Terry George,205,ok,Hotel Rwanda,2004-12-22,en,4.1318,17500000,38000000,Released,7.719,3151,United Artists,United States of America
30793,30793,Charlie and the Chocolate Factory (2005),Adventure|Children|Comedy|Fantasy|IMAX,2005.0,367594,118,tt0367594,movie,0.0,2005.0,115.0,"Adventure,Comedy,Family",6.7,570960.0,nm0000318,Tim Burton,118,ok,Charlie and the Chocolate Factory,2005-07-13,en,11.5146,150000000,475000000,Released,7.038,16060,Warner Bros. Pictures,United Kingdom
30810,30810,"Life Aquatic with Steve Zissou, The (2004)",Adventure|Comedy|Fantasy,2004.0,362270,421,tt0362270,movie,0.0,2004.0,119.0,"Action,Adventure,Comedy",7.2,221008.0,nm0027572,Wes Anderson,421,ok,The Life Aquatic with Steve Zissou,2004-12-10,en,3.8228,50000000,34808403,Released,7.074,3148,American Empirical Pictures,United States of America
30812,30812,"Aviator, The (2004)",Drama,2004.0,338751,2567,tt0338751,movie,0.0,2004.0,170.0,"Biography,Drama",7.5,408305.0,nm0000217,Martin Scorsese,2567,ok,The Aviator,2004-12-17,en,7.1753,110000000,213719942,Released,7.217,5811,Warner Bros. Pictures,Germany
30825,30825,Meet the Fockers (2004),Comedy,2004.0,290002,693,tt0290002,movie,0.0,2004.0,115.0,"Comedy,Romance",6.4,302331.0,nm0005366,Jay Roach,693,ok,Meet the Fockers,2004-12-22,en,6.9922,80000000,516642939,Released,6.254,5130,Universal Pictures,United States of America
31410,31410,"Downfall (Untergang, Der) (2004)",Drama|War,2004.0,363163,613,tt0363163,movie,0.0,2004.0,156.0,"Biography,Drama,History",8.2,400227.0,nm0386570,Oliver Hirschbiegel,613,ok,Downfall,2004-09-16,de,5.8193,16000000,92181574,Released,7.9,4277,NDR,Austria
31658,31658,Howl's Moving Castle (Hauru no ugoku shiro) (2004),Adventure|Animation|Fantasy|Romance,2004.0,347149,4935,tt0347149,movie,0.0,2004.0,119.0,"Adventure,Animation,Family",8.2,511513.0,nm0594503,Hayao Miyazaki,4935,ok,Howl's Moving Castle,2004-09-09,ja,22.6675,24000000,236049757,Released,8.386,11000,Studio Ghibli,Japan
31685,31685,Hitch (2005),Comedy|Romance,2005.0,386588,8488,tt0386588,movie,0.0,2005.0,118.0,"Comedy,Romance",6.6,349145.0,nm0855035,Andy Tennant,8488,ok,Hitch,2005-02-11,en,5.598,70000000,371600000,Released,6.579,6196,Columbia Pictures,United States of America
31696,31696,Constantine (2005),Action|Fantasy|Horror|Thriller,2005.0,360486,561,tt0360486,movie,0.0,2005.0,121.0,"Action,Fantasy,Horror",7.0,407447.0,nm1349376,Francis Lawrence,561,ok,Constantine,2005-02-08,en,12.2312,100000000,230900000,Released,7.122,7955,Village Roadshow Pictures,Germany
32587,32587,Sin City (2005),Action|Crime|Film-Noir|Mystery|Thriller,2005.0,401792,187,tt0401792,movie,0.0,2005.0,124.0,"Crime,Thriller",8.0,820344.0,nm0588340,Frank Miller,187,ok,Sin City,2005-04-01,en,6.8374,40000000,158733820,Released,7.464,8788,Dimension Films,United States of America
33004,33004,"Hitchhiker's Guide to the Galaxy, The (2005)",Adventure|Comedy|Sci-Fi,2005.0,371724,7453,tt0371724,movie,0.0,2005.0,109.0,"Adventure,Comedy,Sci-Fi",6.7,217123.0,nm1134029,Garth Jennings,7453,ok,The Hitchhiker's Guide to the Galaxy,2005-04-28,en,6.7213,50000000,104500000,Released,6.684,4212,Spyglass Entertainment,United Kingdom
33166,33166,Crash (2004),Crime|Drama,2004.0,375679,1640,tt0375679,movie,0.0,2004.0,112.0,"Crime,Drama,Thriller",7.7,462213.0,nm0353673,Paul Haggis,1640,ok,Crash,2005-05-06,en,5.8415,6500000,98400000,Released,7.216,3850,Blackfriars Bridge Films,United States of America
33493,33493,Star Wars: Episode III - Revenge of the Sith (2005),Action|Adventure|Sci-Fi,2005.0,121766,1895,tt0121766,movie,0.0,2005.0,140.0,"Action,Adventure,Fantasy",7.7,920517.0,nm0000184,George Lucas,1895,ok,Star Wars: Episode III - Revenge of the Sith,2005-05-17,en,10.1774,113000000,850000000,Released,7.5,14858,Lucasfilm Ltd.,United States of America
33615,33615,Madagascar (2005),Adventure|Animation|Children|Comedy,2005.0,351283,953,tt0351283,movie,0.0,2005.0,86.0,"Adventure,Animation,Comedy",6.9,479621.0,nm0201509,Eric Darnell,953,ok,Madagascar,2005-05-25,en,15.8565,75000000,542064525,Released,6.922,11675,Pacific Data Images,United States of America
33679,33679,Mr. & Mrs. Smith (2005),Action|Adventure|Comedy|Romance,2005.0,356910,787,tt0356910,movie,0.0,2005.0,120.0,"Action,Comedy,Crime",6.5,592941.0,nm0510731,Doug Liman,787,ok,Mr. & Mrs. Smith,2005-06-07,en,17.2435,110000000,487287646,Released,6.691,11164,Regency Enterprises,Switzerland
33794,33794,Batman Begins (2005),Action|Crime|IMAX,2005.0,372784,272,tt0372784,movie,0.0,2005.0,140.0,"Action,Crime,Drama",8.2,1712065.0,nm0634240,Christopher Nolan,272,ok,Batman Begins,2005-06-10,en,14.9364,150000000,374218673,Released,7.723,22499,Warner Bros. Pictures,United Kingdom
34048,34048,War of the Worlds (2005),Action|Adventure|Sci-Fi|Thriller,2005.0,407304,74,tt0407304,movie,0.0,2005.0,117.0,"Action,Adventure,Sci-Fi",6.6,506807.0,nm0000229,Steven Spielberg,74,ok,War of the Worlds,2005-06-28,en,10.5579,132000000,603873119,Released,6.536,9118,Paramount Pictures,United States of America
34150,34150,Fantastic Four (2005),Action|Adventure|Sci-Fi,2005.0,120667,9738,tt0120667,movie,0.0,2005.0,106.0,"Action,Adventure,Fantasy",5.7,373666.0,nm1103162,Tim Story,9738,ok,Fantastic Four,2005-06-29,en,7.4645,100000000,333535934,Released,5.8,9944,Kumar Mobiliengesellschaft mbH & Co. Projekt Nr. 3 KG,Germany
34162,34162,Wedding Crashers (2005),Comedy|Romance,2005.0,396269,9522,tt0396269,movie,0.0,2005.0,119.0,"Comedy,Romance",7.0,397979.0,nm0229694,David Dobkin,9522,ok,Wedding Crashers,2005-07-13,en,6.3198,40000000,288500000,Released,6.497,4680,Avery Pix,United States of America
34319,34319,"Island, The (2005)",Action|Sci-Fi|Thriller,2005.0,399201,1635,tt0399201,movie,0.0,2005.0,136.0,"Action,Sci-Fi,Thriller",6.8,342201.0,nm0000881,Michael Bay,1635,ok,The Island,2005-07-21,en,6.6772,126000000,162949164,Released,6.693,5848,DreamWorks Pictures,United States of America
34405,34405,Serenity (2005),Action|Adventure|Sci-Fi,2005.0,379786,16320,tt0379786,movie,0.0,2005.0,119.0,"Action,Adventure,Sci-Fi",7.8,315338.0,nm0923736,Joss Whedon,16320,ok,Serenity,2005-09-25,en,6.9509,39000000,38869464,Released,7.361,3844,Universal Pictures,United States of America
34437,34437,Broken Flowers (2005),Comedy|Drama,2005.0,412019,308,tt0412019,movie,0.0,2005.0,106.0,"Comedy,Drama,Mystery",7.1,110266.0,nm0000464,Jim Jarmusch,308,ok,Broken Flowers,2005-07-31,en,2.9817,10000000,46720491,Released,6.941,1471,Focus Features,United States of America
35836,35836,"40-Year-Old Virgin, The (2005)",Comedy|Romance,2005.0,405422,6957,tt0405422,movie,0.0,2005.0,116.0,"Comedy,Romance",7.1,501057.0,nm0031976,Judd Apatow,6957,ok,The 40 Year Old Virgin,2005-08-11,en,7.1962,26000000,177400000,Released,6.421,7185,Universal Pictures,United States of America
36401,36401,"Brothers Grimm, The (2005)",Comedy|Fantasy|Horror|Thriller,2005.0,355295,4442,tt0355295,movie,0.0,2005.0,118.0,"Action,Adventure,Comedy",5.9,132042.0,nm0000416,Terry Gilliam,4442,ok,The Brothers Grimm,2005-08-26,en,4.2544,88000000,105300000,Released,5.852,2942,Summit Entertainment,United Kingdom
36529,36529,Lord of War (2005),Action|Crime|Drama|Thriller|War,2005.0,399295,1830,tt0399295,movie,0.0,2005.0,122.0,"Crime,Drama",7.6,358880.0,nm0629272,Andrew Niccol,1830,ok,Lord of War,2005-09-16,en,6.7006,50000000,72600000,Released,7.343,5301,Endgame Entertainment,France
37386,37386,Aeon Flux (2005),Action|Sci-Fi,2005.0,402022,8202,tt0402022,movie,0.0,2005.0,93.0,"Action,Adventure,Sci-Fi",5.4,137022.0,nm0476201,Karyn Kusama,8202,ok,Æon Flux,2005-11-30,en,4.6655,62000000,53321673,Released,5.635,2439,Paramount Pictures,United States of America
37729,37729,Corpse Bride (2005),Animation|Comedy|Fantasy|Musical|Romance,2005.0,121164,3933,tt0121164,movie,0.0,2005.0,77.0,"Animation,Comedy,Drama",7.4,327973.0,nm0000318,Tim Burton,3933,ok,Corpse Bride,2005-09-12,en,9.6453,40000000,118133252,Released,7.6,10128,Tim Burton Productions,United Kingdom
37733,37733,"History of Violence, A (2005)",Action|Crime|Drama|Thriller,2005.0,399146,59,tt0399146,movie,0.0,2005.0,96.0,"Action,Crime,Drama",7.4,272686.0,nm0000343,David Cronenberg,59,ok,A History of Violence,2005-09-23,en,13.1118,32000000,61477797,Released,7.163,3699,New Line Cinema,Germany
37741,37741,Capote (2005),Crime|Drama,2005.0,379725,398,tt0379725,movie,0.0,2005.0,114.0,"Biography,Crime,Drama",7.3,149313.0,nm0587955,Bennett Miller,398,ok,Capote,2005-09-30,en,3.0057,7000000,49327405,Released,6.979,1631,United Artists,United States of America
38038,38038,Wallace & Gromit in The Curse of the Were-Rabbit (2005),Adventure|Animation|Children|Comedy,2005.0,312004,533,tt0312004,movie,0.0,2005.0,85.0,"Adventure,Animation,Comedy",7.5,157402.0,nm0101508,Steve Box,533,ok,Wallace & Gromit: The Curse of the Were-Rabbit,2005-09-15,en,5.5449,30000000,192610372,Released,7.118,3060,Aardman,United Kingdom
38061,38061,Kiss Kiss Bang Bang (2005),Comedy|Crime|Mystery|Thriller,2005.0,373469,5236,tt0373469,movie,0.0,2005.0,103.0,"Comedy,Crime,Mystery",7.4,249530.0,nm0000948,Shane Black,5236,ok,Kiss Kiss Bang Bang,2005-09-14,en,3.6916,15000000,15785148,Released,7.162,2991,Silver Pictures,United States of America
39183,39183,Brokeback Mountain (2005),Drama|Romance,2005.0,388795,142,tt0388795,movie,0.0,2005.0,134.0,"Drama,Romance",7.7,416805.0,nm0000487,Ang Lee,142,ok,Brokeback Mountain,2005-10-22,en,10.4018,14000000,178043761,Released,7.785,7513,Focus Features,Canada
39292,39292,"Good Night, and Good Luck. (2005)",Crime|Drama,2005.0,433383,3291,tt0433383,movie,0.0,2005.0,93.0,"Biography,Drama,History",7.4,105202.0,nm0000123,George Clooney,3291,ok,"Good Night, and Good Luck.",2005-09-16,en,3.5955,7000000,54600000,Released,7.069,1099,Warner Independent Pictures,France
40629,40629,Pride & Prejudice (2005),Drama|Romance,2005.0,414387,4348,tt0414387,movie,0.0,2005.0,129.0,"Drama,Romance",7.8,376278.0,nm0942504,Joe Wright,4348,ok,Pride & Prejudice,2005-09-16,en,14.6295,28000000,124604345,Released,8.049,8718,StudioCanal,France
40815,40815,Harry Potter and the Goblet of Fire (2005),Adventure|Fantasy|Thriller|IMAX,2005.0,330373,674,tt0330373,movie,0.0,2005.0,157.0,"Adventure,Family,Fantasy",7.7,752479.0,nm0001565,Mike Newell,674,ok,Harry Potter and the Goblet of Fire,2005-11-16,en,19.4481,150000000,895921036,Released,7.801,22057,Warner Bros. Pictures,United Kingdom
40819,40819,Walk the Line (2005),Drama|Musical|Romance,2005.0,358273,69,tt0358273,movie,0.0,2005.0,136.0,"Biography,Drama,Music",7.8,280296.0,nm0003506,James Mangold,69,ok,Walk the Line,2005-09-13,en,5.1133,28000000,186800000,Released,7.497,3123,Mars Media Beteiligungs,Germany
41566,41566,"Chronicles of Narnia: The Lion, the Witch and the Wardrobe, The (2005)",Adventure|Children|Fantasy,2005.0,363771,411,tt0363771,movie,0.0,2005.0,143.0,"Adventure,Family,Fantasy",6.9,457719.0,nm0011470,Andrew Adamson,411,ok,"The Chronicles of Narnia: The Lion, the Witch and the Wardrobe",2005-12-07,en,14.7845,180000000,745013115,Released,7.135,11444,Walt Disney Pictures,United Kingdom
41569,41569,King Kong (2005),Action|Adventure|Drama|Fantasy|Thriller,2005.0,360717,254,tt0360717,movie,0.0,2005.0,187.0,"Action,Adventure,Romance",7.2,470467.0,nm0001392,Peter Jackson,254,ok,King Kong,2005-12-12,en,10.6579,207000000,562363449,Released,6.888,8459,Universal Pictures,United States of America
41997,41997,Munich (2005),Action|Crime|Drama|Thriller,2005.0,408306,612,tt0408306,movie,0.0,2005.0,164.0,"Drama,History,Thriller",7.5,253375.0,nm0000229,Steven Spielberg,612,ok,Munich,2005-12-23,en,4.7747,70000000,130982129,Released,7.134,2982,Universal Pictures,United States of America
44022,44022,Ice Age 2: The Meltdown (2006),Adventure|Animation|Children|Comedy,2006.0,438097,950,tt0438097,movie,0.0,2006.0,91.0,"Adventure,Animation,Comedy",6.8,317996.0,nm0757858,Carlos Saldanha,950,ok,Ice Age: The Meltdown,2006-03-29,en,11.489,80000000,660998756,Released,6.717,10308,20th Century Fox Animation,United States of America
44191,44191,V for Vendetta (2006),Action|Sci-Fi|Thriller|IMAX,2006.0,434409,752,tt0434409,movie,0.0,2005.0,132.0,"Action,Drama,Sci-Fi",8.1,1245809.0,nm0574625,James McTeigue,752,ok,V for Vendetta,2006-02-23,en,8.4097,54000000,134686457,Released,7.899,15492,Virtual Studios,Germany
44195,44195,Thank You for Smoking (2006),Comedy|Drama,2006.0,427944,9388,tt0427944,movie,0.0,2005.0,92.0,"Comedy,Drama",7.5,235678.0,nm0718646,Jason Reitman,9388,ok,Thank You for Smoking,2005-09-09,en,2.9735,6500000,24793509,Released,7.196,2393,ContentFilm,United Kingdom
44199,44199,Inside Man (2006),Crime|Drama|Thriller,2006.0,454848,388,tt0454848,movie,0.0,2006.0,129.0,"Crime,Drama,Mystery",7.6,424553.0,nm0000490,Spike Lee,388,ok,Inside Man,2006-03-17,en,6.5797,45000000,186003591,Released,7.404,6318,40 Acres and a Mule Filmworks,United States of America
44555,44555,"Lives of Others, The (Das leben der Anderen) (2006)",Drama|Romance|Thriller,2006.0,405094,582,tt0405094,movie,0.0,2006.0,137.0,"Drama,Mystery,Thriller",8.4,442994.0,nm0003697,Florian Henckel von Donnersmarck,582,ok,The Lives of Others,2006-03-23,de,4.6124,2000000,77672685,Released,8.038,4098,Creado Film,Germany
44665,44665,Lucky Number Slevin (2006),Crime|Drama|Mystery,2006.0,425210,186,tt0425210,movie,0.0,2006.0,110.0,"Crime,Drama,Thriller",7.7,338864.0,nm0006476,Paul McGuigan,186,ok,Lucky Number Slevin,2006-02-24,en,5.8982,27000000,56300000,Released,7.477,4430,FilmEngine,Canada
45186,45186,Mission: Impossible III (2006),Action|Adventure|Thriller,2006.0,317919,956,tt0317919,movie,0.0,2006.0,126.0,"Action,Adventure,Thriller",6.9,424796.0,nm0009190,J.J. Abrams,956,ok,Mission: Impossible III,2006-04-25,en,7.8243,150000000,398479497,Released,6.762,7575,Paramount Pictures,United States of America
45447,45447,"Da Vinci Code, The (2006)",Drama|Mystery|Thriller,2006.0,382625,591,tt0382625,movie,0.0,2006.0,149.0,"Mystery,Thriller",6.7,485767.0,nm0000165,Ron Howard,591,ok,The Da Vinci Code,2006-05-17,en,7.8832,125000000,760006945,Released,6.725,10012,Imagine Entertainment,United States of America
45499,45499,X-Men: The Last Stand (2006),Action|Sci-Fi|Thriller,2006.0,376994,36668,tt0376994,movie,0.0,2006.0,104.0,"Action,Adventure,Sci-Fi",6.6,572000.0,nm0711840,Brett Ratner,36668,ok,X-Men: The Last Stand,2006-05-24,en,0.4852,210000000,459359555,Released,6.418,10330,The Donners' Company,United States of America
45517,45517,Cars (2006),Animation|Children|Comedy,2006.0,317219,920,tt0317219,movie,0.0,2006.0,116.0,"Adventure,Animation,Comedy",7.3,535200.0,nm0005124,John Lasseter,920,ok,Cars,2006-06-08,en,17.3519,120000000,461983149,Released,7.025,15040,Pixar,United States of America
45672,45672,Click (2006),Adventure|Comedy|Drama|Fantasy|Romance,2006.0,389860,9339,tt0389860,movie,0.0,2006.0,107.0,"Comedy,Drama,Fantasy",6.4,387075.0,nm0178997,Frank Coraci,9339,ok,Click,2006-06-23,en,9.1005,82500000,240685326,Released,6.304,7525,Original Film,United States of America
45720,45720,"Devil Wears Prada, The (2006)",Comedy|Drama,2006.0,458352,350,tt0458352,movie,0.0,2006.0,109.0,"Comedy,Drama",7.0,539611.0,nm0291205,David Frankel,350,ok,The Devil Wears Prada,2006-06-29,en,247.6948,35000000,326588371,Released,7.389,13140,Fox 2000 Pictures,United States of America
45722,45722,Pirates of the Caribbean: Dead Man's Chest (2006),Action|Adventure|Fantasy,2006.0,383574,58,tt0383574,movie,0.0,2006.0,151.0,"Action,Adventure,Fantasy",7.4,825480.0,nm0893659,Gore Verbinski,58,ok,Pirates of the Caribbean: Dead Man's Chest,2006-07-06,en,19.5346,200000000,1066179747,Released,7.375,17061,Walt Disney Pictures,United States of America
46530,46530,Superman Returns (2006),Action|Adventure|Sci-Fi|IMAX,2006.0,348150,1452,tt0348150,movie,0.0,2006.0,154.0,"Action,Adventure,Sci-Fi",6.1,302933.0,nm0001741,Bryan Singer,1452,ok,Superman Returns,2006-06-28,en,6.6037,223000000,391081192,Released,5.804,4535,Warner Bros. Pictures,United States of America
46578,46578,Little Miss Sunshine (2006),Adventure|Comedy|Drama,2006.0,449059,773,tt0449059,movie,0.0,2006.0,101.0,"Comedy,Drama",7.8,557940.0,nm0206760,Jonathan Dayton,773,ok,Little Miss Sunshine,2006-07-26,en,5.081,8000000,100523351,Released,7.691,7804,Big Beach,United States of America
46723,46723,Babel (2006),Drama|Thriller,2006.0,449467,1164,tt0449467,movie,0.0,2006.0,143.0,Drama,7.4,329005.0,nm0327944,Alejandro G. Iñárritu,1164,ok,Babel,2006-10-26,en,5.8619,25000000,135330835,Released,7.17,4052,Central Films,France
46970,46970,Talladega Nights: The Ballad of Ricky Bobby (2006),Action|Comedy,2006.0,415306,9718,tt0415306,movie,0.0,2006.0,108.0,"Comedy,Sport",6.6,213860.0,nm0570912,Adam McKay,9718,ok,Talladega Nights: The Ballad of Ricky Bobby,2006-08-04,en,3.4918,72500000,163000000,Released,6.371,1881,Apatow Productions,United States of America
46972,46972,Night at the Museum (2006),Action|Comedy|Fantasy|IMAX,2006.0,477347,1593,tt0477347,movie,0.0,2006.0,108.0,"Adventure,Comedy,Family",6.5,409599.0,nm0506613,Shawn Levy,1593,ok,Night at the Museum,2006-12-20,en,9.8301,110000000,574480841,Released,6.599,10911,1492 Pictures,United States of America
46976,46976,Stranger than Fiction (2006),Comedy|Drama|Fantasy|Romance,2006.0,420223,1262,tt0420223,movie,0.0,2006.0,113.0,"Comedy,Drama,Fantasy",7.5,245245.0,nm0286975,Marc Forster,1262,ok,Stranger Than Fiction,2006-11-10,en,3.1219,30000000,53653224,Released,7.287,2517,Three Strange Angels,United Kingdom
47099,47099,"Pursuit of Happyness, The (2006)",Drama,2006.0,454921,1402,tt0454921,movie,0.0,2006.0,117.0,"Biography,Drama",8.0,620645.0,nm0610831,Gabriele Muccino,1402,ok,The Pursuit of Happyness,2006-12-14,en,10.7021,55000000,307077295,Released,7.9,10544,Escape Artists,United States of America
47610,47610,"Illusionist, The (2006)",Drama|Fantasy|Mystery|Romance,2006.0,443543,1491,tt0443543,movie,0.0,2006.0,110.0,"Drama,Fantasy,Mystery",7.5,404315.0,nm1139726,Neil Burger,1491,ok,The Illusionist,2006-08-18,en,4.2747,16500000,87892388,Released,7.297,5291,Contagious Entertainment,United States of America
48385,48385,Borat: Cultural Learnings of America for Make Benefit Glorious Nation of Kazakhstan (2006),Comedy,2006.0,443453,496,tt0443453,movie,0.0,2006.0,84.0,Comedy,7.4,476545.0,nm0153078,Larry Charles,496,ok,Borat: Cultural Learnings of America for Make Benefit Glorious Nation of Kazakhstan,2006-11-01,en,5.0338,18000000,262552893,Released,6.785,5928,20th Century Fox,United Kingdom
48394,48394,"Pan's Labyrinth (Laberinto del fauno, El) (2006)",Drama|Fantasy|Thriller,2006.0,457430,1417,tt0457430,movie,0.0,2006.0,118.0,"Drama,Fantasy,War",8.2,746341.0,nm0868219,Guillermo del Toro,1417,ok,Pan's Labyrinth,2006-10-11,es,10.4849,19000000,83258226,Released,7.762,11392,Estudios Picasso,Mexico
48516,48516,"Departed, The (2006)",Crime|Drama|Thriller,2006.0,407887,1422,tt0407887,movie,0.0,2006.0,151.0,"Crime,Drama,Thriller",8.5,1552848.0,nm0000217,Martin Scorsese,1422,ok,The Departed,2006-10-04,en,13.8754,90000000,291465000,Released,8.2,16109,Warner Bros. Pictures,Hong Kong
48738,48738,"Last King of Scotland, The (2006)",Drama|Thriller,2006.0,455590,1523,tt0455590,movie,0.0,2006.0,123.0,"Biography,Drama,History",7.6,205860.0,nm0531817,Kevin Macdonald,1523,ok,The Last King of Scotland,2006-09-27,en,3.7496,6000000,48600000,Released,7.4,2352,Fox Searchlight Pictures,United States of America
48774,48774,Children of Men (2006),Action|Adventure|Drama|Sci-Fi|Thriller,2006.0,206634,9693,tt0206634,movie,0.0,2006.0,109.0,"Drama,Sci-Fi,Thriller",7.9,565678.0,nm0190859,Alfonso Cuarón,9693,ok,Children of Men,2006-09-22,en,9.0524,76000000,70595464,Released,7.609,7796,Universal Pictures,United Kingdom
48780,48780,"Prestige, The (2006)",Drama|Mystery|Sci-Fi|Thriller,2006.0,482571,1124,tt0482571,movie,0.0,2006.0,130.0,"Drama,Mystery,Sci-Fi",8.5,1585927.0,nm0634240,Christopher Nolan,1124,ok,The Prestige,2006-10-19,en,13.0174,40000000,109676311,Released,8.206,17490,Warner Bros. Pictures,United Kingdom
49272,49272,Casino Royale (2006),Action|Adventure|Thriller,2006.0,381061,36557,tt0381061,movie,0.0,2006.0,144.0,"Action,Adventure,Thriller",8.0,744245.0,nm0132709,Martin Campbell,36557,ok,Casino Royale,2006-11-14,en,10.3033,150000000,599045960,Released,7.569,11630,Metro-Goldwyn-Mayer,United Kingdom
49278,49278,Déjà Vu (Deja Vu) (2006),Action|Sci-Fi|Thriller,2006.0,453467,7551,tt0453467,movie,0.0,2006.0,126.0,"Action,Crime,Sci-Fi",7.1,345286.0,nm0001716,Tony Scott,7551,ok,Déjà Vu,2006-11-22,en,6.6395,75000000,180557550,Released,6.881,5247,Touchstone Pictures,United States of America
49286,49286,"Holiday, The (2006)",Comedy|Romance,2006.0,457939,1581,tt0457939,movie,0.0,2006.0,136.0,"Comedy,Romance",7.0,367135.0,nm0583600,Nancy Meyers,1581,ok,The Holiday,2006-12-05,en,7.9439,85000000,205233866,Released,7.098,5612,Relativity Media,United States of America
49530,49530,Blood Diamond (2006),Action|Adventure|Crime|Drama|Thriller|War,2006.0,450259,1372,tt0450259,movie,0.0,2006.0,143.0,"Adventure,Drama,Thriller",8.0,625555.0,nm0001880,Edward Zwick,1372,ok,Blood Diamond,2006-12-08,en,7.8083,100000000,171720398,Released,7.556,8279,Virtual Studios,Germany
50872,50872,Ratatouille (2007),Animation|Children|Drama,2007.0,382932,2062,tt0382932,movie,0.0,2007.0,111.0,"Adventure,Animation,Comedy",8.1,942582.0,nm0083348,Brad Bird,2062,ok,Ratatouille,2007-06-28,en,18.0867,150000000,623726000,Released,7.839,18388,Pixar,United States of America
51255,51255,Hot Fuzz (2007),Action|Comedy|Crime|Mystery,2007.0,425112,4638,tt0425112,movie,0.0,2007.0,121.0,"Action,Comedy,Mystery",7.8,566566.0,nm0942367,Edgar Wright,4638,ok,Hot Fuzz,2007-02-14,en,7.8938,12000000,80600000,Released,7.563,8280,Big Talk Studios,France
51540,51540,Zodiac (2007),Crime|Drama|Thriller,2007.0,443706,1949,tt0443706,movie,0.0,2007.0,157.0,"Crime,Drama,Mystery",7.7,672559.0,nm0000399,David Fincher,1949,ok,Zodiac,2007-03-02,en,10.6487,65000000,84785914,Released,7.528,11491,Paramount Pictures,United States of America
51662,51662,300 (2007),Action|Fantasy|War|IMAX,2007.0,416449,1271,tt0416449,movie,0.0,2006.0,117.0,"Action,Drama",7.6,911904.0,nm0811583,Zack Snyder,1271,ok,300,2007-03-07,en,10.4825,65000000,456082343,Released,7.197,14658,Virtual Studios,United States of America
51935,51935,Shooter (2007),Action|Drama|Thriller,2007.0,822854,7485,tt0822854,movie,0.0,2007.0,124.0,"Action,Drama,Thriller",7.2,375854.0,nm0298807,Antoine Fuqua,7485,ok,Shooter,2007-03-22,en,12.6019,61000000,95700000,Released,7.118,5410,Paramount Pictures,United States of America
52281,52281,Grindhouse (2007),Action|Crime|Horror|Sci-Fi|Thriller,2007.0,462322,253768,tt0462322,movie,0.0,2007.0,191.0,"Horror,Thriller",7.5,196915.0,nm0001675,Robert Rodriguez,253768,not_found,,,,,,,,,,,
52722,52722,Spider-Man 3 (2007),Action|Adventure|Sci-Fi|Thriller|IMAX,2007.0,413300,559,tt0413300,movie,0.0,2007.0,139.0,"Action,Adventure,Sci-Fi",6.3,699807.0,nm0000600,Sam Raimi,559,ok,Spider-Man 3,2007-05-01,en,16.4155,258000000,894983373,Released,6.455,15133,Laura Ziskin Productions,United States of America
52973,52973,Knocked Up (2007),Comedy|Drama|Romance,2007.0,478311,4964,tt0478311,movie,0.0,2007.0,129.0,"Comedy,Romance",6.9,398990.0,nm0031976,Judd Apatow,4964,ok,Knocked Up,2007-06-01,en,7.1956,30000000,219900000,Released,6.305,4251,Apatow Productions,United States of America
53000,53000,28 Weeks Later (2007),Horror|Sci-Fi|Thriller,2007.0,463854,1562,tt0463854,movie,0.0,2007.0,100.0,"Horror,Sci-Fi",6.8,362670.0,nm0294379,Juan Carlos Fresnadillo,1562,ok,28 Weeks Later,2007-04-26,en,8.6156,15000000,72304846,Released,6.606,5512,DNA Films,United Kingdom
53121,53121,Shrek the Third (2007),Adventure|Animation|Children|Comedy|Fantasy,2007.0,413267,810,tt0413267,movie,0.0,2007.0,93.0,"Adventure,Animation,Comedy",6.1,360375.0,nm1844237,Chris Miller,810,ok,Shrek the Third,2007-05-17,en,9.3399,160000000,813367380,Released,6.306,9731,DreamWorks Animation,United States of America
53125,53125,Pirates of the Caribbean: At World's End (2007),Action|Adventure|Comedy|Fantasy,2007.0,449088,285,tt0449088,movie,0.0,2007.0,169.0,"Action,Adventure,Fantasy",7.2,743456.0,nm0893659,Gore Verbinski,285,ok,Pirates of the Caribbean: At World's End,2007-05-19,en,15.6142,300000000,961691209,Released,7.266,15377,Jerry Bruckheimer Films,United States of America
53322,53322,Ocean's Thirteen (2007),Crime|Thriller,2007.0,496806,298,tt0496806,movie,0.0,2007.0,122.0,"Crime,Thriller",6.9,387090.0,nm0001752,Steven Soderbergh,298,ok,Ocean's Thirteen,2007-06-05,en,5.8671,85000000,311312624,Released,6.726,6849,Warner Bros. Pictures,United States of America
53464,53464,Fantastic Four: Rise of the Silver Surfer (2007),Action|Adventure|Sci-Fi,2007.0,486576,1979,tt0486576,movie,0.0,2007.0,92.0,"Action,Adventure,Fantasy",5.6,299010.0,nm1103162,Tim Story,1979,ok,Fantastic Four: Rise of the Silver Surfer,2007-06-13,en,6.1864,130000000,301913131,Released,5.632,8362,1492 Pictures,Germany
53519,53519,Death Proof (2007),Action|Adventure|Crime|Horror|Thriller,2007.0,1028528,1991,tt1028528,movie,0.0,2007.0,127.0,"Drama,Thriller",7.0,333767.0,nm0000233,Quentin Tarantino,1991,ok,Death Proof,2007-05-22,en,5.5061,25000000,31126421,Released,6.84,5591,Dimension Films,United States of America
53953,53953,1408 (2007),Drama|Horror|Thriller,2007.0,450385,3021,tt0450385,movie,0.0,2007.0,104.0,"Fantasy,Horror,Mystery",6.8,314058.0,nm0405632,Mikael Håfström,3021,ok,1408,2007-06-22,en,6.1477,25000000,133000000,Released,6.698,4858,Dimension Films,United States of America
53972,53972,Live Free or Die Hard (2007),Action|Adventure|Crime|Thriller,2007.0,337978,1571,tt0337978,movie,0.0,2007.0,128.0,"Action,Thriller",7.1,435741.0,nm0936482,Len Wiseman,1571,ok,Live Free or Die Hard,2007-06-20,en,7.07,110000000,383531464,Released,6.642,6308,Dune Entertainment,United Kingdom
53996,53996,Transformers (2007),Action|Sci-Fi|Thriller|IMAX,2007.0,418279,1858,tt0418279,movie,0.0,2007.0,144.0,"Action,Adventure,Sci-Fi",7.1,718201.0,nm0000881,Michael Bay,1858,ok,Transformers,2007-06-27,en,4.1186,150000000,709709780,Released,6.823,12137,DreamWorks Pictures,United States of America
54001,54001,Harry Potter and the Order of the Phoenix (2007),Adventure|Drama|Fantasy|IMAX,2007.0,373889,675,tt0373889,movie,0.0,2007.0,138.0,"Action,Adventure,Family",7.5,699563.0,nm0946734,David Yates,675,ok,Harry Potter and the Order of the Phoenix,2007-07-08,en,18.6281,150000000,938212738,Released,7.672,20711,Warner Bros. Pictures,United Kingdom
54259,54259,Stardust (2007),Adventure|Comedy|Fantasy|Romance,2007.0,486655,2270,tt0486655,movie,0.0,2007.0,127.0,"Adventure,Fantasy,Romance",7.6,298487.0,nm0891216,Matthew Vaughn,2270,ok,Stardust,2007-08-10,en,8.5481,70000000,137500000,Released,7.3,4418,Paramount Pictures,Iceland
54272,54272,"Simpsons Movie, The (2007)",Animation|Comedy,2007.0,462538,35,tt0462538,movie,0.0,2007.0,87.0,"Adventure,Animation,Comedy",7.3,363355.0,nm0798899,David Silverman,35,ok,The Simpsons Movie,2007-07-25,en,7.4197,75000000,527068851,Released,7.0,8510,Gracie Films,United States of America
54286,54286,"Bourne Ultimatum, The (2007)",Action|Crime|Thriller,2007.0,440963,2503,tt0440963,movie,0.0,2007.0,115.0,"Action,Mystery,Thriller",8.0,683824.0,nm0339030,Paul Greengrass,2503,ok,The Bourne Ultimatum,2007-08-03,en,7.6901,70000000,442824138,Released,7.436,8320,Universal Pictures,United States of America
54503,54503,Superbad (2007),Comedy,2007.0,829482,8363,tt0829482,movie,0.0,2007.0,113.0,Comedy,7.6,693090.0,nm0609549,Greg Mottola,8363,ok,Superbad,2007-08-17,en,10.8669,20000000,170800000,Released,7.26,8025,Columbia Pictures,United States of America
54995,54995,Planet Terror (2007),Action|Horror|Sci-Fi,2007.0,1077258,1992,tt1077258,movie,0.0,2007.0,105.0,"Action,Comedy,Horror",7.0,233194.0,nm0001675,Robert Rodriguez,1992,ok,Planet Terror,2007-04-06,en,4.7885,23000000,11446172,Released,6.7,3803,Dimension Films,United States of America
54997,54997,3:10 to Yuma (2007),Action|Crime|Drama|Western,2007.0,381849,5176,tt0381849,movie,0.0,2007.0,122.0,"Action,Crime,Drama",7.6,350923.0,nm0003506,James Mangold,5176,ok,3:10 to Yuma,2007-09-06,en,5.3227,55000000,70000000,Released,7.2,3997,Lionsgate,United States of America
55247,55247,Into the Wild (2007),Action|Adventure|Drama,2007.0,758758,5915,tt0758758,movie,0.0,2007.0,148.0,"Adventure,Biography,Drama",8.0,695161.0,nm0000576,Sean Penn,5915,ok,Into the Wild,2007-09-21,en,7.3407,15000000,56255142,Released,7.798,10091,River Road Entertainment,United States of America
55269,55269,"Darjeeling Limited, The (2007)",Adventure|Comedy|Drama,2007.0,838221,4538,tt0838221,movie,0.0,2007.0,91.0,"Adventure,Comedy,Drama",7.2,234489.0,nm0027572,Wes Anderson,4538,ok,The Darjeeling Limited,2007-09-07,en,3.4465,16000000,24377151,Released,7.1,3936,Fox Searchlight Pictures,United States of America
55290,55290,Gone Baby Gone (2007),Crime|Drama|Mystery,2007.0,452623,4771,tt0452623,movie,0.0,2007.0,114.0,"Crime,Drama,Mystery",7.6,310728.0,nm0000255,Ben Affleck,4771,ok,Gone Baby Gone,2007-09-18,en,5.501,19000000,34600000,Released,7.3,4163,Miramax,United States of America
55765,55765,American Gangster (2007),Crime|Drama|Thriller,2007.0,765429,4982,tt0765429,movie,0.0,2007.0,157.0,"Biography,Crime,Drama",7.8,486260.0,nm0000631,Ridley Scott,4982,ok,American Gangster,2007-11-02,en,9.0202,100000000,269755430,Released,7.6,5993,Film Rites,United States of America
55820,55820,No Country for Old Men (2007),Crime|Drama,2007.0,477348,6977,tt0477348,movie,0.0,2007.0,122.0,"Crime,Drama,Thriller",8.2,1188376.0,nm0001053,Ethan Coen,6977,ok,No Country for Old Men,2007-11-09,en,12.0667,25000000,171627166,Released,7.951,13221,Miramax,United States of America
56174,56174,I Am Legend (2007),Action|Horror|Sci-Fi|Thriller|IMAX,2007.0,480249,6479,tt0480249,movie,0.0,2007.0,101.0,"Drama,Horror,Sci-Fi",7.2,876682.0,nm1349376,Francis Lawrence,6479,ok,I Am Legend,2007-12-12,en,12.6818,150000000,585410052,Released,7.21,16752,Warner Bros. Pictures,United States of America
56367,56367,Juno (2007),Comedy|Drama|Romance,2007.0,467406,7326,tt0467406,movie,0.0,2007.0,96.0,"Comedy,Drama",7.4,572254.0,nm0718646,Jason Reitman,7326,ok,Juno,2007-12-05,en,6.0246,7500000,232372681,Released,7.059,7603,Mandate Pictures,United States of America
56757,56757,Sweeney Todd: The Demon Barber of Fleet Street (2007),Drama|Horror|Musical|Thriller,2007.0,408236,13885,tt0408236,movie,0.0,2007.0,116.0,"Drama,Horror,Musical",7.3,406383.0,nm0000318,Tim Burton,13885,ok,Sweeney Todd: The Demon Barber of Fleet Street,2007-12-21,en,5.7915,50000000,153384272,Released,7.177,6308,DreamWorks Pictures,United Kingdom
56775,56775,National Treasure: Book of Secrets (2007),Action|Adventure,2007.0,465234,6637,tt0465234,movie,0.0,2007.0,124.0,"Action,Adventure,Mystery",6.5,266990.0,nm0005509,Jon Turteltaub,6637,ok,National Treasure: Book of Secrets,2007-12-19,en,6.0741,130000000,459200000,Released,6.374,5517,Walt Disney Pictures,United States of America
56782,56782,There Will Be Blood (2007),Drama|Western,2007.0,469494,7345,tt0469494,movie,0.0,2007.0,158.0,Drama,8.2,707800.0,nm0000759,Paul Thomas Anderson,7345,ok,There Will Be Blood,2007-12-26,en,10.6467,25000000,77208711,Released,8.077,7389,Paramount Vantage,United States of America
56949,56949,27 Dresses (2008),Comedy|Romance,2008.0,988595,6557,tt0988595,movie,0.0,2008.0,111.0,"Comedy,Romance",6.1,189776.0,nm0281945,Anne Fletcher,6557,ok,27 Dresses,2008-01-10,en,6.9718,30000000,160300000,Released,6.454,3397,Fox 2000 Pictures,United States of America
57368,57368,Cloverfield (2008),Action|Mystery|Sci-Fi|Thriller,2008.0,1060277,7191,tt1060277,movie,0.0,2008.0,85.0,"Action,Horror,Sci-Fi",7.0,443835.0,nm0716257,Matt Reeves,7191,ok,Cloverfield,2008-01-15,en,6.6586,25000000,170764026,Released,6.709,7736,Bad Robot,United States of America
57669,57669,In Bruges (2008),Comedy|Crime|Drama|Thriller,2008.0,780536,8321,tt0780536,movie,0.0,2008.0,107.0,"Comedy,Crime,Drama",7.9,493305.0,nm1732981,Martin McDonagh,8321,ok,In Bruges,2008-02-08,en,5.7127,15000000,34533783,Released,7.502,5730,Twins Financing,United Kingdom
58559,58559,"Dark Knight, The (2008)",Action|Crime|Drama|IMAX,2008.0,468569,155,tt0468569,movie,0.0,2008.0,152.0,"Action,Crime,Drama",9.1,3164142.0,nm0634240,Christopher Nolan,155,ok,The Dark Knight,2008-07-16,en,36.2439,185000000,1004558444,Released,8.529,35607,Warner Bros. Pictures,United Kingdom
58998,58998,Forgetting Sarah Marshall (2008),Comedy|Romance,2008.0,800039,9870,tt0800039,movie,0.0,2008.0,111.0,"Comedy,Drama,Romance",7.1,319782.0,nm0831557,Nicholas Stoller,9870,ok,Forgetting Sarah Marshall,2008-04-17,en,5.1257,30000000,105173115,Released,6.507,3671,Universal Pictures,United States of America
59315,59315,Iron Man (2008),Action|Adventure|Sci-Fi,2008.0,371746,1726,tt0371746,movie,0.0,2008.0,126.0,"Action,Adventure,Sci-Fi",7.9,1223753.0,nm0269463,Jon Favreau,1726,ok,Iron Man,2008-04-30,en,23.16,140000000,585174222,Released,7.7,28019,Marvel Studios,United States of America
59369,59369,Taken (2008),Action|Crime|Drama|Thriller,2008.0,936501,8681,tt0936501,movie,0.0,2008.0,90.0,"Action,Crime,Thriller",7.7,671529.0,nm0603628,Pierre Morel,8681,ok,Taken,2008-02-18,en,10.1923,25000000,226830568,Released,7.4,12034,EuropaCorp,France
59615,59615,Indiana Jones and the Kingdom of the Crystal Skull (2008),Action|Adventure|Comedy|Sci-Fi,2008.0,367882,217,tt0367882,movie,0.0,2008.0,122.0,"Action,Adventure",6.2,513569.0,nm0000229,Steven Spielberg,217,ok,Indiana Jones and the Kingdom of the Crystal Skull,2008-05-21,en,6.7819,185000000,786636033,Released,6.023,8981,Paramount Pictures,United States of America
59784,59784,Kung Fu Panda (2008),Action|Animation|Children|Comedy|IMAX,2008.0,441773,9502,tt0441773,movie,0.0,2008.0,92.0,"Action,Adventure,Animation",7.6,579367.0,nm0651706,Mark Osborne,9502,ok,Kung Fu Panda,2008-06-04,en,18.3444,130000000,632091832,Released,7.319,12564,DreamWorks Animation,United States of America
60040,60040,"Incredible Hulk, The (2008)",Action|Sci-Fi,2008.0,800080,1724,tt0800080,movie,0.0,2008.0,112.0,"Action,Adventure,Sci-Fi",6.6,564251.0,nm0504642,Louis Leterrier,1724,ok,The Incredible Hulk,2008-06-12,en,12.0112,150000000,264770996,Released,6.235,12626,Marvel Studios,United States of America
60069,60069,WALL·E (2008),Adventure|Animation|Children|Romance|Sci-Fi,2008.0,910970,10681,tt0910970,movie,0.0,2008.0,98.0,"Adventure,Animation,Family",8.4,1319523.0,nm0004056,Andrew Stanton,10681,ok,WALL·E,2008-06-22,en,18.3747,180000000,521311860,Released,8.11,20169,Pixar,United States of America
60072,60072,Wanted (2008),Action|Thriller,2008.0,493464,8909,tt0493464,movie,0.0,2008.0,110.0,"Action,Crime,Thriller",6.7,428416.0,nm0067457,Timur Bekmambetov,8909,ok,Wanted,2008-06-19,en,9.1554,75000000,342463063,Released,6.53,7556,Kickstart Entertainment,United States of America
60074,60074,Hancock (2008),Action|Adventure|Comedy|Crime|Fantasy,2008.0,448157,8960,tt0448157,movie,0.0,2008.0,92.0,"Action,Comedy,Drama",6.4,539040.0,nm0000916,Peter Berg,8960,ok,Hancock,2008-07-01,en,6.843,150000000,629400000,Released,6.354,10203,Columbia Pictures,United States of America
60684,60684,Watchmen (2009),Action|Drama|Mystery|Sci-Fi|Thriller|IMAX,2009.0,409459,13183,tt0409459,movie,0.0,2009.0,162.0,"Action,Drama,Mystery",7.6,610632.0,nm0811583,Zack Snyder,13183,ok,Watchmen,2009-03-04,en,8.9823,130000000,185258983,Released,7.353,9936,Warner Bros. Pictures,United States of America
60756,60756,Step Brothers (2008),Comedy,2008.0,838283,12133,tt0838283,movie,0.0,2008.0,98.0,Comedy,6.9,341058.0,nm0570912,Adam McKay,12133,ok,Step Brothers,2008-07-25,en,5.487,65000000,128100000,Released,6.556,3383,Columbia Pictures,United States of America
61024,61024,Pineapple Express (2008),Action|Comedy|Crime,2008.0,910936,10189,tt0910936,movie,0.0,2008.0,111.0,"Action,Comedy,Crime",6.9,372988.0,nm0337773,David Gordon Green,10189,ok,Pineapple Express,2008-08-06,en,5.4324,27000000,101624843,Released,6.642,4163,Columbia Pictures,United States of America
61132,61132,Tropic Thunder (2008),Action|Adventure|Comedy|War,2008.0,942385,7446,tt0942385,movie,0.0,2008.0,107.0,"Action,Comedy,War",7.1,489368.0,nm0001774,Ben Stiller,7446,ok,Tropic Thunder,2008-08-09,en,7.5845,92000000,195702811,Released,6.711,6913,DreamWorks Pictures,United States of America
61323,61323,Burn After Reading (2008),Comedy|Crime|Drama,2008.0,887883,4944,tt0887883,movie,0.0,2008.0,96.0,"Comedy,Crime,Drama",7.0,375974.0,nm0001053,Ethan Coen,4944,ok,Burn After Reading,2008-09-05,en,5.079,37000000,163700000,Released,6.673,5194,Focus Features,United States of America
62434,62434,Zack and Miri Make a Porno (2008),Comedy|Drama|Romance,2008.0,1007028,10358,tt1007028,movie,0.0,2008.0,101.0,"Comedy,Romance",6.5,186633.0,nm0003620,Kevin Smith,10358,ok,Zack and Miri Make a Porno,2008-09-18,en,6.4784,24000000,42105111,Released,6.343,2648,Blue Askew,United States of America
63082,63082,Slumdog Millionaire (2008),Crime|Drama|Romance,2008.0,1010048,12405,tt1010048,movie,0.0,2008.0,120.0,"Crime,Drama,Romance",8.0,909944.0,nm0000965,Danny Boyle,12405,ok,Slumdog Millionaire,2008-11-12,en,6.8036,15000000,378400000,Released,7.731,11273,Celador Films,United Kingdom
63113,63113,Quantum of Solace (2008),Action|Adventure|Thriller,2008.0,830515,10764,tt0830515,movie,0.0,2008.0,106.0,"Action,Adventure,Mystery",6.5,497347.0,nm0286975,Marc Forster,10764,ok,Quantum of Solace,2008-10-29,en,7.5251,200000000,589593688,Released,6.336,8497,EON Productions,United Kingdom
63131,63131,Role Models (2008),Comedy,2008.0,430922,15373,tt0430922,movie,0.0,2008.0,99.0,Comedy,6.8,252030.0,nm0906476,David Wain,15373,ok,Role Models,2008-11-07,en,4.5115,28000000,92380927,Released,6.487,2132,Universal Pictures,United States of America
63992,63992,Twilight (2008),Drama|Fantasy|Romance|Thriller,2008.0,1099212,8966,tt1099212,movie,0.0,2008.0,122.0,"Drama,Fantasy,Romance",5.4,526318.0,nm0362566,Catherine Hardwicke,8966,ok,Twilight,2008-11-20,en,16.0601,37000000,393616788,Released,6.28,14344,Summit Entertainment,United Kingdom
64614,64614,Gran Torino (2008),Crime|Drama,2008.0,1205489,13223,tt1205489,movie,0.0,2008.0,116.0,Drama,8.1,861553.0,nm0000142,Clint Eastwood,13223,ok,Gran Torino,2008-12-12,en,7.2621,33000000,270000000,Released,7.989,11502,Matten Productions,United States of America
64839,64839,"Wrestler, The (2008)",Drama,2008.0,1125849,12163,tt1125849,movie,0.0,2008.0,109.0,"Drama,Sport",7.9,331153.0,nm0004716,Darren Aronofsky,12163,ok,The Wrestler,2008-09-07,en,4.6695,6000000,44734660,Released,7.536,3991,Wild Bunch,United States of America
64957,64957,"Curious Case of Benjamin Button, The (2008)",Drama|Fantasy|Mystery|Romance,2008.0,421715,4922,tt0421715,movie,0.0,2008.0,166.0,"Drama,Fantasy,Romance",7.8,744951.0,nm0000399,David Fincher,4922,ok,The Curious Case of Benjamin Button,2008-12-25,en,8.2511,150000000,335802786,Released,7.598,13660,Paramount Pictures,United States of America
64969,64969,Yes Man (2008),Comedy,2008.0,1068680,10201,tt1068680,movie,0.0,2008.0,104.0,"Comedy,Romance",6.8,404726.0,nm0715636,Peyton Reed,10201,ok,Yes Man,2008-12-09,en,5.9551,70000000,223200000,Released,6.7,7343,Warner Bros. Pictures,United Kingdom
66097,66097,Coraline (2009),Animation|Fantasy|Thriller,2009.0,327597,14836,tt0327597,movie,0.0,2009.0,100.0,"Animation,Drama,Family",7.8,299942.0,nm0783139,Henry Selick,14836,ok,Coraline,2009-02-05,en,27.6982,60000000,185860104,Released,7.901,8894,LAIKA,United States of America
66934,66934,Dr. Horrible's Sing-Along Blog (2008),Comedy|Drama|Musical|Sci-Fi,2008.0,1227926,14301,tt1227926,,,,,,8.4,45074.0,nm0923736,Joss Whedon,14301,not_found,,,,,,,,,,,
67255,67255,"Girl with the Dragon Tattoo, The (Män som hatar kvinnor) (2009)",Crime|Drama|Mystery|Thriller,2009.0,1132620,15472,tt1132620,movie,0.0,2009.0,152.0,"Crime,Drama,Mystery",7.8,230572.0,nm0649117,Niels Arden Oplev,15472,ok,The Girl with the Dragon Tattoo,2009-02-27,sv,4.4258,13000000,109421911,Released,7.533,3207,Det Danske Filminstitut,Denmark
68157,68157,Inglourious Basterds (2009),Action|Drama|War,2009.0,361748,16869,tt0361748,movie,0.0,2009.0,153.0,"Adventure,Drama,War",8.4,1781381.0,nm0000233,Quentin Tarantino,16869,ok,Inglourious Basterds,2009-08-02,en,17.421,70000000,321457747,Released,8.217,24063,Universal Pictures,Germany
68237,68237,Moon (2009),Drama|Mystery|Sci-Fi|Thriller,2009.0,1182345,17431,tt1182345,movie,0.0,2009.0,97.0,"Drama,Mystery,Sci-Fi",7.8,394922.0,nm1512910,Duncan Jones,17431,ok,Moon,2009-06-12,en,5.6024,5000000,9760104,Released,7.567,6235,Lunar Industries,United Kingdom
68319,68319,X-Men Origins: Wolverine (2009),Action|Sci-Fi|Thriller,2009.0,458525,2080,tt0458525,movie,0.0,2009.0,107.0,"Action,Sci-Fi",6.5,567566.0,nm0004303,Gavin Hood,2080,ok,X-Men Origins: Wolverine,2009-04-28,en,0.872,150000000,373062864,Released,6.287,11193,The Donners' Company,United States of America
68358,68358,Star Trek (2009),Action|Adventure|Sci-Fi|IMAX,2009.0,796366,13475,tt0796366,movie,0.0,2009.0,127.0,"Action,Adventure,Sci-Fi",7.9,638168.0,nm0009190,J.J. Abrams,13475,ok,Star Trek,2009-05-06,en,8.2362,150000000,386839614,Released,7.43,10445,Paramount Pictures,United States of America
68954,68954,Up (2009),Adventure|Animation|Children|Drama,2009.0,1049413,14160,tt1049413,movie,0.0,2009.0,96.0,"Adventure,Animation,Comedy",8.3,1234760.0,nm0230032,Pete Docter,14160,ok,Up,2009-05-28,en,19.5726,175000000,735103954,Released,7.958,21582,Pixar,United States of America
69122,69122,"Hangover, The (2009)",Comedy|Crime,2009.0,1119646,18785,tt1119646,movie,0.0,2009.0,100.0,Comedy,7.7,929116.0,nm0680846,Todd Phillips,18785,ok,The Hangover,2009-06-02,en,17.2131,35000000,469310836,Released,7.331,18016,Legendary Pictures,United States of America
69481,69481,"Hurt Locker, The (2008)",Action|Drama|Thriller|War,2008.0,887912,12162,tt0887912,movie,0.0,2008.0,131.0,"Drama,Thriller,War",7.5,496377.0,nm0000941,Kathryn Bigelow,12162,ok,The Hurt Locker,2008-10-10,en,6.3056,15000000,49259766,Released,7.255,6135,First Light,United States of America
69526,69526,Transformers: Revenge of the Fallen (2009),Action|Adventure|Sci-Fi|IMAX,2009.0,1055369,8373,tt1055369,movie,0.0,2009.0,149.0,"Action,Adventure,Sci-Fi",6.0,454002.0,nm0000881,Michael Bay,8373,ok,Transformers: Revenge of the Fallen,2009-06-19,en,3.2961,200000000,836304167,Released,6.209,9112,DreamWorks Pictures,United States of America
69757,69757,(500) Days of Summer (2009),Comedy|Drama|Romance,2009.0,1022603,19913,tt1022603,movie,0.0,2009.0,95.0,"Comedy,Drama,Romance",7.6,617930.0,nm1989536,Marc Webb,19913,ok,(500) Days of Summer,2009-07-17,en,7.5244,7500000,60781545,Released,7.301,10980,Fox Searchlight Pictures,United States of America
69844,69844,Harry Potter and the Half-Blood Prince (2009),Adventure|Fantasy|Mystery|Romance|IMAX,2009.0,417741,767,tt0417741,movie,0.0,2009.0,153.0,"Action,Adventure,Family",7.6,659785.0,nm0946734,David Yates,767,ok,Harry Potter and the Half-Blood Prince,2009-07-15,en,16.8379,250000000,933959197,Released,7.681,20689,Warner Bros. Pictures,United Kingdom
70286,70286,District 9 (2009),Mystery|Sci-Fi|Thriller,2009.0,1136608,17654,tt1136608,movie,0.0,2009.0,112.0,"Action,Sci-Fi,Thriller",7.9,752202.0,nm0088955,Neill Blomkamp,17654,ok,District 9,2009-08-05,en,8.1388,30000000,210888950,Released,7.464,10269,TriStar Pictures,New Zealand
71535,71535,Zombieland (2009),Action|Comedy|Horror,2009.0,1156398,19908,tt1156398,movie,0.0,2009.0,88.0,"Action,Comedy,Horror",7.5,667231.0,nm0281508,Ruben Fleischer,19908,ok,Zombieland,2009-10-02,en,7.6982,23600000,102391540,Released,7.26,13108,Columbia Pictures,United States of America
72011,72011,Up in the Air (2009),Drama|Romance,2009.0,1193138,22947,tt1193138,movie,0.0,2009.0,109.0,"Comedy,Drama,Romance",7.4,360659.0,nm0718646,Jason Reitman,22947,ok,Up in the Air,2009-12-04,en,4.364,25000000,166842739,Released,6.893,3967,Paramount Pictures,United States of America
72378,72378,2012 (2009),Action|Drama|Sci-Fi|Thriller,2009.0,1190080,14161,tt1190080,movie,0.0,2009.0,158.0,"Action,Adventure,Sci-Fi",5.9,421776.0,nm0000386,Roland Emmerich,14161,ok,2012,2009-10-10,en,12.8803,200000000,791217826,Released,5.874,12681,Columbia Pictures,United States of America
72641,72641,"Blind Side, The  (2009)",Drama,2009.0,878804,22881,tt0878804,movie,0.0,2009.0,129.0,"Biography,Drama,Sport",7.6,386723.0,nm0359387,John Lee Hancock,22881,ok,The Blind Side,2009-11-20,en,18.9675,29000000,309231694,Released,7.665,6807,Alcon Entertainment,United States of America
72998,72998,Avatar (2009),Action|Adventure|Sci-Fi|IMAX,2009.0,499549,19995,tt0499549,movie,0.0,2009.0,162.0,"Action,Adventure,Fantasy",7.9,1496499.0,nm0000116,James Cameron,19995,ok,Avatar,2009-12-16,en,28.7787,237000000,2923706026,Released,7.602,33857,Dune Entertainment,United States of America
73017,73017,Sherlock Holmes (2009),Action|Crime|Mystery|Thriller,2009.0,988045,10528,tt0988045,movie,0.0,2009.0,128.0,"Action,Adventure,Mystery",7.5,706408.0,nm0005363,Guy Ritchie,10528,ok,Sherlock Holmes,2009-12-23,en,8.2846,90000000,524028679,Released,7.219,14719,Warner Bros. Pictures,United States of America
74458,74458,Shutter Island (2010),Drama|Mystery|Thriller,2010.0,1130884,11324,tt1130884,movie,0.0,2010.0,138.0,"Drama,Mystery,Thriller",8.2,1645216.0,nm0000217,Martin Scorsese,11324,ok,Shutter Island,2010-02-14,en,15.8898,80000000,294804195,Released,8.198,25726,Paramount Pictures,United States of America
74789,74789,Alice in Wonderland (2010),Adventure|Fantasy|IMAX,2010.0,1014759,12155,tt1014759,movie,0.0,2010.0,108.0,"Adventure,Family,Fantasy",6.4,467546.0,nm0000318,Tim Burton,12155,ok,Alice in Wonderland,2010-03-03,en,12.7002,200000000,1025467110,Released,6.639,14740,Walt Disney Pictures,United States of America
76093,76093,How to Train Your Dragon (2010),Adventure|Animation|Children|Fantasy|IMAX,2010.0,892769,10191,tt0892769,movie,0.0,2010.0,98.0,"Action,Adventure,Animation",8.1,892926.0,nm0213450,Dean DeBlois,10191,ok,How to Train Your Dragon,2010-03-18,en,14.2922,165000000,495141736,Released,7.858,14295,DreamWorks Animation,United States of America
76251,76251,Kick-Ass (2010),Action|Comedy,2010.0,1250777,23483,tt1250777,movie,0.0,2010.0,117.0,"Action,Comedy,Crime",7.6,620663.0,nm0891216,Matthew Vaughn,23483,ok,Kick-Ass,2010-03-26,en,6.8555,28000000,96188903,Released,7.124,12334,Plan B Entertainment,United Kingdom
77561,77561,Iron Man 2 (2010),Action|Adventure|Sci-Fi|Thriller|IMAX,2010.0,1228705,10138,tt1228705,movie,0.0,2010.0,124.0,"Action,Sci-Fi",6.9,936905.0,nm0269463,Jon Favreau,10138,ok,Iron Man 2,2010-04-28,en,26.4834,200000000,623933331,Released,6.851,22292,Marvel Studios,United States of America
78499,78499,Toy Story 3 (2010),Adventure|Animation|Children|Comedy|Fantasy|IMAX,2010.0,435761,10193,tt0435761,movie,0.0,2010.0,103.0,"Adventure,Animation,Comedy",8.3,968938.0,nm0881279,Lee Unkrich,10193,ok,Toy Story 3,2010-06-16,en,16.4106,200000000,1067316101,Released,7.804,15653,Pixar,United States of America
79091,79091,Despicable Me (2010),Animation|Children|Comedy|Crime,2010.0,1323594,20352,tt1323594,movie,0.0,2010.0,95.0,"Adventure,Animation,Comedy",7.6,632174.0,nm1853544,Pierre Coffin,20352,ok,Despicable Me,2010-07-08,en,17.1081,69000000,543284256,Released,7.257,16003,Illumination,United States of America
79132,79132,Inception (2010),Action|Crime|Drama|Mystery|Sci-Fi|Thriller|IMAX,2010.0,1375666,27205,tt1375666,movie,0.0,2010.0,148.0,"Action,Adventure,Sci-Fi",8.8,2813777.0,nm0634240,Christopher Nolan,27205,ok,Inception,2010-07-15,en,32.5346,160000000,839030630,Released,8.372,39111,Legendary Pictures,United Kingdom
79592,79592,"Other Guys, The (2010)",Action|Comedy,2010.0,1386588,27581,tt1386588,movie,0.0,2010.0,107.0,"Action,Comedy,Crime",6.7,309427.0,nm0570912,Adam McKay,27581,ok,The Other Guys,2010-08-06,en,6.5805,100000000,170432927,Released,6.33,4552,Columbia Pictures,United States of America
79702,79702,Scott Pilgrim vs. the World (2010),Action|Comedy|Fantasy|Musical|Romance,2010.0,446029,22538,tt0446029,movie,0.0,2010.0,112.0,"Action,Comedy,Fantasy",7.5,496369.0,nm0942367,Edgar Wright,22538,ok,Scott Pilgrim vs. the World,2010-08-12,en,7.6441,73000000,51825248,Released,7.485,8529,Marc Platt Productions,Japan
80463,80463,"Social Network, The (2010)",Drama,2010.0,1285016,37799,tt1285016,movie,0.0,2010.0,120.0,"Biography,Drama",7.8,819098.0,nm0000399,David Fincher,37799,ok,The Social Network,2010-10-01,en,11.0115,40000000,224920315,Released,7.373,13095,Columbia Pictures,United States of America
80489,80489,"Town, The (2010)",Crime|Drama|Thriller,2010.0,840361,23168,tt0840361,movie,0.0,2010.0,125.0,"Crime,Drama,Thriller",7.5,447518.0,nm0000255,Ben Affleck,23168,ok,The Town,2010-09-15,en,7.4052,37000000,154026136,Released,7.2,5602,Legendary Pictures,United States of America
80549,80549,Easy A (2010),Comedy|Romance,2010.0,1282140,37735,tt1282140,movie,0.0,2010.0,92.0,"Comedy,Drama,Romance",7.0,443440.0,nm0323239,Will Gluck,37735,ok,Easy A,2010-09-16,en,6.8711,8000000,75026327,Released,6.805,7346,Screen Gems,United States of America
81229,81229,Red (2010),Action|Comedy,2010.0,1245526,39514,tt1245526,movie,0.0,2010.0,111.0,"Action,Comedy,Crime",7.0,338682.0,nm0777881,Robert Schwentke,39514,ok,RED,2010-10-13,en,8.7078,58000000,199006387,Released,6.706,7116,di Bonaventura Pictures,United States of America
81564,81564,Megamind (2010),Action|Animation|Children|Comedy|Sci-Fi|IMAX,2010.0,1001526,38055,tt1001526,movie,0.0,2010.0,95.0,"Action,Adventure,Animation",7.3,325471.0,nm0569891,Tom McGrath,38055,ok,Megamind,2010-10-28,en,10.7603,130000000,321885765,Released,7.022,7433,DreamWorks Animation,United States of America
81591,81591,Black Swan (2010),Drama|Thriller,2010.0,947798,44214,tt0947798,movie,0.0,2010.0,108.0,"Drama,Thriller",8.0,888539.0,nm0004716,Darren Aronofsky,44214,ok,Black Swan,2010-12-03,en,10.3325,13000000,329398046,Released,7.685,15495,Fox Searchlight Pictures,United States of America
81834,81834,Harry Potter and the Deathly Hallows: Part 1 (2010),Action|Adventure|Fantasy|IMAX,2010.0,926084,12444,tt0926084,movie,0.0,2010.0,146.0,"Adventure,Family,Fantasy",7.7,663769.0,nm0946734,David Yates,12444,ok,Harry Potter and the Deathly Hallows: Part 1,2010-11-17,en,19.7669,250000000,954305868,Released,7.734,20286,Warner Bros. Pictures,United Kingdom
81845,81845,"King's Speech, The (2010)",Drama,2010.0,1504320,45269,tt1504320,movie,0.0,2010.0,118.0,"Biography,Drama,History",8.0,732778.0,nm0393799,Tom Hooper,45269,ok,The King's Speech,2010-11-26,en,6.9364,15000000,414211549,Released,7.7,9265,The Weinstein Company,United Kingdom
81847,81847,Tangled (2010),Animation|Children|Comedy|Fantasy|Musical|Romance|IMAX,2010.0,398286,38757,tt0398286,movie,0.0,2010.0,100.0,"Adventure,Animation,Comedy",7.7,544691.0,nm1977355,Nathan Greno,38757,ok,Tangled,2010-11-24,en,19.4069,260000000,592461732,Released,7.61,12327,Walt Disney Animation Studios,United States of America
81932,81932,"Fighter, The (2010)",Drama,2010.0,964517,45317,tt0964517,movie,0.0,2010.0,116.0,"Action,Biography,Drama",7.8,407833.0,nm0751102,David O. Russell,45317,ok,The Fighter,2010-12-10,en,5.2393,25000000,129190869,Released,7.38,4704,The Weinstein Company,United States of America
82459,82459,True Grit (2010),Western,2010.0,1403865,44264,tt1403865,movie,0.0,2010.0,110.0,"Drama,Western",7.6,376190.0,nm0001053,Ethan Coen,44264,ok,True Grit,2010-12-22,en,6.6998,38000000,252300000,Released,7.305,5723,Scott Rudin Productions,United States of America
84152,84152,Limitless (2011),Sci-Fi|Thriller,2011.0,1219289,51876,tt1219289,movie,0.0,2011.0,105.0,"Sci-Fi,Thriller",7.4,647528.0,nm1139726,Neil Burger,51876,ok,Limitless,2011-03-17,en,11.0396,27000000,161900000,Released,7.197,11407,Relativity Media,United States of America
84954,84954,"Adjustment Bureau, The (2011)",Romance|Sci-Fi|Thriller,2011.0,1385826,38050,tt1385826,movie,0.0,2011.0,106.0,"Crime,Drama,Mystery",7.0,282542.0,nm1079776,George Nolfi,38050,ok,The Adjustment Bureau,2011-03-03,en,4.8472,50200000,127900000,Released,6.778,4887,Universal Pictures,United States of America
85414,85414,Source Code (2011),Action|Drama|Mystery|Sci-Fi|Thriller,2011.0,945513,45612,tt0945513,movie,0.0,2011.0,93.0,"Action,Drama,Mystery",7.5,582166.0,nm1512910,Duncan Jones,45612,ok,Source Code,2011-03-30,en,6.5595,32000000,147332697,Released,7.31,9059,The Mark Gordon Company,United States of America
86332,86332,Thor (2011),Action|Adventure|Drama|Fantasy|IMAX,2011.0,800369,10195,tt0800369,movie,0.0,2011.0,115.0,"Action,Fantasy",7.0,965248.0,nm0000110,Kenneth Branagh,10195,ok,Thor,2011-04-21,en,14.7038,150000000,449326618,Released,6.768,22264,Marvel Studios,United States of America
86833,86833,Bridesmaids (2011),Comedy,2011.0,1478338,55721,tt1478338,movie,0.0,2011.0,125.0,Comedy,6.8,325311.0,nm0082450,Paul Feig,55721,ok,Bridesmaids,2011-05-13,en,7.6525,32500000,288383523,Released,6.506,4656,Apatow Productions,United States of America
86880,86880,Pirates of the Caribbean: On Stranger Tides (2011),Action|Adventure|Fantasy|IMAX,2011.0,1298650,1865,tt1298650,movie,0.0,2011.0,136.0,"Action,Adventure,Fantasy",6.6,606774.0,nm0551128,Rob Marshall,1865,ok,Pirates of the Caribbean: On Stranger Tides,2011-05-15,en,14.635,379000000,1046721266,Released,6.566,14884,Walt Disney Pictures,United Kingdom
86882,86882,Midnight in Paris (2011),Comedy|Fantasy|Romance,2011.0,1605783,59436,tt1605783,movie,0.0,2011.0,94.0,"Comedy,Fantasy,Romance",7.6,471034.0,nm0000095,Woody Allen,59436,ok,Midnight in Paris,2011-05-11,en,4.6427,17000000,151119219,Released,7.514,7710,Mediapro,France
87232,87232,X-Men: First Class (2011),Action|Adventure|Sci-Fi|Thriller|War,2011.0,1270798,49538,tt1270798,movie,0.0,2011.0,131.0,"Action,Sci-Fi",7.7,763666.0,nm0891216,Matthew Vaughn,49538,ok,X-Men: First Class,2011-06-01,en,0.4733,160000000,353624124,Released,7.3,13491,The Donners' Company,United States of America
87306,87306,Super 8 (2011),Mystery|Sci-Fi|Thriller|IMAX,2011.0,1650062,37686,tt1650062,movie,0.0,2011.0,112.0,"Action,Sci-Fi,Thriller",7.0,380785.0,nm0009190,J.J. Abrams,37686,ok,Super 8,2011-06-09,en,6.1608,50000000,260100000,Released,6.775,7040,Paramount Pictures,United States of America
87869,87869,Horrible Bosses (2011),Comedy|Crime,2011.0,1499658,51540,tt1499658,movie,0.0,2011.0,98.0,"Comedy,Crime",6.9,487729.0,nm1164861,Seth Gordon,51540,ok,Horrible Bosses,2011-07-08,en,5.5316,35000000,209838559,Released,6.573,6773,New Line Cinema,United States of America
88125,88125,Harry Potter and the Deathly Hallows: Part 2 (2011),Action|Adventure|Drama|Fantasy|Mystery|IMAX,2011.0,1201607,12445,tt1201607,movie,0.0,2011.0,130.0,"Adventure,Family,Fantasy",8.1,1044793.0,nm0946734,David Yates,12445,ok,Harry Potter and the Deathly Hallows: Part 2,2011-07-12,en,18.9625,125000000,1341511219,Released,8.08,21894,Warner Bros. Pictures,United Kingdom
88129,88129,Drive (2011),Crime|Drama|Film-Noir|Thriller,2011.0,780504,64690,tt0780504,movie,0.0,2011.0,100.0,"Action,Drama",7.8,762489.0,nm0716347,Nicolas Winding Refn,64690,ok,Drive,2011-09-15,en,9.6248,15000000,79713640,Released,7.583,13550,FilmDistrict,United States of America
88140,88140,Captain America: The First Avenger (2011),Action|Adventure|Sci-Fi|Thriller|War,2011.0,458339,1771,tt0458339,movie,0.0,2011.0,124.0,"Action,Adventure,Sci-Fi",6.9,966559.0,nm0002653,Joe Johnston,1771,ok,Captain America: The First Avenger,2011-07-22,en,9.7973,140000000,370569774,Released,7.005,22653,Marvel Studios,United States of America
88163,88163,"Crazy, Stupid, Love. (2011)",Comedy|Drama|Romance,2011.0,1570728,50646,tt1570728,movie,0.0,2011.0,118.0,"Comedy,Drama,Romance",7.4,617932.0,nm0275629,Glenn Ficarra,50646,ok,"Crazy, Stupid, Love.",2011-07-29,en,10.8619,50000000,145079584,Released,7.272,9231,Warner Bros. Pictures,United States of America
88405,88405,Friends with Benefits (2011),Comedy|Romance,2011.0,1632708,50544,tt1632708,movie,0.0,2011.0,109.0,"Comedy,Romance",6.5,419866.0,nm0323239,Will Gluck,50544,ok,Friends with Benefits,2011-07-21,en,6.9442,35000000,149500000,Released,6.6,8364,Castle Rock Entertainment,United States of America
88744,88744,Rise of the Planet of the Apes (2011),Action|Drama|Sci-Fi|Thriller,2011.0,1318514,61791,tt1318514,movie,0.0,2011.0,105.0,"Action,Animation,Drama",7.6,605275.0,nm1012501,Rupert Wyatt,61791,ok,Rise of the Planet of the Apes,2011-08-03,en,9.0584,93000000,481800873,Released,7.341,12694,Dune Entertainment,United Kingdom
88810,88810,"Help, The (2011)",Drama,2011.0,1454029,50014,tt1454029,movie,0.0,2011.0,146.0,Drama,8.1,528137.0,nm0853238,Tate Taylor,50014,ok,The Help,2011-08-09,en,11.3061,25000000,216600000,Released,8.199,8978,1492 Pictures,United States of America
89492,89492,Moneyball (2011),Drama,2011.0,1210166,60308,tt1210166,movie,0.0,2011.0,133.0,"Biography,Drama,Sport",7.6,508474.0,nm0587955,Bennett Miller,60308,ok,Moneyball,2011-09-23,en,9.4796,50000000,110206216,Released,7.289,5726,Scott Rudin Productions,United States of America
89745,89745,"Avengers, The (2012)",Action|Adventure|Sci-Fi|IMAX,2012.0,848228,24428,tt0848228,movie,0.0,2012.0,143.0,"Action,Sci-Fi",8.0,1557093.0,nm0923736,Joss Whedon,24428,ok,The Avengers,2012-04-25,en,52.5169,220000000,1518815515,Released,8.014,37573,Marvel Studios,United States of America
91500,91500,The Hunger Games (2012),Action|Adventure|Drama|Sci-Fi|Thriller,2012.0,1392170,70160,tt1392170,movie,0.0,2012.0,142.0,"Action,Adventure,Sci-Fi",7.2,1080937.0,nm0002657,Gary Ross,70160,ok,The Hunger Games,2012-03-12,en,9.3008,75000000,694000000,Released,7.222,23219,Lionsgate,United States of America
91529,91529,"Dark Knight Rises, The (2012)",Action|Adventure|Crime|IMAX,2012.0,1345836,49026,tt1345836,movie,0.0,2012.0,164.0,"Action,Crime,Drama",8.4,1991992.0,nm0634240,Christopher Nolan,49026,ok,The Dark Knight Rises,2012-07-17,en,17.602,250000000,1081041287,Released,7.793,24253,Syncopy,United Kingdom
91542,91542,Sherlock Holmes: A Game of Shadows (2011),Action|Adventure|Comedy|Crime|Mystery|Thriller,2011.0,1515091,58574,tt1515091,movie,0.0,2011.0,129.0,"Action,Adventure,Mystery",7.4,502124.0,nm0005363,Guy Ritchie,58574,ok,Sherlock Holmes: A Game of Shadows,2011-11-22,en,5.1236,125000000,334615000,Released,7.1,10894,Village Roadshow Pictures,United States of America
91630,91630,Mission: Impossible - Ghost Protocol (2011),Action|Adventure|Thriller|IMAX,2011.0,1229238,56292,tt1229238,movie,0.0,2011.0,132.0,"Action,Adventure,Thriller",7.4,565054.0,nm0083348,Brad Bird,56292,ok,Mission: Impossible - Ghost Protocol,2011-12-07,en,9.7024,145000000,694713380,Released,7.111,10721,Paramount Pictures,United States of America
91658,91658,"Girl with the Dragon Tattoo, The (2011)",Drama|Thriller,2011.0,1568346,65754,tt1568346,movie,0.0,2011.0,158.0,"Crime,Drama,Mystery",7.8,528006.0,nm0000399,David Fincher,65754,ok,The Girl with the Dragon Tattoo,2011-12-14,en,7.0622,90000000,232617430,Released,7.383,7561,Columbia Pictures,Sweden
92259,92259,Intouchables (2011),Comedy|Drama,2011.0,1675434,77338,tt1675434,movie,0.0,2011.0,112.0,"Comedy,Drama",8.5,1026372.0,nm0619923,Olivier Nakache,77338,ok,The Intouchables,2011-11-02,fr,19.8315,13000000,426590315,Released,8.269,18350,Gaumont,France
93510,93510,21 Jump Street (2012),Action|Comedy|Crime,2012.0,1232829,64688,tt1232829,movie,0.0,2012.0,109.0,"Action,Comedy,Crime",7.2,645754.0,nm0520488,Phil Lord,64688,ok,21 Jump Street,2012-03-14,en,8.5884,42000000,201585328,Released,6.886,10970,Columbia Pictures,United States of America
93840,93840,"Cabin in the Woods, The (2012)",Comedy|Horror|Sci-Fi|Thriller,2012.0,1259521,22970,tt1259521,movie,0.0,2011.0,95.0,"Horror,Mystery,Thriller",7.0,489929.0,nm1206844,Drew Goddard,22970,ok,The Cabin in the Woods,2012-04-12,en,7.2768,30000000,71038838,Released,6.648,8490,Mutant Enemy Productions,United States of America
94864,94864,Prometheus (2012),Action|Horror|Sci-Fi|IMAX,2012.0,1446714,70981,tt1446714,movie,0.0,2012.0,124.0,"Adventure,Sci-Fi",7.0,699255.0,nm0000631,Ridley Scott,70981,ok,Prometheus,2012-05-30,en,8.824,130000000,403354469,Released,6.594,13194,Dune Entertainment,United States of America
94959,94959,Moonrise Kingdom (2012),Comedy|Drama|Romance,2012.0,1748122,83666,tt1748122,movie,0.0,2012.0,94.0,"Adventure,Comedy,Drama",7.7,382856.0,nm0027572,Wes Anderson,83666,ok,Moonrise Kingdom,2012-05-16,en,5.0353,16000000,68263166,Released,7.676,6301,Indian Paintbrush,United States of America
95167,95167,Brave (2012),Action|Adventure|Animation|Children,2012.0,1217209,62177,tt1217209,movie,0.0,2012.0,93.0,"Action,Adventure,Animation",7.1,478690.0,nm0028764,Mark Andrews,62177,ok,Brave,2012-06-21,en,20.4162,185000000,538983207,Released,7.022,14106,Pixar,United States of America
95441,95441,Ted (2012),Comedy|Fantasy,2012.0,1637725,72105,tt1637725,movie,0.0,2012.0,106.0,Comedy,6.9,709643.0,nm0532235,Seth MacFarlane,72105,ok,Ted,2012-06-29,en,14.6455,50000000,549368315,Released,6.448,13104,Universal Pictures,United States of America
95510,95510,"Amazing Spider-Man, The (2012)",Action|Adventure|Sci-Fi|IMAX,2012.0,948470,1930,tt0948470,movie,0.0,2012.0,136.0,"Action,Sci-Fi",6.9,764821.0,nm1989536,Marc Webb,1930,ok,The Amazing Spider-Man,2012-06-23,en,16.0578,215000000,758725893,Released,6.732,18427,Marvel Entertainment,United States of America
96079,96079,Skyfall (2012),Action|Adventure|Thriller|IMAX,2012.0,1074638,37724,tt1074638,movie,0.0,2012.0,143.0,"Action,Adventure,Thriller",7.8,772445.0,nm0005222,Sam Mendes,37724,ok,Skyfall,2012-10-24,en,7.1868,200000000,1108594176,Released,7.26,16072,Metro-Goldwyn-Mayer,United Kingdom
96588,96588,Pitch Perfect (2012),Comedy|Musical,2012.0,1981677,114150,tt1981677,movie,0.0,2012.0,112.0,"Comedy,Music,Romance",7.1,350893.0,nm0601337,Jason Moore,114150,ok,Pitch Perfect,2012-09-28,en,9.1768,17000000,115647426,Released,7.273,6848,Brownstone Productions,United States of America
96610,96610,Looper (2012),Action|Crime|Sci-Fi,2012.0,1276104,59967,tt1276104,movie,0.0,2012.0,119.0,"Action,Drama,Sci-Fi",7.4,628236.0,nm0426059,Rian Johnson,59967,ok,Looper,2012-09-26,en,6.6386,30000000,47042000,Released,6.907,10841,Endgame Entertainment,United States of America
96821,96821,"Perks of Being a Wallflower, The (2012)",Drama|Romance,2012.0,1659337,84892,tt1659337,movie,0.0,2012.0,103.0,Drama,7.9,595605.0,nm0154716,Stephen Chbosky,84892,ok,The Perks of Being a Wallflower,2012-09-20,en,7.0601,13000000,33384127,Released,7.802,11158,Mr. Mudd,United States of America
97304,97304,Argo (2012),Drama|Thriller,2012.0,1024648,68734,tt1024648,movie,0.0,2012.0,120.0,"Biography,Drama,History",7.7,666334.0,nm0000255,Ben Affleck,68734,ok,Argo,2012-10-11,en,5.8911,44500000,232300000,Released,7.285,8910,GK Films,United States of America
97913,97913,Wreck-It Ralph (2012),Animation|Comedy,2012.0,1772341,82690,tt1772341,movie,0.0,2012.0,101.0,"Adventure,Animation,Comedy",7.7,498267.0,nm0601781,Rich Moore,82690,ok,Wreck-It Ralph,2012-11-01,en,13.1911,165000000,471222889,Released,7.356,13026,Walt Disney Animation Studios,United States of America
97921,97921,Silver Linings Playbook (2012),Comedy|Drama,2012.0,1045658,82693,tt1045658,movie,0.0,2012.0,122.0,"Comedy,Drama,Romance",7.7,773152.0,nm0751102,David O. Russell,82693,ok,Silver Linings Playbook,2012-11-16,en,10.3576,21000000,236412453,Released,7.151,12611,The Weinstein Company,United States of America
97938,97938,Life of Pi (2012),Adventure|Drama|IMAX,2012.0,454876,87827,tt0454876,movie,0.0,2012.0,127.0,"Adventure,Drama,Fantasy",7.9,699935.0,nm0000487,Ang Lee,87827,ok,Life of Pi,2012-11-20,en,8.9298,120000000,609016565,Released,7.408,13720,Fox 2000 Pictures,United States of America
98809,98809,"Hobbit: An Unexpected Journey, The (2012)",Adventure|Fantasy|IMAX,2012.0,903624,49051,tt0903624,movie,0.0,2012.0,169.0,"Adventure,Fantasy",7.8,927059.0,nm0001392,Peter Jackson,49051,ok,The Hobbit: An Unexpected Journey,2012-12-12,en,17.507,250000000,1021103568,Released,7.371,19550,New Line Cinema,New Zealand
99114,99114,Django Unchained (2012),Action|Drama|Western,2012.0,1853728,68718,tt1853728,movie,0.0,2012.0,165.0,"Drama,Western",8.5,1880989.0,nm0000233,Quentin Tarantino,68718,ok,Django Unchained,2012-12-25,en,15.3254,100000000,425368238,Released,8.19,27911,The Weinstein Company,United States of America
101864,101864,Oblivion (2013),Action|Adventure|Sci-Fi|IMAX,2013.0,1483013,75612,tt1483013,movie,0.0,2013.0,124.0,"Action,Adventure,Sci-Fi",7.0,585915.0,nm2676052,Joseph Kosinski,75612,ok,Oblivion,2013-04-10,en,6.9765,120000000,286168572,Released,6.675,11445,Universal Pictures,United States of America
102125,102125,Iron Man 3 (2013),Action|Sci-Fi|Thriller|IMAX,2013.0,1300854,68721,tt1300854,movie,0.0,2013.0,130.0,"Action,Adventure,Sci-Fi",7.1,965079.0,nm0000948,Shane Black,68721,ok,Iron Man 3,2013-04-18,en,18.1434,200000000,1215577205,Released,6.931,23351,Marvel Studios,United States of America
102407,102407,"Great Gatsby, The (2013)",Drama,2013.0,1343092,64682,tt1343092,movie,0.0,2013.0,143.0,"Drama,Romance",7.2,642495.0,nm0525303,Baz Luhrmann,64682,ok,The Great Gatsby,2013-05-09,en,7.702,105000000,351040419,Released,7.352,12914,Warner Bros. Pictures,United States of America
102445,102445,Star Trek Into Darkness (2013),Action|Adventure|Sci-Fi|IMAX,2013.0,1408101,54138,tt1408101,movie,0.0,2013.0,132.0,"Action,Adventure,Sci-Fi",7.7,510255.0,nm0009190,J.J. Abrams,54138,ok,Star Trek Into Darkness,2013-05-05,en,6.6518,190000000,467381584,Released,7.319,9616,Bad Robot,United States of America
102903,102903,Now You See Me (2013),Crime|Mystery|Thriller,2013.0,1670345,75656,tt1670345,movie,0.0,2013.0,115.0,"Crime,Mystery,Thriller",7.2,770151.0,nm0504642,Louis Leterrier,75656,ok,Now You See Me,2013-05-29,en,14.1034,75000000,351723989,Released,7.331,16707,Summit Entertainment,United States of America
103042,103042,Man of Steel (2013),Action|Adventure|Fantasy|Sci-Fi|IMAX,2013.0,770828,49521,tt0770828,movie,0.0,2013.0,143.0,"Action,Adventure,Sci-Fi",7.1,866271.0,nm0811583,Zack Snyder,49521,ok,Man of Steel,2013-06-12,en,13.981,225000000,668045518,Released,6.642,16113,Syncopy,United Kingdom
104211,104211,We're the Millers (2013),Comedy|Crime,2013.0,1723121,138832,tt1723121,movie,0.0,2013.0,110.0,"Comedy,Crime",7.0,524199.0,nm1098493,Rawson Marshall Thurber,138832,ok,We're the Millers,2013-08-07,en,9.5828,37000000,270000000,Released,6.84,9420,New Line Cinema,United Kingdom
104841,104841,Gravity (2013),Action|Sci-Fi|IMAX,2013.0,1454468,49047,tt1454468,movie,0.0,2013.0,91.0,"Drama,Sci-Fi,Thriller",7.7,899708.0,nm0190859,Alfonso Cuarón,49047,ok,Gravity,2013-10-03,en,7.568,105000000,723192705,Released,7.168,16269,Esperanto Filmoj,United Kingdom
105504,105504,Captain Phillips (2013),Adventure|Drama|Thriller|IMAX,2013.0,1535109,109424,tt1535109,movie,0.0,2013.0,134.0,"Action,Biography,Crime",7.8,519035.0,nm0339030,Paul Greengrass,109424,ok,Captain Phillips,2013-10-10,en,6.1732,55000000,218791811,Released,7.539,7450,Columbia Pictures,United States of America
106072,106072,Thor: The Dark World (2013),Action|Adventure|Fantasy|IMAX,2013.0,1981115,76338,tt1981115,movie,0.0,2013.0,112.0,"Action,Adventure,Animation",6.7,777173.0,nm0851930,Alan Taylor,76338,ok,Thor: The Dark World,2013-10-30,en,11.2054,170000000,644783140,Released,6.509,18267,Marvel Studios,United States of America
106487,106487,The Hunger Games: Catching Fire (2013),Action|Adventure|Sci-Fi|IMAX,2013.0,1951264,101299,tt1951264,movie,0.0,2013.0,146.0,"Action,Adventure,Sci-Fi",7.5,773170.0,nm1349376,Francis Lawrence,101299,ok,The Hunger Games: Catching Fire,2013-11-15,en,11.2132,130000000,865011746,Released,7.427,18374,Lionsgate,United States of America
106489,106489,"Hobbit: The Desolation of Smaug, The (2013)",Adventure|Fantasy|IMAX,2013.0,1170358,57158,tt1170358,movie,0.0,2013.0,161.0,"Adventure,Fantasy",7.8,753127.0,nm0001392,Peter Jackson,57158,ok,The Hobbit: The Desolation of Smaug,2013-12-11,en,13.5317,250000000,958400000,Released,7.577,14130,New Line Cinema,New Zealand
106696,106696,Frozen (2013),Adventure|Animation|Comedy|Fantasy|Musical|Romance,2013.0,2294629,109445,tt2294629,movie,0.0,2013.0,102.0,"Adventure,Animation,Comedy",7.4,712742.0,nm0118333,Chris Buck,109445,ok,Frozen,2013-11-20,en,18.7965,150000000,1274219009,Released,7.247,17515,Walt Disney Animation Studios,United States of America
106782,106782,"Wolf of Wall Street, The (2013)",Comedy|Crime|Drama,2013.0,993846,106646,tt0993846,movie,0.0,2013.0,180.0,"Biography,Comedy,Crime",8.2,1785255.0,nm0000217,Martin Scorsese,106646,ok,The Wolf of Wall Street,2013-12-25,en,24.162,100000000,407038432,Released,8.027,25815,Red Granite Pictures,United States of America
106918,106918,"Secret Life of Walter Mitty, The (2013)",Adventure|Comedy|Drama,2013.0,359950,116745,tt0359950,movie,0.0,2013.0,114.0,"Adventure,Comedy,Drama",7.3,371197.0,nm0001774,Ben Stiller,116745,ok,The Secret Life of Walter Mitty,2013-12-18,en,7.5318,90000000,188133322,Released,7.217,8203,Samuel Goldwyn Films,United Kingdom
106920,106920,Her (2013),Drama|Romance|Sci-Fi,2013.0,1798709,152601,tt1798709,movie,0.0,2013.0,126.0,"Drama,Romance,Sci-Fi",8.0,726251.0,nm0005069,Spike Jonze,152601,ok,Her,2013-12-18,en,12.2803,23000000,47351251,Released,7.84,15239,Annapurna Pictures,United States of America
107406,107406,Snowpiercer (2013),Action|Drama|Sci-Fi,2013.0,1706620,110415,tt1706620,movie,0.0,2013.0,126.0,"Action,Sci-Fi,Thriller",7.1,420436.0,nm0094435,Bong Joon Ho,110415,ok,Snowpiercer,2013-08-01,ko,9.5577,39200000,86758912,Released,6.908,10373,Opus Pictures,South Korea
108932,108932,The Lego Movie (2014),Action|Adventure|Animation|Children|Comedy|Fantasy,2014.0,1490017,137106,tt1490017,movie,0.0,2014.0,100.0,"Action,Adventure,Animation",7.7,415580.0,nm0520488,Phil Lord,137106,ok,The Lego Movie,2014-02-06,en,14.4595,60000000,470759687,Released,7.421,8417,Lin Pictures,United States of America
109374,109374,"Grand Budapest Hotel, The (2014)",Comedy|Drama,2014.0,2278388,120467,tt2278388,movie,0.0,2014.0,99.0,"Comedy,Drama",8.1,970121.0,nm0027572,Wes Anderson,120467,ok,The Grand Budapest Hotel,2014-02-26,en,12.1308,30000000,174600318,Released,8.029,16010,Fox Searchlight Pictures,United States of America
109487,109487,Interstellar (2014),Sci-Fi|IMAX,2014.0,816692,157336,tt0816692,movie,0.0,2014.0,169.0,"Adventure,Drama,Sci-Fi",8.7,2524464.0,nm0634240,Christopher Nolan,157336,ok,Interstellar,2014-11-05,en,64.0905,165000000,746606706,Released,8.471,39546,Legendary Pictures,United Kingdom
110102,110102,Captain America: The Winter Soldier (2014),Action|Adventure|Sci-Fi|IMAX,2014.0,1843866,100402,tt1843866,movie,0.0,2014.0,136.0,"Action,Adventure,Sci-Fi",7.7,971021.0,nm0751577,Anthony Russo,100402,ok,Captain America: The Winter Soldier,2014-03-20,en,8.0884,170000000,714766572,Released,7.653,19922,Marvel Studios,United States of America
111362,111362,X-Men: Days of Future Past (2014),Action|Adventure|Sci-Fi,2014.0,1877832,127585,tt1877832,movie,0.0,2014.0,132.0,"Action,Adventure,Sci-Fi",7.9,787600.0,nm0001741,Bryan Singer,127585,ok,X-Men: Days of Future Past,2014-05-15,en,11.1006,250000000,748045700,Released,7.53,16188,Bad Hat Harry Productions,United States of America
111759,111759,Edge of Tomorrow (2014),Action|Sci-Fi|IMAX,2014.0,1631867,137113,tt1631867,movie,0.0,2014.0,113.0,"Action,Adventure,Sci-Fi",7.9,803863.0,nm0510731,Doug Liman,137113,ok,Edge of Tomorrow,2014-05-27,en,11.1289,178000000,370541256,Released,7.637,14972,RatPac Entertainment,United States of America
112183,112183,Birdman: Or (The Unexpected Virtue of Ignorance) (2014),Comedy|Drama,2014.0,2562232,194662,tt2562232,movie,0.0,2014.0,119.0,"Comedy,Drama",7.7,698306.0,nm0327944,Alejandro G. Iñárritu,194662,ok,Birdman or (The Unexpected Virtue of Ignorance),2014-10-17,en,7.5725,18000000,103215094,Released,7.443,13534,TSG Entertainment,United States of America
112552,112552,Whiplash (2014),Drama,2014.0,2582802,244786,tt2582802,movie,0.0,2014.0,106.0,"Drama,Music",8.5,1152979.0,nm3227090,Damien Chazelle,244786,ok,Whiplash,2014-10-10,en,22.6028,3300000,50307484,Released,8.374,16542,Bold Films,United States of America
112556,112556,Gone Girl (2014),Drama|Thriller,2014.0,2267998,210577,tt2267998,movie,0.0,2014.0,149.0,"Drama,Mystery,Thriller",8.1,1167662.0,nm0000399,David Fincher,210577,ok,Gone Girl,2014-10-01,en,16.3214,61000000,370890259,Released,7.89,19872,20th Century Fox,United States of America
112852,112852,Guardians of the Galaxy (2014),Action|Adventure|Sci-Fi,2014.0,2015381,118340,tt2015381,movie,0.0,2014.0,121.0,"Action,Adventure,Comedy",8.0,1362870.0,nm0348181,James Gunn,118340,ok,Guardians of the Galaxy,2014-07-30,en,9.4016,170000000,772776600,Released,7.905,29601,Marvel Studios,United States of America
115149,115149,John Wick (2014),Action|Thriller,2014.0,2911666,245891,tt2911666,movie,0.0,2014.0,101.0,"Action,Crime,Thriller",7.5,827256.0,nm0821432,Chad Stahelski,245891,ok,John Wick,2014-10-22,en,13.442,20000000,86085191,Released,7.453,20732,87Eleven,United States of America
115617,115617,Big Hero 6 (2014),Action|Animation|Comedy,2014.0,2245084,177572,tt2245084,movie,0.0,2014.0,102.0,"Action,Adventure,Animation",7.8,552708.0,nm2320658,Don Hall,177572,ok,Big Hero 6,2014-10-24,en,21.1457,165000000,657870525,Released,7.724,16508,Walt Disney Animation Studios,United States of America
115713,115713,Ex Machina (2015),Drama|Sci-Fi|Thriller,2015.0,470752,264660,tt0470752,movie,0.0,2014.0,108.0,"Drama,Sci-Fi,Thriller",7.7,638851.0,nm0307497,Alex Garland,264660,ok,Ex Machina,2015-01-21,en,8.0481,15000000,36869414,Released,7.574,14194,DNA Films,United Kingdom
116797,116797,The Imitation Game (2014),Drama|Thriller|War,2014.0,2084970,205596,tt2084970,movie,0.0,2014.0,114.0,"Biography,Drama,Thriller",8.0,877305.0,nm0878763,Morten Tyldum,205596,ok,The Imitation Game,2014-11-14,en,15.7185,14000000,233555708,Released,7.985,18011,Bristol Automotive,United States of America
116823,116823,The Hunger Games: Mockingjay - Part 1 (2014),Adventure|Sci-Fi|Thriller,2014.0,1951265,131631,tt1951265,movie,0.0,2014.0,123.0,"Action,Adventure,Sci-Fi",6.6,545840.0,nm1349376,Francis Lawrence,131631,ok,The Hunger Games: Mockingjay - Part 1,2014-11-19,en,12.8447,125000000,755356711,Released,6.816,16676,Lionsgate,United States of America
117529,117529,Jurassic World (2015),Action|Adventure|Drama|Sci-Fi|Thriller,2015.0,369610,135397,tt0369610,movie,0.0,2015.0,124.0,"Action,Adventure,Sci-Fi",6.9,728944.0,nm1119880,Colin Trevorrow,135397,ok,Jurassic World,2015-06-06,en,10.3121,150000000,1671537444,Released,6.698,21501,Amblin Entertainment,United States of America
119145,119145,Kingsman: The Secret Service (2015),Action|Adventure|Comedy|Crime,2015.0,2802144,207703,tt2802144,movie,0.0,2014.0,129.0,"Action,Adventure,Comedy",7.7,776356.0,nm0891216,Matthew Vaughn,207703,ok,Kingsman: The Secret Service,2015-01-24,en,13.6167,81000000,414351546,Released,7.619,17755,20th Century Fox,United Kingdom
122882,122882,Mad Max: Fury Road (2015),Action|Adventure|Sci-Fi|Thriller,2015.0,1392190,76341,tt1392190,movie,0.0,2015.0,120.0,"Action,Adventure,Sci-Fi",8.1,1205422.0,nm0004306,George Miller,76341,ok,Mad Max: Fury Road,2015-05-13,en,16.0742,150000000,378858340,Released,7.632,23988,Warner Bros. Pictures,Australia
122886,122886,Star Wars: Episode VII - The Force Awakens (2015),Action|Adventure|Fantasy|Sci-Fi|IMAX,2015.0,2488496,140607,tt2488496,movie,0.0,2015.0,138.0,"Action,Adventure,Sci-Fi",7.7,1025088.0,nm0009190,J.J. Abrams,140607,ok,Star Wars: The Force Awakens,2015-12-15,en,12.2283,245000000,2068223624,Released,7.25,20468,Lucasfilm Ltd.,United States of America
122892,122892,Avengers: Age of Ultron (2015),Action|Adventure|Sci-Fi,2015.0,2395427,99861,tt2395427,movie,0.0,2015.0,141.0,"Action,Adventure,Sci-Fi",7.3,999986.0,nm0923736,Joss Whedon,99861,ok,Avengers: Age of Ultron,2015-04-22,en,22.8654,235000000,1405403694,Released,7.27,24331,Marvel Studios,United States of America
122900,122900,Ant-Man (2015),Action|Adventure|Sci-Fi,2015.0,478970,102899,tt0478970,movie,0.0,2015.0,117.0,"Action,Comedy,Sci-Fi",7.2,779534.0,nm0715636,Peyton Reed,102899,ok,Ant-Man,2015-07-14,en,11.8749,130000000,519311965,Released,7.065,20802,Marvel Studios,United States of America
122904,122904,Deadpool (2016),Action|Adventure|Comedy|Sci-Fi,2016.0,1431045,293660,tt1431045,movie,0.0,2016.0,108.0,"Action,Comedy,Sci-Fi",8.0,1252779.0,nm1783265,Tim Miller,293660,ok,Deadpool,2016-02-09,en,17.9204,58000000,782837347,Released,7.623,32633,20th Century Fox,United States of America
122916,122916,Thor: Ragnarok (2017),Action|Adventure|Sci-Fi,2017.0,3501632,284053,tt3501632,movie,0.0,2017.0,130.0,"Action,Adventure,Comedy",7.9,893982.0,nm0169806,Taika Waititi,284053,ok,Thor: Ragnarok,2017-10-02,en,15.6727,180000000,855301806,Released,7.581,21928,Marvel Studios,United States of America
122918,122918,Guardians of the Galaxy 2 (2017),Action|Adventure|Sci-Fi,2017.0,3896198,283995,tt3896198,movie,0.0,2017.0,136.0,"Action,Adventure,Comedy",7.6,828451.0,nm0348181,James Gunn,283995,ok,Guardians of the Galaxy Vol. 2,2017-04-19,en,17.3281,200000000,863756051,Released,7.609,22849,Marvel Studios,United States of America
122920,122920,Captain America: Civil War (2016),Action|Sci-Fi|Thriller,2016.0,3498820,271110,tt3498820,movie,0.0,2016.0,147.0,"Action,Sci-Fi",7.8,926428.0,nm0751577,Anthony Russo,271110,ok,Captain America: Civil War,2016-04-27,en,18.4576,250000000,1155046416,Released,7.448,23947,Marvel Studios,United States of America
122922,122922,Doctor Strange (2016),Action|Adventure|Sci-Fi,2016.0,1211837,284052,tt1211837,movie,0.0,2016.0,115.0,"Action,Adventure,Fantasy",7.5,879017.0,nm0220600,Scott Derrickson,284052,ok,Doctor Strange,2016-10-25,en,12.014,180000000,676343174,Released,7.419,23352,Marvel Studios,United States of America
134130,134130,The Martian (2015),Adventure|Drama|Sci-Fi,2015.0,3659388,286217,tt3659388,movie,0.0,2015.0,144.0,"Adventure,Drama,Sci-Fi",8.0,1011550.0,nm0000631,Ridley Scott,286217,ok,The Martian,2015-09-30,en,14.559,108000000,631058917,Released,7.695,21104,Genre Films,United States of America
134853,134853,Inside Out (2015),Adventure|Animation|Children|Comedy|Drama|Fantasy,2015.0,2096673,150540,tt2096673,movie,0.0,2015.0,95.0,"Adventure,Animation,Comedy",8.1,914062.0,nm0230032,Pete Docter,150540,ok,Inside Out,2015-06-17,en,23.0739,175000000,857611174,Released,7.91,23378,Pixar,United States of America
139385,139385,The Revenant (2015),Adventure|Drama,2015.0,1663202,281957,tt1663202,movie,0.0,2015.0,156.0,"Action,Drama,Western",8.0,949077.0,nm0327944,Alejandro G. Iñárritu,281957,ok,The Revenant,2015-12-25,en,10.7517,135000000,532950503,Released,7.54,19238,Monarchy Enterprises S.a.r.l.,Canada
148626,148626,"Big Short, The (2015)",Drama,2015.0,1596363,318846,tt1596363,movie,0.0,2015.0,130.0,"Biography,Comedy,Drama",7.8,539046.0,nm0570912,Adam McKay,318846,ok,The Big Short,2015-12-11,en,8.3623,28000000,133346506,Released,7.365,9797,Paramount Pictures,United States of America
152081,152081,Zootopia (2016),Action|Adventure|Animation|Children|Comedy,2016.0,2948356,269149,tt2948356,movie,0.0,2016.0,108.0,"Action,Adventure,Animation",8.0,635306.0,nm0397174,Byron Howard,269149,ok,Zootopia,2016-02-11,en,22.7252,150000000,1025521689,Released,7.76,17993,Walt Disney Animation Studios,United States of America
164179,164179,Arrival (2016),Sci-Fi,2016.0,2543164,329865,tt2543164,movie,0.0,2016.0,116.0,"Drama,Mystery,Sci-Fi",7.9,862605.0,nm0898288,Denis Villeneuve,329865,ok,Arrival,2016-11-10,en,13.5163,47000000,203388186,Released,7.625,19243,FilmNation Entertainment,United States of America
166528,166528,Rogue One: A Star Wars Story (2016),Action|Adventure|Fantasy|Sci-Fi,2016.0,3748528,330459,tt3748528,movie,0.0,2016.0,133.0,"Action,Adventure,Sci-Fi",7.8,754897.0,nm2284484,Gareth Edwards,330459,ok,Rogue One: A Star Wars Story,2016-12-14,en,9.3362,200000000,1056057273,Released,7.505,16328,Lucasfilm Ltd.,United States of America
168252,168252,Logan (2017),Action|Sci-Fi,2017.0,3315342,263115,tt3315342,movie,0.0,2017.0,137.0,"Action,Drama,Sci-Fi",8.1,925273.0,nm0003506,James Mangold,263115,ok,Logan,2017-02-28,en,13.395,97000000,619021436,Released,7.819,20322,Hutch Parker Entertainment,United States of America
